step,phase,gpu_util,cpu_util,gpu_mem_gb,cpu_mem_gb,ram_gb,io_read_gb,io_write_gb
1,forward,7,0.0,1.634533376,4.754587648,16.376123392,0.013139968,0.0
1,backward,7,93.4,1.745682432,4.774350848,16.376393728,0.0137216,0.0
1,optimizer,18,93.9,1.781334016,4.780916736,16.37685248,0.014249984,0.0
2,forward,18,158.3,1.781334016,4.77999104,16.376070144,0.01820672,0.0
2,backward,18,105.3,1.781334016,4.77999104,16.376070144,0.01820672,0.0
2,optimizer,18,0.0,1.781334016,4.77999104,16.376070144,0.018223104,0.0
3,forward,11,229.2,1.781334016,4.780343296,16.375037952,0.022204416,0.0
3,backward,11,104.9,1.781334016,4.780343296,16.375037952,0.022204416,0.0
3,optimizer,11,0.0,1.781334016,4.780343296,16.375037952,0.022216704,0.0
4,forward,11,207.5,1.781334016,4.780613632,16.375037952,0.026140672,0.0
4,backward,11,79.4,1.781334016,4.780613632,16.374976512,0.026140672,0.0
4,optimizer,11,501.9,1.781334016,4.780613632,16.374976512,0.026144768,0.0
5,forward,11,149.2,1.781334016,4.779421696,16.375492608,0.030117888,0.0
5,backward,71,109.1,1.781334016,4.779421696,16.375492608,0.030117888,0.0
5,optimizer,71,0.0,1.781334016,4.779421696,16.375492608,0.030121984,0.0
6,forward,71,188.5,1.781334016,4.77956096,16.375492608,0.034025472,0.0
6,backward,71,106.0,1.781334016,4.77956096,16.375750656,0.034025472,0.0
6,optimizer,71,0.0,1.781334016,4.77956096,16.375750656,0.03403776,0.0
7,forward,71,207.6,1.781334016,4.779462656,16.37523456,0.037961728,0.0
7,backward,71,106.6,1.781334016,4.779462656,16.37523456,0.037961728,0.0
7,optimizer,71,0.0,1.781334016,4.779462656,16.37523456,0.037961728,0.0
8,forward,71,215.8,1.781334016,4.779925504,16.37523456,0.041857024,0.0
8,backward,76,82.0,1.781334016,4.779925504,16.374976512,0.041857024,0.0
8,optimizer,76,0.0,1.781334016,4.779925504,16.374976512,0.041857024,0.0
9,forward,76,184.8,1.781334016,4.78007296,16.374976512,0.045797376,0.0
9,backward,76,106.8,1.781334016,4.78007296,16.374976512,0.045797376,0.0
9,optimizer,76,0.0,1.781334016,4.78007296,16.374976512,0.045797376,0.0
10,forward,76,220.2,1.781334016,4.78038016,16.374976512,0.049676288,0.0
10,backward,76,82.6,1.781334016,4.78038016,16.374607872,0.049676288,0.0
10,optimizer,76,0.0,1.781334016,4.78038016,16.374607872,0.04970496,0.0
11,forward,71,214.6,1.781334016,4.780228608,16.374607872,0.053608448,0.0
11,backward,71,80.1,1.781334016,4.780228608,16.374607872,0.053608448,0.0
11,optimizer,71,543.7,1.781334016,4.780228608,16.374607872,0.053608448,0.0
12,forward,71,154.0,1.781334016,4.779667456,16.374349824,0.05750784,0.0
12,backward,71,108.9,1.781334016,4.779667456,16.374546432,0.05750784,0.0
12,optimizer,71,0.0,1.781334016,4.779667456,16.374546432,0.05750784,0.0
13,forward,71,195.2,1.781334016,4.77923328,16.374546432,0.061415424,0.0
13,backward,71,110.4,1.781334016,4.77923328,16.374546432,0.061415424,0.0
13,optimizer,71,0.0,1.781334016,4.77923328,16.374546432,0.06141952,0.0
14,forward,69,142.5,1.781334016,4.77906944,16.374546432,0.065368064,0.0
14,backward,69,107.1,1.781334016,4.77906944,16.374546432,0.065368064,0.0
14,optimizer,69,0.0,1.781334016,4.77906944,16.374546432,0.065368064,0.0
15,forward,69,217.0,1.781334016,4.779728896,16.374546432,0.069246976,0.0
15,backward,69,108.5,1.781334016,4.779728896,16.374546432,0.069246976,0.0
15,optimizer,69,0.0,1.781334016,4.779728896,16.374546432,0.069246976,0.0
16,forward,69,176.0,1.781334016,4.779388928,16.374546432,0.073166848,0.0
16,backward,72,109.6,1.781334016,4.779388928,16.374546432,0.073166848,0.0
16,optimizer,72,0.0,1.781334016,4.779388928,16.374546432,0.073166848,0.0
17,forward,72,210.0,1.781334016,4.778364928,16.37474304,0.077070336,0.0
17,backward,72,80.8,1.781334016,4.778364928,16.375001088,0.077070336,0.0
17,optimizer,72,422.4,1.781334016,4.778364928,16.375001088,0.07708672,0.0
18,forward,72,227.9,1.781334016,4.778196992,16.373968896,0.080961536,0.0
18,backward,72,82.2,1.781334016,4.778196992,16.374194176,0.080961536,0.0
18,optimizer,72,0.0,1.781334016,4.778196992,16.374194176,0.080990208,0.0
19,forward,72,192.0,1.781334016,4.778102784,16.374194176,0.08484864,0.0
19,backward,78,106.0,1.781334016,4.778102784,16.374194176,0.08484864,0.0
19,optimizer,78,0.0,1.781334016,4.778102784,16.374194176,0.084897792,0.0
20,forward,78,170.8,1.781334016,4.778840064,16.37367808,0.088838144,0.0
20,backward,78,108.6,1.781334016,4.778840064,16.37367808,0.088838144,0.0
20,optimizer,78,0.0,1.781334016,4.778840064,16.37367808,0.088838144,0.0
21,forward,78,186.9,1.781334016,4.777877504,16.37367808,0.092680192,0.0
21,backward,78,109.7,1.781334016,4.777877504,16.37367808,0.092680192,0.0
21,optimizer,78,0.0,1.781334016,4.777877504,16.37367808,0.09271296,0.0
22,forward,70,198.8,1.781334016,4.779085824,16.37367808,0.096587776,0.0
22,backward,70,81.5,1.781334016,4.779085824,16.373936128,0.096587776,0.0
22,optimizer,70,467.5,1.781334016,4.779085824,16.373936128,0.096600064,0.0
23,forward,70,185.6,1.781334016,4.777979904,16.373936128,0.100507648,0.0
23,backward,70,109.7,1.781334016,4.777979904,16.373936128,0.100507648,0.0
23,optimizer,70,0.0,1.781334016,4.777979904,16.373936128,0.100507648,0.0
24,forward,70,188.7,1.781334016,4.77878272,16.373936128,0.104402944,0.0
24,backward,70,80.6,1.781334016,4.77878272,16.37367808,0.104402944,0.0
24,optimizer,70,0.0,1.781334016,4.77878272,16.37367808,0.104402944,0.0
25,forward,72,187.4,1.781334016,4.778672128,16.373420032,0.108322816,0.0
25,backward,72,109.5,1.781334016,4.778672128,16.373936128,0.108322816,0.0
25,optimizer,72,0.0,1.781334016,4.778672128,16.373936128,0.108335104,0.0
26,forward,72,182.4,1.781334016,4.77724672,16.373936128,0.112234496,0.0
26,backward,72,106.4,1.781334016,4.77724672,16.373936128,0.112234496,0.0
26,optimizer,72,0.0,1.781334016,4.77724672,16.373936128,0.112234496,0.0
27,forward,72,185.2,1.781334016,4.777119744,16.373936128,0.116125696,0.0
27,backward,72,136.1,1.781334016,4.777119744,16.373936128,0.116125696,0.0
27,optimizer,72,0.0,1.781334016,4.777119744,16.373936128,0.116129792,0.0
28,forward,71,161.1,1.781334016,4.778123264,16.373936128,0.120041472,0.0
28,backward,71,107.6,1.781334016,4.778123264,16.373936128,0.120041472,0.0
28,optimizer,71,0.0,1.781334016,4.778123264,16.373936128,0.120057856,0.0
29,forward,71,211.0,1.781334016,4.77759488,16.373936128,0.123981824,0.0
29,backward,71,80.9,1.781334016,4.77759488,16.373936128,0.123981824,0.0
29,optimizer,71,0.0,1.781334016,4.77759488,16.373936128,0.123981824,0.0
30,forward,71,202.5,1.781334016,4.777484288,16.373936128,0.12791808,0.0
30,backward,74,109.4,1.781334016,4.777484288,16.373936128,0.12791808,0.0
30,optimizer,74,0.0,1.781334016,4.777484288,16.373936128,0.127922176,0.0
31,forward,74,184.4,1.781334016,4.777586688,16.373420032,0.131801088,0.0
31,backward,74,106.0,1.781334016,4.777586688,16.373420032,0.131801088,0.0
31,optimizer,74,0.0,1.781334016,4.777586688,16.373420032,0.131801088,0.0
32,forward,74,210.3,1.781334016,4.777279488,16.37361664,0.135651328,0.0
32,backward,74,107.8,1.781334016,4.777279488,16.373522432,0.135651328,0.0
32,optimizer,74,0.0,1.781334016,4.777279488,16.373522432,0.135651328,0.0
33,forward,74,191.5,1.781334016,4.777930752,16.373522432,0.139534336,0.0
33,backward,76,81.2,1.781334016,4.777930752,16.373522432,0.139534336,0.0
33,optimizer,76,467.7,1.781334016,4.777930752,16.373522432,0.139546624,0.0
34,forward,76,211.3,1.781334016,4.777050112,16.373522432,0.1434624,0.0
34,backward,76,80.3,1.781334016,4.777050112,16.373522432,0.1434624,0.0
34,optimizer,76,467.0,1.781334016,4.777050112,16.373522432,0.143474688,0.0
35,forward,76,145.2,1.781334016,4.777009152,16.373264384,0.147361792,0.0
35,backward,76,109.3,1.781334016,4.777009152,16.373264384,0.147361792,0.0
35,optimizer,76,0.0,1.781334016,4.777009152,16.373264384,0.147382272,0.0
36,forward,70,230.1,1.781334016,4.778115072,16.373264384,0.15128576,0.0
36,backward,70,106.4,1.781334016,4.778115072,16.373264384,0.15128576,0.0
36,optimizer,70,0.0,1.781334016,4.777750528,16.373264384,0.151293952,0.0
37,forward,70,184.1,1.781334016,4.77800448,16.373264384,0.155172864,0.0
37,backward,70,108.4,1.781334016,4.77800448,16.373264384,0.155172864,0.0
37,optimizer,70,0.0,1.781334016,4.77800448,16.373264384,0.155172864,0.0
38,forward,70,234.6,1.781334016,4.776677376,16.373264384,0.159084544,0.0
38,backward,70,82.2,1.781334016,4.776677376,16.373264384,0.159084544,0.0
38,optimizer,70,0.0,1.781334016,4.776677376,16.373264384,0.159084544,0.0
39,forward,71,183.1,1.781334016,4.776767488,16.373264384,0.162926592,0.0
39,backward,71,80.2,1.781334016,4.776767488,16.373264384,0.162926592,0.0
39,optimizer,71,0.0,1.781334016,4.776767488,16.373264384,0.16297984,0.0
40,forward,71,201.8,1.781334016,4.77667328,16.37216256,0.166895616,0.0
40,backward,71,108.4,1.781334016,4.77667328,16.37216256,0.166895616,0.0
40,optimizer,71,0.0,1.781334016,4.77667328,16.37216256,0.166912,0.0
41,forward,71,217.8,1.781334016,4.776845312,16.37216256,0.170799104,0.0
41,backward,71,81.5,1.781334016,4.776845312,16.37216256,0.170799104,0.0
41,optimizer,71,557.0,1.781334016,4.776845312,16.37216256,0.170799104,0.0
42,forward,71,179.5,1.781334016,4.777197568,16.37216256,0.174682112,0.0
42,backward,71,81.0,1.781334016,4.777197568,16.37216256,0.174682112,0.0
42,optimizer,71,548.9,1.781334016,4.777197568,16.37216256,0.174682112,0.0
43,forward,71,179.7,1.781334016,4.777365504,16.37216256,0.178630656,0.0
43,backward,71,108.9,1.781334016,4.777365504,16.371871744,0.178630656,0.0
43,optimizer,71,0.0,1.781334016,4.777365504,16.371871744,0.178630656,0.0
44,forward,71,187.3,1.781334016,4.777066496,16.372129792,0.182501376,0.0
44,backward,77,106.3,1.781334016,4.777066496,16.372129792,0.182501376,0.0
44,optimizer,77,0.0,1.781334016,4.777066496,16.372129792,0.182550528,0.0
45,forward,77,188.4,1.781334016,4.775542784,16.37238784,0.186482688,0.0
45,backward,77,106.9,1.781334016,4.775542784,16.37238784,0.186482688,0.0
45,optimizer,77,0.0,1.781334016,4.775542784,16.37238784,0.186486784,0.0
46,forward,77,196.9,1.781334016,4.775862272,16.37238784,0.190353408,0.0
46,backward,77,109.1,1.781334016,4.775862272,16.372129792,0.190353408,0.0
46,optimizer,77,0.0,1.781334016,4.775862272,16.372129792,0.190377984,0.0
47,forward,70,182.3,1.781334016,4.776513536,16.372129792,0.194289664,0.0
47,backward,70,106.3,1.781334016,4.776513536,16.37238784,0.194289664,0.0
47,optimizer,70,0.0,1.781334016,4.776513536,16.37238784,0.194289664,0.0
48,forward,70,219.2,1.781334016,4.776361984,16.37238784,0.19820544,0.0
48,backward,70,81.3,1.781334016,4.776361984,16.372355072,0.19820544,0.0
48,optimizer,70,0.0,1.781334016,4.776361984,16.372355072,0.19820544,0.0
49,forward,70,212.7,1.781334016,4.776095744,16.372097024,0.20211712,0.0
49,backward,70,81.3,1.781334016,4.776095744,16.372097024,0.20211712,0.0
49,optimizer,70,0.0,1.781334016,4.776095744,16.372097024,0.20211712,0.0
50,forward,71,175.5,1.781334016,4.776697856,16.371838976,0.206020608,0.0
50,backward,71,107.8,1.781334016,4.776697856,16.371838976,0.206020608,0.0
50,optimizer,71,0.0,1.781334016,4.776697856,16.371838976,0.206032896,0.0
51,forward,71,216.8,1.781334016,4.776218624,16.371838976,0.20989952,0.0
51,backward,71,81.9,1.781334016,4.776218624,16.371838976,0.20989952,0.0
51,optimizer,71,558.5,1.781334016,4.776218624,16.371838976,0.20989952,0.0
52,forward,71,212.6,1.781334016,4.776292352,16.372035584,0.213827584,0.0
52,backward,71,79.9,1.781334016,4.776292352,16.372035584,0.213827584,0.0
52,optimizer,71,542.3,1.781334016,4.776292352,16.372035584,0.213827584,0.0
53,forward,71,179.6,1.781334016,4.774690816,16.372035584,0.217686016,0.0
53,backward,71,81.0,1.781334016,4.774690816,16.372035584,0.217686016,0.0
53,optimizer,71,543.1,1.781334016,4.774690816,16.372035584,0.217686016,0.0
54,forward,71,191.6,1.781334016,4.775809024,16.372035584,0.221601792,0.0
54,backward,71,108.4,1.781334016,4.775809024,16.372035584,0.221601792,0.0
54,optimizer,71,0.0,1.781334016,4.775809024,16.372035584,0.221601792,0.0
55,forward,71,172.8,1.781334016,4.774977536,16.372035584,0.225558528,0.0
55,backward,79,80.1,1.781334016,4.774977536,16.372293632,0.225558528,0.0
55,optimizer,79,457.4,1.781334016,4.774977536,16.372293632,0.225570816,0.0
56,forward,79,200.8,1.781334016,4.775600128,16.372809728,0.229470208,0.0
56,backward,79,108.4,1.781334016,4.775600128,16.372809728,0.229470208,0.0
56,optimizer,79,0.0,1.781334016,4.775600128,16.372809728,0.2294784,0.0
57,forward,79,177.6,1.781334016,4.775391232,16.372809728,0.233361408,0.0
57,backward,79,79.9,1.781334016,4.775391232,16.372809728,0.233361408,0.0
57,optimizer,79,506.7,1.781334016,4.775391232,16.372809728,0.233365504,0.0
58,forward,72,200.4,1.781334016,4.774121472,16.372809728,0.237248512,0.0
58,backward,72,107.0,1.781334016,4.774121472,16.372809728,0.237248512,0.0
58,optimizer,72,0.0,1.781334016,4.774121472,16.372809728,0.237248512,0.0
59,forward,72,190.3,1.781334016,4.774641664,16.372809728,0.241152,0.0
59,backward,72,109.4,1.781334016,4.774641664,16.37277696,0.241152,0.0
59,optimizer,72,0.0,1.781334016,4.774641664,16.37277696,0.241160192,0.0
60,forward,72,177.0,1.781334016,4.77417472,16.372744192,0.245010432,0.0
60,backward,72,107.2,1.781334016,4.77417472,16.372486144,0.245010432,0.0
60,optimizer,72,0.0,1.781334016,4.77417472,16.372486144,0.245010432,0.0
61,forward,69,208.1,1.781334016,4.774080512,16.372486144,0.248963072,0.0
61,backward,69,81.1,1.781334016,4.774080512,16.372228096,0.248963072,0.0
61,optimizer,69,463.7,1.781334016,4.774080512,16.372228096,0.24897536,0.0
62,forward,69,166.7,1.781334016,4.775272448,16.372228096,0.25286656,0.0
62,backward,69,80.8,1.781334016,4.775272448,16.372228096,0.25286656,0.0
62,optimizer,69,546.6,1.781334016,4.775272448,16.372228096,0.25286656,0.0
63,forward,69,180.9,1.781334016,4.775456768,16.372228096,0.256761856,0.0
63,backward,69,107.7,1.781334016,4.775456768,16.372228096,0.256761856,0.0
63,optimizer,72,0.0,1.781334016,4.775317504,16.372228096,0.25677824,0.0
64,forward,72,203.2,1.781334016,4.773490688,16.372424704,0.260677632,0.0
64,backward,72,109.4,1.781334016,4.773490688,16.372166656,0.260677632,0.0
64,optimizer,72,0.0,1.781334016,4.773490688,16.372166656,0.26068992,0.0
65,forward,72,184.9,1.781334016,4.773597184,16.372166656,0.26456064,0.0
65,backward,72,80.0,1.781334016,4.773597184,16.372166656,0.26456064,0.0
65,optimizer,72,548.9,1.781334016,4.773597184,16.372166656,0.26456064,0.0
66,forward,72,183.5,1.781334016,4.774989824,16.371908608,0.268496896,0.0
66,backward,76,81.2,1.781334016,4.774989824,16.371908608,0.268496896,0.0
66,optimizer,76,0.0,1.781334016,4.774989824,16.371908608,0.268505088,0.0
67,forward,76,222.5,1.781334016,4.77497344,16.372105216,0.272351232,0.0
67,backward,76,108.3,1.781334016,4.77497344,16.372363264,0.272351232,0.0
67,optimizer,76,0.0,1.781334016,4.77497344,16.372363264,0.272396288,0.0
68,forward,76,205.9,1.781334016,4.774199296,16.372363264,0.276242432,0.0
68,backward,76,80.2,1.781334016,4.774199296,16.372072448,0.276242432,0.0
68,optimizer,76,531.8,1.781334016,4.774199296,16.372072448,0.276242432,0.0
69,forward,76,216.6,1.781334016,4.773941248,16.372072448,0.280076288,0.0
69,backward,73,81.6,1.781334016,4.773941248,16.372072448,0.280076288,0.0
69,optimizer,73,0.0,1.781334016,4.773941248,16.372072448,0.280076288,0.0
70,forward,73,156.9,1.781334016,4.773814272,16.372072448,0.284004352,0.0
70,backward,73,106.1,1.781334016,4.773814272,16.372072448,0.284004352,0.0
70,optimizer,73,0.0,1.781334016,4.773814272,16.372072448,0.284004352,0.0
71,forward,73,199.7,1.781334016,4.774490112,16.372072448,0.287870976,0.0
71,backward,73,80.9,1.781334016,4.774490112,16.372072448,0.287870976,0.0
71,optimizer,73,0.0,1.781334016,4.774490112,16.372072448,0.287870976,0.0
72,forward,70,242.3,1.781334016,4.773552128,16.372072448,0.291770368,0.0
72,backward,70,108.7,1.781334016,4.773552128,16.372072448,0.291770368,0.0
72,optimizer,70,0.0,1.781334016,4.773552128,16.372072448,0.291770368,0.0
73,forward,70,194.2,1.781334016,4.774305792,16.372072448,0.295620608,0.0
73,backward,70,80.5,1.781334016,4.774305792,16.372072448,0.295620608,0.0
73,optimizer,70,546.7,1.781334016,4.774305792,16.372072448,0.295620608,0.0
74,forward,70,191.8,1.781334016,4.774199296,16.37203968,0.299487232,0.0
74,backward,70,80.9,1.781334016,4.774199296,16.37203968,0.299487232,0.0
74,optimizer,70,0.0,1.781334016,4.774199296,16.37203968,0.299487232,0.0
75,forward,71,196.7,1.781334016,4.774125568,16.37203968,0.303345664,0.0
75,backward,71,107.0,1.781334016,4.774125568,16.37203968,0.303345664,0.0
75,optimizer,71,0.0,1.781334016,4.774125568,16.37203968,0.303403008,0.0
76,forward,71,184.2,1.781334016,4.773134336,16.37203968,0.307277824,0.0
76,backward,71,107.9,1.781334016,4.773134336,16.37203968,0.307277824,0.0
76,optimizer,71,0.0,1.781334016,4.773134336,16.37203968,0.307277824,0.0
77,forward,71,221.9,1.781334016,4.772458496,16.372555776,0.311123968,0.0
77,backward,75,109.0,1.781334016,4.772458496,16.372555776,0.311123968,0.0
77,optimizer,75,0.0,1.781334016,4.772458496,16.372555776,0.311123968,0.0
78,forward,75,213.8,1.781334016,4.773163008,16.372555776,0.314953728,0.0
78,backward,75,107.2,1.781334016,4.773163008,16.372494336,0.314953728,0.0
78,optimizer,75,0.0,1.781334016,4.773163008,16.372494336,0.314986496,0.0
79,forward,75,193.2,1.781334016,4.773855232,16.372494336,0.318767104,0.0
79,backward,75,108.7,1.781334016,4.773855232,16.372494336,0.318767104,0.0
79,optimizer,75,0.0,1.781334016,4.773855232,16.372494336,0.318767104,0.0
80,forward,75,184.8,1.781334016,4.773404672,16.372977664,0.322633728,0.0
80,backward,78,105.9,1.781334016,4.773404672,16.372719616,0.322633728,0.0
80,optimizer,78,0.0,1.781334016,4.773404672,16.372719616,0.322633728,0.0
81,forward,78,219.3,1.781334016,4.773441536,16.372719616,0.326459392,0.0
81,backward,78,108.6,1.781334016,4.773441536,16.372719616,0.326459392,0.0
81,optimizer,78,0.0,1.781334016,4.7736832,16.372719616,0.326483968,0.0
82,forward,78,216.5,1.781334016,4.773421056,16.372719616,0.330358784,0.0
82,backward,78,81.0,1.781334016,4.773421056,16.372686848,0.330358784,0.0
82,optimizer,78,0.0,1.781334016,4.773421056,16.372686848,0.330358784,0.0
83,forward,72,175.5,1.781334016,4.77216768,16.372686848,0.334221312,0.0
83,backward,72,106.8,1.781334016,4.77216768,16.372686848,0.334221312,0.0
83,optimizer,72,0.0,1.781334016,4.77216768,16.372686848,0.334221312,0.0
84,forward,72,167.3,1.781334016,4.773863424,16.372686848,0.338100224,0.0
84,backward,72,103.1,1.781334016,4.773863424,16.3724288,0.338100224,0.0
84,optimizer,72,0.0,1.781334016,4.773863424,16.3724288,0.338100224,0.0
85,forward,72,218.3,1.781334016,4.77329408,16.3724288,0.341958656,0.0
85,backward,72,106.5,1.781334016,4.77329408,16.3724288,0.341958656,0.0
85,optimizer,72,0.0,1.781334016,4.77329408,16.3724288,0.342007808,0.0
86,forward,72,184.4,1.781334016,4.77364224,16.3724288,0.345882624,0.0
86,backward,72,81.1,1.781334016,4.77364224,16.372686848,0.345882624,0.0
86,optimizer,72,0.0,1.781334016,4.77364224,16.372686848,0.34588672,0.0
87,forward,72,214.5,1.781334016,4.773322752,16.372686848,0.349720576,0.0
87,backward,72,80.9,1.781334016,4.773322752,16.3724288,0.349720576,0.0
87,optimizer,72,454.0,1.781334016,4.773322752,16.3724288,0.349761536,0.0
88,forward,72,171.1,1.781334016,4.771315712,16.3724288,0.353656832,0.0
88,backward,70,105.8,1.781334016,4.771315712,16.372396032,0.353656832,0.0
88,optimizer,70,0.0,1.781334016,4.771315712,16.372396032,0.353673216,0.0
89,forward,70,203.3,1.781334016,4.773310464,16.372396032,0.357511168,0.0
89,backward,70,108.3,1.781334016,4.773310464,16.372396032,0.357511168,0.0
89,optimizer,70,0.0,1.781334016,4.773310464,16.372396032,0.357511168,0.0
90,forward,70,214.3,1.781334016,4.772872192,16.372396032,0.361365504,0.0
90,backward,70,106.0,1.781334016,4.772872192,16.372396032,0.361365504,0.0
90,optimizer,70,0.0,1.781334016,4.772872192,16.372396032,0.361394176,0.0
91,forward,70,181.4,1.781334016,4.77212672,16.372396032,0.365232128,0.0
91,backward,78,108.5,1.781334016,4.77212672,16.372137984,0.365232128,0.0
91,optimizer,78,0.0,1.781334016,4.77212672,16.372137984,0.365232128,0.0
92,forward,78,197.3,1.781334016,4.772777984,16.372137984,0.369156096,0.0
92,backward,78,107.8,1.781334016,4.772777984,16.372137984,0.369156096,0.0
92,optimizer,78,0.0,1.781334016,4.772777984,16.372137984,0.369156096,0.0
93,forward,78,190.2,1.781334016,4.772933632,16.37265408,0.372985856,0.0
93,backward,78,107.6,1.781334016,4.772933632,16.372850688,0.372985856,0.0
93,optimizer,78,0.0,1.781334016,4.772933632,16.372850688,0.373018624,0.0
94,forward,78,204.9,1.781334016,4.77251584,16.373075968,0.37691392,0.0
94,backward,76,109.0,1.781334016,4.77251584,16.37281792,0.37691392,0.0
94,optimizer,76,0.0,1.781334016,4.77251584,16.37281792,0.37691392,0.0
95,forward,76,163.5,1.781334016,4.772519936,16.37281792,0.380735488,0.0
95,backward,76,133.4,1.781334016,4.772519936,16.372559872,0.380735488,0.0
95,optimizer,76,0.0,1.781334016,4.772519936,16.372559872,0.380760064,0.0
96,forward,76,217.8,1.781334016,4.771602432,16.372559872,0.384589824,0.0
96,backward,76,108.4,1.781334016,4.771602432,16.372498432,0.384589824,0.0
96,optimizer,76,0.0,1.781334016,4.771602432,16.372498432,0.384589824,0.0
97,forward,71,160.5,1.781334016,4.77175808,16.372498432,0.388489216,0.0
97,backward,71,105.7,1.781334016,4.77175808,16.372498432,0.388489216,0.0
97,optimizer,71,0.0,1.781334016,4.77175808,16.372498432,0.388489216,0.0
98,forward,71,197.4,1.781334016,4.771926016,16.372498432,0.392318976,0.0
98,backward,71,108.3,1.781334016,4.771926016,16.372498432,0.392318976,0.0
98,optimizer,71,0.0,1.781334016,4.771926016,16.372498432,0.392318976,0.0
99,forward,71,195.2,1.781334016,4.77227008,16.372498432,0.396169216,0.0
99,backward,71,105.8,1.781334016,4.77227008,16.372498432,0.396169216,0.0
99,optimizer,71,0.0,1.781334016,4.77227008,16.372498432,0.396169216,0.0
100,forward,74,212.2,1.781334016,4.771434496,16.372498432,0.400060416,0.0
100,backward,74,107.8,1.781334016,4.771434496,16.372465664,0.400060416,0.0
100,optimizer,74,0.0,1.781334016,4.771434496,16.372465664,0.400089088,0.0
101,forward,74,162.8,1.781334016,4.771110912,16.372465664,0.403922944,0.0
101,backward,74,107.6,1.781334016,4.771110912,16.372723712,0.403922944,0.0
101,optimizer,74,0.0,1.781334016,4.771110912,16.372723712,0.403922944,0.0
102,forward,74,230.3,1.781334016,4.77138944,16.372723712,0.407814144,0.0
102,backward,74,80.9,1.781334016,4.77138944,16.372723712,0.407814144,0.0
102,optimizer,74,546.9,1.781334016,4.77138944,16.372723712,0.407814144,0.0
103,forward,73,191.5,1.781334016,4.772155392,16.372723712,0.411676672,0.0
103,backward,73,80.5,1.781334016,4.772155392,16.372723712,0.411676672,0.0
103,optimizer,73,0.0,1.781334016,4.772155392,16.372723712,0.41168896,0.0
104,forward,73,184.8,1.781334016,4.771995648,16.372723712,0.415592448,0.0
104,backward,73,107.6,1.781334016,4.771995648,16.372723712,0.415592448,0.0
104,optimizer,73,0.0,1.781334016,4.771995648,16.372723712,0.415592448,0.0
105,forward,73,214.0,1.781334016,4.770807808,16.372723712,0.419418112,0.0
105,backward,75,81.6,1.781334016,4.770807808,16.372723712,0.419418112,0.0
105,optimizer,75,549.1,1.781334016,4.770807808,16.372723712,0.419418112,0.0
106,forward,75,185.8,1.781334016,4.770807808,16.372723712,0.423325696,0.0
106,backward,75,105.3,1.781334016,4.770807808,16.372723712,0.423325696,0.0
106,optimizer,75,0.0,1.781334016,4.770807808,16.372723712,0.423325696,0.0
107,forward,75,193.9,1.781334016,4.771074048,16.372723712,0.427143168,0.0
107,backward,75,108.2,1.781334016,4.771074048,16.372723712,0.427143168,0.0
107,optimizer,75,0.0,1.781334016,4.771074048,16.372723712,0.427143168,0.0
108,forward,75,220.0,1.781334016,4.771528704,16.37298176,0.431026176,0.0
108,backward,78,79.2,1.781334016,4.771643392,16.37298176,0.431026176,0.0
108,optimizer,78,425.5,1.781334016,4.771643392,16.37298176,0.431054848,0.0
109,forward,78,189.0,1.781334016,4.770643968,16.37298176,0.434905088,0.0
109,backward,78,81.3,1.781334016,4.770643968,16.373178368,0.434905088,0.0
109,optimizer,78,0.0,1.781334016,4.770643968,16.373178368,0.434905088,0.0
110,forward,78,250.6,1.781334016,4.771377152,16.373178368,0.438792192,0.0
110,backward,78,80.8,1.781334016,4.771377152,16.373178368,0.438792192,0.0
110,optimizer,78,0.0,1.781334016,4.771377152,16.373178368,0.43880448,0.0
111,forward,78,223.7,1.781334016,4.771094528,16.3731456,0.442630144,0.0
111,backward,72,80.5,1.781334016,4.771094528,16.3731456,0.442630144,0.0
111,optimizer,72,541.4,1.781334016,4.771094528,16.3731456,0.442630144,0.0
112,forward,72,184.3,1.781334016,4.770803712,16.3731456,0.446513152,0.0
112,backward,72,109.0,1.781334016,4.770803712,16.3731456,0.446513152,0.0
112,optimizer,72,0.0,1.781334016,4.770803712,16.3731456,0.446570496,0.0
113,forward,72,165.2,1.781334016,4.770992128,16.3731456,0.45047808,0.0
113,backward,72,108.0,1.781334016,4.770992128,16.373112832,0.45047808,0.0
113,optimizer,72,0.0,1.781334016,4.770992128,16.373112832,0.45047808,0.0
114,forward,69,183.1,1.781334016,4.77095936,16.373112832,0.45432832,0.0
114,backward,69,107.8,1.781334016,4.77095936,16.373112832,0.45432832,0.0
114,optimizer,69,0.0,1.781334016,4.77095936,16.373112832,0.45432832,0.0
115,forward,69,204.1,1.781334016,4.770304,16.373112832,0.458256384,0.0
115,backward,69,81.2,1.781334016,4.770304,16.373112832,0.458256384,0.0
115,optimizer,69,0.0,1.781334016,4.770304,16.373112832,0.458256384,0.0
116,forward,69,207.8,1.781334016,4.769386496,16.373112832,0.46215168,0.0
116,backward,70,133.2,1.781334016,4.769386496,16.373112832,0.46215168,0.0
116,optimizer,70,0.0,1.781334016,4.769386496,16.373112832,0.46215168,0.0
117,forward,70,167.5,1.781334016,4.770717696,16.373112832,0.466006016,0.0
117,backward,70,107.9,1.781334016,4.770717696,16.373112832,0.466006016,0.0
117,optimizer,70,0.0,1.781334016,4.770717696,16.373112832,0.466006016,0.0
118,forward,70,215.5,1.781334016,4.769501184,16.372596736,0.469856256,0.0
118,backward,70,107.2,1.781334016,4.769501184,16.372596736,0.469856256,0.0
118,optimizer,70,0.0,1.781334016,4.769746944,16.372596736,0.469880832,0.0
119,forward,70,199.0,1.781334016,4.769906688,16.372596736,0.473714688,0.0
119,backward,79,80.8,1.781334016,4.769906688,16.372596736,0.473714688,0.0
119,optimizer,79,0.0,1.781334016,4.769906688,16.372596736,0.473776128,0.0
120,forward,79,222.7,1.781334016,4.769329152,16.372596736,0.47763456,0.0
120,backward,79,107.9,1.781334016,4.769329152,16.372822016,0.47763456,0.0
120,optimizer,79,0.0,1.781334016,4.769329152,16.372822016,0.477687808,0.0
121,forward,79,175.7,1.781334016,4.770807808,16.37230592,0.481513472,0.0
121,backward,79,108.2,1.781334016,4.770807808,16.37230592,0.481513472,0.0
121,optimizer,79,0.0,1.781334016,4.770807808,16.37230592,0.481562624,0.0
122,forward,79,182.8,1.781334016,4.769693696,16.37230592,0.485433344,0.0
122,backward,77,108.3,1.781334016,4.769693696,16.3725312,0.485433344,0.0
122,optimizer,77,0.0,1.781334016,4.769701888,16.3725312,0.485482496,0.0
123,forward,77,201.4,1.781334016,4.770271232,16.372273152,0.489316352,0.0
123,backward,77,108.0,1.781334016,4.770271232,16.3725312,0.489316352,0.0
123,optimizer,77,0.0,1.781334016,4.770271232,16.3725312,0.489316352,0.0
124,forward,77,215.3,1.781334016,4.7689728,16.3725312,0.49319936,0.0
124,backward,77,109.0,1.781334016,4.7689728,16.3725312,0.49319936,0.0
124,optimizer,77,0.0,1.781334016,4.7689728,16.3725312,0.49319936,0.0
125,forward,77,169.3,1.781334016,4.769447936,16.372273152,0.4970496,0.0
125,backward,72,80.8,1.781334016,4.769447936,16.372498432,0.497074176,0.0
125,optimizer,72,544.3,1.781334016,4.769447936,16.372498432,0.497074176,0.0
126,forward,72,192.5,1.781334016,4.769742848,16.372498432,0.500977664,0.0
126,backward,72,80.9,1.781334016,4.769742848,16.372432896,0.500977664,0.0
126,optimizer,72,549.3,1.781334016,4.769742848,16.372432896,0.500977664,0.0
127,forward,72,184.8,1.781334016,4.770291712,16.372432896,0.50481152,0.0
127,backward,72,80.3,1.781334016,4.770291712,16.372432896,0.50481152,0.0
127,optimizer,72,545.6,1.781334016,4.770291712,16.372432896,0.50481152,0.0
128,forward,73,163.1,1.781334016,4.770234368,16.3719168,0.508678144,0.0
128,backward,73,108.3,1.781334016,4.770234368,16.3719168,0.508678144,0.0
128,optimizer,73,0.0,1.781334016,4.770234368,16.3719168,0.508678144,0.0
129,forward,73,243.2,1.781334016,4.768006144,16.3719168,0.51253248,0.0
129,backward,73,107.0,1.781334016,4.768006144,16.371658752,0.51253248,0.0
129,optimizer,73,0.0,1.781334016,4.768006144,16.371658752,0.51253248,0.0
130,forward,73,175.1,1.781334016,4.769357824,16.371658752,0.51636224,0.0
130,backward,73,108.5,1.781334016,4.769357824,16.371658752,0.51636224,0.0
130,optimizer,73,0.0,1.781334016,4.769357824,16.371658752,0.516407296,0.0
131,forward,74,191.9,1.781334016,4.769050624,16.371658752,0.520261632,0.0
131,backward,74,107.2,1.781334016,4.769050624,16.371658752,0.520261632,0.0
131,optimizer,74,0.0,1.781334016,4.769050624,16.371658752,0.520318976,0.0
132,forward,74,193.2,1.781334016,4.76944384,16.371658752,0.524156928,0.0
132,backward,74,108.6,1.781334016,4.76944384,16.371658752,0.524156928,0.0
132,optimizer,74,0.0,1.781334016,4.76944384,16.371658752,0.524197888,0.0
133,forward,74,192.1,1.781334016,4.768395264,16.371658752,0.528052224,0.0
133,backward,72,105.1,1.781334016,4.768395264,16.371658752,0.528052224,0.0
133,optimizer,72,0.0,1.781334016,4.768395264,16.371658752,0.528052224,0.0
134,forward,72,197.8,1.781334016,4.768034816,16.371658752,0.531881984,0.0
134,backward,72,81.0,1.781334016,4.768034816,16.371658752,0.531881984,0.0
134,optimizer,72,428.7,1.781334016,4.768034816,16.371658752,0.531922944,0.0
135,forward,72,153.6,1.781334016,4.769394688,16.371658752,0.53579776,0.0
135,backward,72,107.7,1.781334016,4.769394688,16.371658752,0.53579776,0.0
135,optimizer,72,0.0,1.781334016,4.769394688,16.371658752,0.53579776,0.0
136,forward,72,209.1,1.781334016,4.769562624,16.371658752,0.53966848,0.0
136,backward,79,107.5,1.781334016,4.769562624,16.371658752,0.53966848,0.0
136,optimizer,79,0.0,1.781334016,4.769562624,16.371658752,0.53966848,0.0
137,forward,79,240.1,1.781334016,4.769247232,16.371658752,0.543502336,0.0
137,backward,79,81.5,1.781334016,4.769247232,16.371625984,0.543502336,0.0
137,optimizer,79,0.0,1.781334016,4.769247232,16.371625984,0.543535104,0.0
138,forward,79,216.6,1.781334016,4.768284672,16.371625984,0.547385344,0.0
138,backward,79,105.6,1.781334016,4.768284672,16.371625984,0.547385344,0.0
138,optimizer,79,0.0,1.781334016,4.768284672,16.371625984,0.547385344,0.0
139,forward,79,189.7,1.781334016,4.769161216,16.371625984,0.55128064,0.0
139,backward,73,81.1,1.781334016,4.769161216,16.371625984,0.55128064,0.0
139,optimizer,73,552.4,1.781334016,4.769161216,16.371625984,0.55128064,0.0
140,forward,73,186.0,1.781334016,4.769202176,16.371625984,0.555126784,0.0
140,backward,73,107.4,1.781334016,4.769202176,16.371625984,0.555126784,0.0
140,optimizer,73,0.0,1.781334016,4.769202176,16.371625984,0.555159552,0.0
141,forward,73,225.0,1.781334016,4.767895552,16.371625984,0.558985216,0.0
141,backward,73,81.2,1.781334016,4.767895552,16.371593216,0.558985216,0.0
141,optimizer,73,0.0,1.781334016,4.767895552,16.371593216,0.558985216,0.0
142,forward,72,180.4,1.781334016,4.767735808,16.371593216,0.562900992,0.0
142,backward,72,81.6,1.781334016,4.767735808,16.371851264,0.562900992,0.0
142,optimizer,72,548.3,1.781334016,4.767735808,16.371851264,0.562900992,0.0
143,forward,72,199.5,1.781334016,4.768903168,16.371851264,0.56672256,0.0
143,backward,72,80.4,1.781334016,4.768903168,16.372211712,0.56672256,0.0
143,optimizer,72,545.4,1.781334016,4.768903168,16.372211712,0.56672256,0.0
144,forward,72,190.9,1.781334016,4.768894976,16.372211712,0.570609664,0.0
144,backward,72,108.5,1.781334016,4.768894976,16.37246976,0.570609664,0.0
144,optimizer,72,0.0,1.781334016,4.768894976,16.37246976,0.570609664,0.0
145,forward,73,219.4,1.781334016,4.768714752,16.37246976,0.574439424,0.0
145,backward,73,106.2,1.781334016,4.768714752,16.372727808,0.574439424,0.0
145,optimizer,73,0.0,1.781334016,4.768714752,16.372727808,0.574439424,0.0
146,forward,73,206.4,1.781334016,4.768944128,16.372985856,0.578338816,0.0
146,backward,73,81.4,1.781334016,4.768944128,16.372985856,0.578338816,0.0
146,optimizer,73,0.0,1.781334016,4.768944128,16.372985856,0.578338816,0.0
147,forward,73,244.2,1.781334016,4.767973376,16.372985856,0.58216448,0.0
147,backward,73,78.3,1.781334016,4.767973376,16.372985856,0.58216448,0.0
147,optimizer,73,539.1,1.781334016,4.767973376,16.372985856,0.58216448,0.0
148,forward,71,184.8,1.781334016,4.768272384,16.372985856,0.585998336,0.0
148,backward,71,79.9,1.781334016,4.768272384,16.372985856,0.585998336,0.0
148,optimizer,71,437.5,1.781334016,4.768272384,16.372985856,0.586022912,0.0
149,forward,71,205.8,1.781334016,4.768251904,16.372985856,0.5899264,0.0
149,backward,71,107.7,1.781334016,4.768251904,16.372985856,0.5899264,0.0
149,optimizer,71,0.0,1.781334016,4.768251904,16.372985856,0.589934592,0.0
150,forward,71,189.3,1.781334016,4.768854016,16.372985856,0.593793024,0.0
150,backward,79,105.4,1.781334016,4.768854016,16.372985856,0.593793024,0.0
150,optimizer,79,0.0,1.781334016,4.768854016,16.372985856,0.593793024,0.0
151,forward,79,207.9,1.781334016,4.767916032,16.372985856,0.5976064,0.0
151,backward,79,80.0,1.781334016,4.767916032,16.372985856,0.5976064,0.0
151,optimizer,79,551.1,1.781334016,4.767916032,16.372985856,0.5976064,0.0
152,forward,79,192.4,1.781334016,4.768526336,16.372985856,0.601444352,0.0
152,backward,79,80.9,1.781334016,4.768526336,16.372985856,0.601444352,0.0
152,optimizer,79,453.8,1.781334016,4.768526336,16.372985856,0.601485312,0.0
153,forward,79,215.0,1.781334016,4.7674368,16.372985856,0.605376512,0.0
153,backward,72,79.5,1.781334016,4.7674368,16.372953088,0.605376512,0.0
153,optimizer,72,0.0,1.781334016,4.7674368,16.372953088,0.605401088,0.0
154,forward,72,206.9,1.781334016,4.768305152,16.372953088,0.609222656,0.0
154,backward,72,81.1,1.781334016,4.768305152,16.372953088,0.609222656,0.0
154,optimizer,72,0.0,1.781334016,4.768305152,16.372953088,0.609255424,0.0
155,forward,72,189.0,1.781334016,4.768628736,16.372953088,0.613138432,0.0
155,backward,72,134.3,1.781334016,4.768628736,16.37292032,0.613138432,0.0
155,optimizer,72,0.0,1.781334016,4.768628736,16.37292032,0.613167104,0.0
156,forward,73,216.4,1.781334016,4.767326208,16.37292032,0.616996864,0.0
156,backward,73,80.9,1.781334016,4.767326208,16.37292032,0.616996864,0.0
156,optimizer,73,0.0,1.781334016,4.767326208,16.37292032,0.617050112,0.0
157,forward,73,199.8,1.781334016,4.768083968,16.37292032,0.620888064,0.0
157,backward,73,105.3,1.781334016,4.768083968,16.37292032,0.620888064,0.0
157,optimizer,73,0.0,1.781334016,4.768083968,16.37292032,0.620916736,0.0
158,forward,73,217.9,1.781334016,4.767842304,16.37292032,0.62476288,0.0
158,backward,73,80.3,1.781334016,4.767842304,16.372662272,0.62476288,0.0
158,optimizer,73,0.0,1.781334016,4.768079872,16.372662272,0.62476288,0.0
159,forward,73,189.7,1.781334016,4.766707712,16.372662272,0.628609024,0.0
159,backward,73,107.2,1.781334016,4.766707712,16.372662272,0.628609024,0.0
159,optimizer,73,0.0,1.781334016,4.766941184,16.372662272,0.628609024,0.0
160,forward,73,168.1,1.781334016,4.767821824,16.372662272,0.632451072,0.0
160,backward,73,107.8,1.781334016,4.767821824,16.372662272,0.632451072,0.0
160,optimizer,73,0.0,1.781334016,4.767821824,16.372662272,0.632451072,0.0
161,forward,73,217.4,1.781334016,4.766773248,16.372662272,0.6363136,0.0
161,backward,73,80.9,1.781334016,4.766773248,16.372662272,0.6363136,0.0
161,optimizer,73,433.0,1.781334016,4.766773248,16.372662272,0.63635456,0.0
162,forward,75,164.7,1.781334016,4.766629888,16.372662272,0.640180224,0.0
162,backward,75,134.8,1.781334016,4.766629888,16.372662272,0.640180224,0.0
162,optimizer,75,0.0,1.781334016,4.766629888,16.372662272,0.640180224,0.0
163,forward,75,196.9,1.781334016,4.76747776,16.372662272,0.644005888,0.0
163,backward,75,107.7,1.781334016,4.76747776,16.372662272,0.644005888,0.0
163,optimizer,75,0.0,1.781334016,4.76747776,16.372662272,0.644005888,0.0
164,forward,75,192.7,1.781334016,4.7670272,16.37285888,0.64786432,0.0
164,backward,79,80.1,1.781334016,4.7670272,16.37285888,0.64786432,0.0
164,optimizer,79,0.0,1.781334016,4.7670272,16.37285888,0.64786432,0.0
165,forward,79,185.7,1.781334016,4.76700672,16.37285888,0.651812864,0.0
165,backward,79,108.4,1.781334016,4.76700672,16.372826112,0.651812864,0.0
165,optimizer,79,550.1,1.781334016,4.76700672,16.372826112,0.651812864,0.0
166,forward,79,193.2,1.781334016,4.766998528,16.372826112,0.655671296,0.0
166,backward,79,106.0,1.781334016,4.766998528,16.372826112,0.655671296,0.0
166,optimizer,79,0.0,1.781334016,4.766998528,16.372826112,0.655671296,0.0
167,forward,79,211.8,1.781334016,4.76684288,16.372826112,0.659525632,0.0
167,backward,74,80.9,1.781334016,4.76684288,16.37308416,0.659525632,0.0
167,optimizer,74,446.2,1.781334016,4.76684288,16.37308416,0.659550208,0.0
168,forward,74,190.4,1.781334016,4.76731392,16.37308416,0.663384064,0.0
168,backward,74,79.3,1.781334016,4.76731392,16.373051392,0.663384064,0.0
168,optimizer,74,545.8,1.781334016,4.76731392,16.373051392,0.663384064,0.0
169,forward,74,188.1,1.781334016,4.766060544,16.373047296,0.667213824,0.0
169,backward,74,107.0,1.781334016,4.766060544,16.373047296,0.667213824,0.0
169,optimizer,74,0.0,1.781334016,4.766060544,16.373047296,0.667213824,0.0
170,forward,74,198.5,1.781334016,4.766183424,16.373047296,0.67106816,0.0
170,backward,72,107.1,1.781334016,4.766183424,16.373243904,0.67106816,0.0
170,optimizer,72,0.0,1.781334016,4.766183424,16.373243904,0.67106816,0.0
171,forward,72,221.7,1.781334016,4.765835264,16.372985856,0.6749184,0.0
171,backward,72,80.6,1.781334016,4.765835264,16.372953088,0.6749184,0.0
171,optimizer,72,0.0,1.781334016,4.765835264,16.372953088,0.674942976,0.0
172,forward,72,170.3,1.781334016,4.766531584,16.372436992,0.678776832,0.0
172,backward,72,107.3,1.781334016,4.766531584,16.372436992,0.678776832,0.0
172,optimizer,72,0.0,1.781334016,4.766531584,16.372436992,0.6788096,0.0
173,forward,74,219.0,1.781334016,4.766339072,16.372436992,0.682668032,0.0
173,backward,74,79.8,1.781334016,4.766339072,16.372436992,0.682668032,0.0
173,optimizer,74,437.1,1.781334016,4.766339072,16.372436992,0.682688512,0.0
174,forward,74,161.6,1.781334016,4.766859264,16.372953088,0.686534656,0.0
174,backward,74,108.3,1.781334016,4.766859264,16.372953088,0.686534656,0.0
174,optimizer,74,0.0,1.781334016,4.766859264,16.372953088,0.686534656,0.0
175,forward,74,210.9,1.781334016,4.766253056,16.372953088,0.690384896,0.0
175,backward,74,105.5,1.781334016,4.766253056,16.372953088,0.690384896,0.0
175,optimizer,74,0.0,1.781334016,4.766253056,16.372953088,0.690434048,0.0
176,forward,72,194.7,1.781334016,4.766302208,16.372953088,0.694259712,0.0
176,backward,72,107.8,1.781334016,4.766302208,16.372953088,0.694259712,0.0
176,optimizer,72,0.0,1.781334016,4.766302208,16.372953088,0.694300672,0.0
177,forward,72,191.6,1.781334016,4.766609408,16.372953088,0.6981632,0.0
177,backward,72,105.5,1.781334016,4.766609408,16.372953088,0.6981632,0.0
177,optimizer,72,0.0,1.781334016,4.766609408,16.372953088,0.698195968,0.0
178,forward,72,216.5,1.781334016,4.76475392,16.37292032,0.702042112,0.0
178,backward,78,106.2,1.781334016,4.76475392,16.37292032,0.702042112,0.0
178,optimizer,78,0.0,1.781334016,4.76475392,16.37292032,0.702042112,0.0
179,forward,78,228.8,1.781334016,4.764954624,16.37292032,0.705900544,0.0
179,backward,78,81.0,1.781334016,4.764954624,16.37292032,0.705900544,0.0
179,optimizer,78,0.0,1.781334016,4.764954624,16.37292032,0.705900544,0.0
180,forward,78,160.6,1.781334016,4.76598272,16.37292032,0.709730304,0.0
180,backward,78,104.9,1.781334016,4.76598272,16.37292032,0.709730304,0.0
180,optimizer,78,0.0,1.781334016,4.76598272,16.37292032,0.709730304,0.0
181,forward,78,184.7,1.781334016,4.765216768,16.37292032,0.713633792,0.0
181,backward,74,107.3,1.781334016,4.765216768,16.37292032,0.713633792,0.0
181,optimizer,74,0.0,1.781334016,4.765216768,16.37292032,0.713633792,0.0
182,forward,74,229.3,1.781334016,4.765294592,16.37292032,0.717459456,0.0
182,backward,74,79.7,1.781334016,4.765294592,16.373116928,0.717459456,0.0
182,optimizer,74,545.6,1.781334016,4.765294592,16.373116928,0.717459456,0.0
183,forward,74,160.4,1.781334016,4.766306304,16.373116928,0.721313792,0.0
183,backward,74,107.1,1.781334016,4.766306304,16.373116928,0.721313792,0.0
183,optimizer,74,435.7,1.781334016,4.766306304,16.373116928,0.721342464,0.0
184,forward,74,187.2,1.781334016,4.765773824,16.373116928,0.725172224,0.0
184,backward,73,80.8,1.781334016,4.765773824,16.37308416,0.725172224,0.0
184,optimizer,73,550.7,1.781334016,4.765773824,16.37308416,0.725172224,0.0
185,forward,73,158.8,1.781334016,4.765683712,16.37308416,0.729063424,0.0
185,backward,73,107.1,1.781334016,4.765683712,16.37308416,0.729063424,0.0
185,optimizer,73,0.0,1.781334016,4.765683712,16.37308416,0.729063424,0.0
186,forward,73,222.1,1.781334016,4.765519872,16.37308416,0.73291776,0.0
186,backward,73,81.2,1.781334016,4.765519872,16.37308416,0.73291776,0.0
186,optimizer,73,0.0,1.781334016,4.765519872,16.37308416,0.73291776,0.0
187,forward,73,220.2,1.781334016,4.76553216,16.37308416,0.736743424,0.0
187,backward,73,105.8,1.781334016,4.76553216,16.37308416,0.736743424,0.0
187,optimizer,73,0.0,1.781334016,4.76553216,16.37308416,0.736743424,0.0
188,forward,73,172.2,1.781334016,4.764581888,16.37308416,0.74061824,0.0
188,backward,73,107.6,1.781334016,4.764581888,16.373051392,0.74061824,0.0
188,optimizer,73,0.0,1.781334016,4.764581888,16.373051392,0.740630528,0.0
189,forward,73,198.2,1.781334016,4.764540928,16.373051392,0.744443904,0.0
189,backward,73,106.4,1.781334016,4.764540928,16.373051392,0.744443904,0.0
189,optimizer,73,0.0,1.781334016,4.764741632,16.373051392,0.744456192,0.0
190,forward,72,164.5,1.781334016,4.764848128,16.373051392,0.748326912,0.0
190,backward,72,106.9,1.781334016,4.764848128,16.373051392,0.748326912,0.0
190,optimizer,72,0.0,1.781334016,4.764848128,16.373051392,0.748326912,0.0
191,forward,72,196.1,1.781334016,4.765741056,16.373051392,0.752164864,0.0
191,backward,72,133.1,1.781334016,4.765741056,16.373051392,0.752164864,0.0
191,optimizer,72,0.0,1.781334016,4.765741056,16.373051392,0.752164864,0.0
192,forward,80,232.6,1.781334016,4.765704192,16.373018624,0.756011008,0.0
192,backward,80,110.0,1.781334016,4.765704192,16.372760576,0.756011008,0.0
192,optimizer,80,0.0,1.781334016,4.765704192,16.372760576,0.756011008,0.0
193,forward,80,183.1,1.781334016,4.764901376,16.372760576,0.759902208,0.0
193,backward,80,106.8,1.781334016,4.764901376,16.372502528,0.759902208,0.0
193,optimizer,80,0.0,1.781334016,4.764901376,16.372502528,0.759902208,0.0
194,forward,80,197.0,1.781334016,4.764672,16.372502528,0.763707392,0.0
194,backward,80,107.0,1.781334016,4.764672,16.372502528,0.763707392,0.0
194,optimizer,80,0.0,1.781334016,4.764672,16.372502528,0.763707392,0.0
195,forward,56,192.0,1.781334016,4.765212672,16.371986432,0.76754944,0.0
195,backward,56,107.7,1.781334016,4.765212672,16.371986432,0.76754944,0.0
195,optimizer,56,0.0,1.781334016,4.765433856,16.371986432,0.767594496,0.0
196,forward,56,214.5,1.781334016,4.764352512,16.371986432,0.77144064,0.0
196,backward,56,106.6,1.781334016,4.764352512,16.371728384,0.77144064,0.0
196,optimizer,56,0.0,1.781334016,4.764352512,16.371728384,0.771469312,0.0
197,forward,56,212.1,1.781334016,4.764471296,16.371728384,0.775335936,0.0
197,backward,56,80.9,1.781334016,4.764471296,16.371728384,0.775335936,0.0
197,optimizer,56,0.0,1.781334016,4.764471296,16.371728384,0.775348224,0.0
198,forward,75,171.0,1.781334016,4.764680192,16.371728384,0.779206656,0.0
198,backward,75,107.4,1.781334016,4.764680192,16.371986432,0.779206656,0.0
198,optimizer,75,544.2,1.781334016,4.764680192,16.371986432,0.779206656,0.0
199,forward,75,189.8,1.781334016,4.764471296,16.371953664,0.78301184,0.0
199,backward,75,106.7,1.781334016,4.764471296,16.371695616,0.78301184,0.0
199,optimizer,75,0.0,1.781334016,4.764471296,16.371695616,0.78301184,0.0
200,forward,75,185.7,1.781334016,4.764741632,16.371695616,0.786837504,0.0
200,backward,75,108.4,1.781334016,4.764741632,16.371892224,0.786837504,0.0
200,optimizer,75,0.0,1.781334016,4.764741632,16.371892224,0.786837504,0.0
201,forward,75,183.3,1.781334016,4.764762112,16.37240832,0.790700032,0.0
201,backward,75,105.9,1.781334016,4.764762112,16.37240832,0.790700032,0.0
201,optimizer,75,0.0,1.781334016,4.764762112,16.37240832,0.790700032,0.0
202,forward,75,194.3,1.781334016,4.764307456,16.37240832,0.79454208,0.0
202,backward,75,107.7,1.781334016,4.764307456,16.3726336,0.79454208,0.0
202,optimizer,75,0.0,1.781334016,4.76454912,16.3726336,0.794574848,0.0
203,forward,75,163.4,1.781334016,4.765401088,16.373149696,0.798408704,0.0
203,backward,69,107.2,1.781334016,4.765401088,16.373149696,0.798408704,0.0
203,optimizer,69,0.0,1.781334016,4.765401088,16.373149696,0.798441472,0.0
204,forward,69,228.7,1.781334016,4.763070464,16.3726336,0.802295808,0.0
204,backward,69,105.5,1.781334016,4.763070464,16.3726336,0.802295808,0.0
204,optimizer,69,0.0,1.781334016,4.763070464,16.3726336,0.802295808,0.0
205,forward,69,175.7,1.781334016,4.76424192,16.373149696,0.806121472,0.0
205,backward,69,107.5,1.781334016,4.76424192,16.373149696,0.806121472,0.0
205,optimizer,69,0.0,1.781334016,4.76424192,16.373149696,0.80613376,0.0
206,forward,73,190.3,1.781334016,4.763967488,16.373149696,0.80996352,0.0
206,backward,73,104.7,1.781334016,4.763967488,16.373149696,0.80996352,0.0
206,optimizer,73,0.0,1.781334016,4.763967488,16.373149696,0.809996288,0.0
207,forward,73,220.3,1.781334016,4.762800128,16.373374976,0.813821952,0.0
207,backward,73,80.6,1.781334016,4.762800128,16.373374976,0.813821952,0.0
207,optimizer,73,443.0,1.781334016,4.762800128,16.373374976,0.813862912,0.0
208,forward,73,182.6,1.781334016,4.763119616,16.373374976,0.817696768,0.0
208,backward,73,80.5,1.781334016,4.763119616,16.373374976,0.817696768,0.0
208,optimizer,73,547.0,1.781334016,4.763119616,16.373374976,0.817696768,0.0
209,forward,73,198.2,1.781334016,4.763418624,16.373374976,0.821538816,0.0
209,backward,73,80.7,1.781334016,4.763418624,16.373374976,0.821538816,0.0
209,optimizer,73,0.0,1.781334016,4.763418624,16.373374976,0.8215552,0.0
210,forward,73,205.3,1.781334016,4.764639232,16.373374976,0.825348096,0.0
210,backward,73,106.5,1.781334016,4.764639232,16.373342208,0.825348096,0.0
210,optimizer,73,0.0,1.781334016,4.764639232,16.373342208,0.82538496,0.0
211,forward,73,180.0,1.781334016,4.762107904,16.373342208,0.82921472,0.0
211,backward,79,106.3,1.781334016,4.762107904,16.373342208,0.82921472,0.0
211,optimizer,79,552.2,1.781334016,4.762107904,16.373342208,0.82921472,0.0
212,forward,79,173.0,1.781334016,4.76381184,16.373342208,0.833056768,0.0
212,backward,79,80.6,1.781334016,4.76381184,16.37308416,0.833056768,0.0
212,optimizer,79,0.0,1.781334016,4.764041216,16.37308416,0.833077248,0.0
213,forward,79,206.0,1.781334016,4.762894336,16.37308416,0.836902912,0.0
213,backward,79,105.4,1.781334016,4.762894336,16.37308416,0.836902912,0.0
213,optimizer,79,0.0,1.781334016,4.762894336,16.37308416,0.836952064,0.0
214,forward,79,226.8,1.781334016,4.762873856,16.37308416,0.840769536,0.0
214,backward,74,80.8,1.781334016,4.762873856,16.37308416,0.840769536,0.0
214,optimizer,74,548.5,1.781334016,4.762873856,16.37308416,0.840769536,0.0
215,forward,74,163.2,1.781334016,4.762628096,16.37308416,0.844607488,0.0
215,backward,74,104.8,1.781334016,4.762628096,16.373280768,0.844607488,0.0
215,optimizer,74,0.0,1.781334016,4.762628096,16.373280768,0.844607488,0.0
216,forward,74,207.2,1.781334016,4.76360704,16.373280768,0.848420864,0.0
216,backward,74,107.6,1.781334016,4.76360704,16.373280768,0.848420864,0.0
216,optimizer,74,0.0,1.781334016,4.76360704,16.373280768,0.848420864,0.0
217,forward,74,187.8,1.781334016,4.762857472,16.373280768,0.852283392,0.0
217,backward,75,105.5,1.781334016,4.762857472,16.37302272,0.852283392,0.0
217,optimizer,75,0.0,1.781334016,4.76305408,16.37302272,0.852283392,0.0
218,forward,75,218.6,1.781334016,4.763189248,16.37302272,0.85614592,0.0
218,backward,75,80.1,1.781334016,4.763189248,16.37302272,0.85614592,0.0
218,optimizer,75,0.0,1.781334016,4.763189248,16.37302272,0.85614592,0.0
219,forward,75,165.6,1.781334016,4.762423296,16.37302272,0.859987968,0.0
219,backward,75,106.1,1.781334016,4.762423296,16.372957184,0.859987968,0.0
219,optimizer,75,0.0,1.781334016,4.762423296,16.372957184,0.859987968,0.0
220,forward,75,199.3,1.781334016,4.763123712,16.372957184,0.863793152,0.0
220,backward,73,106.5,1.781334016,4.763123712,16.372957184,0.863793152,0.0
220,optimizer,73,0.0,1.781334016,4.763123712,16.372957184,0.863793152,0.0
221,forward,73,193.9,1.781334016,4.762935296,16.372957184,0.8676352,0.0
221,backward,73,107.3,1.781334016,4.762935296,16.372957184,0.8676352,0.0
221,optimizer,73,0.0,1.781334016,4.762935296,16.372957184,0.8676352,0.0
222,forward,73,189.8,1.781334016,4.762042368,16.372957184,0.87148544,0.0
222,backward,73,106.8,1.781334016,4.762042368,16.372957184,0.87148544,0.0
222,optimizer,73,0.0,1.781334016,4.762042368,16.372957184,0.871501824,0.0
223,forward,74,171.0,1.781334016,4.763250688,16.372957184,0.875331584,0.0
223,backward,74,106.8,1.781334016,4.763250688,16.372957184,0.875331584,0.0
223,optimizer,74,0.0,1.781334016,4.763250688,16.372957184,0.875331584,0.0
224,forward,74,244.1,1.781334016,4.762718208,16.372957184,0.879128576,0.0
224,backward,74,79.9,1.781334016,4.762718208,16.373215232,0.879128576,0.0
224,optimizer,74,397.4,1.781334016,4.76295168,16.373215232,0.87918592,0.0
225,forward,74,164.3,1.781334016,4.763086848,16.373215232,0.883007488,0.0
225,backward,74,108.0,1.781334016,4.763086848,16.373182464,0.883007488,0.0
225,optimizer,74,0.0,1.781334016,4.763086848,16.373182464,0.883007488,0.0
226,forward,76,211.3,1.781334016,4.761698304,16.373182464,0.88684544,0.0
226,backward,76,105.5,1.781334016,4.761698304,16.372924416,0.88684544,0.0
226,optimizer,76,0.0,1.781334016,4.761698304,16.372924416,0.88684544,0.0
227,forward,76,201.9,1.781334016,4.7619072,16.372924416,0.890683392,0.0
227,backward,76,107.2,1.781334016,4.7619072,16.372924416,0.890683392,0.0
227,optimizer,76,0.0,1.781334016,4.7619072,16.372924416,0.890683392,0.0
228,forward,76,167.9,1.781334016,4.762001408,16.373182464,0.894509056,0.0
228,backward,79,105.1,1.781334016,4.762001408,16.373182464,0.894509056,0.0
228,optimizer,79,0.0,1.781334016,4.762001408,16.373182464,0.894509056,0.0
229,forward,79,211.1,1.781334016,4.763070464,16.373182464,0.898322432,0.0
229,backward,79,107.8,1.781334016,4.763070464,16.373182464,0.898322432,0.0
229,optimizer,79,0.0,1.781334016,4.763070464,16.373182464,0.898322432,0.0
230,forward,79,192.0,1.781334016,4.761341952,16.373182464,0.90216448,0.0
230,backward,79,106.7,1.781334016,4.761341952,16.373379072,0.90216448,0.0
230,optimizer,79,0.0,1.781334016,4.761341952,16.373379072,0.90216448,0.0
231,forward,79,167.2,1.781334016,4.76178432,16.373121024,0.90601472,0.0
231,backward,73,107.3,1.781334016,4.76178432,16.373055488,0.90601472,0.0
231,optimizer,73,479.1,1.781334016,4.76178432,16.373055488,0.906031104,0.0
232,forward,73,163.6,1.781334016,4.762783744,16.373055488,0.909873152,0.0
232,backward,73,106.4,1.781334016,4.762783744,16.373055488,0.909873152,0.0
232,optimizer,73,0.0,1.781334016,4.762783744,16.373055488,0.909873152,0.0
233,forward,73,223.5,1.781334016,4.762554368,16.373055488,0.91373568,0.0
233,backward,73,80.2,1.781334016,4.762554368,16.372764672,0.91373568,0.0
233,optimizer,73,432.1,1.781334016,4.762554368,16.372764672,0.913772544,0.0
234,forward,73,192.3,1.781334016,4.761591808,16.372248576,0.91764736,0.0
234,backward,74,106.9,1.781334016,4.761591808,16.372506624,0.91764736,0.0
234,optimizer,74,0.0,1.781334016,4.761591808,16.372506624,0.917671936,0.0
235,forward,74,194.2,1.781334016,4.761341952,16.372506624,0.92147712,0.0
235,backward,74,107.0,1.781334016,4.761341952,16.372506624,0.92147712,0.0
235,optimizer,74,0.0,1.781334016,4.761341952,16.372506624,0.92147712,0.0
236,forward,74,199.5,1.781334016,4.761669632,16.372506624,0.925319168,0.0
236,backward,74,107.6,1.781334016,4.761669632,16.372248576,0.925319168,0.0
236,optimizer,74,0.0,1.781334016,4.761669632,16.372248576,0.925319168,0.0
237,forward,74,203.3,1.781334016,4.762525696,16.372248576,0.929128448,0.0
237,backward,73,107.0,1.781334016,4.762525696,16.372248576,0.929128448,0.0
237,optimizer,73,0.0,1.781334016,4.762525696,16.372248576,0.929128448,0.0
238,forward,73,211.9,1.781334016,4.76203008,16.372764672,0.932929536,0.0
238,backward,73,108.2,1.781334016,4.76203008,16.372764672,0.932929536,0.0
238,optimizer,73,0.0,1.781334016,4.76203008,16.372764672,0.932929536,0.0
239,forward,73,191.7,1.781334016,4.760948736,16.372764672,0.936738816,0.0
239,backward,73,79.5,1.781334016,4.760948736,16.372731904,0.936738816,0.0
239,optimizer,73,547.9,1.781334016,4.760948736,16.372731904,0.936738816,0.0
240,forward,74,167.9,1.781334016,4.761657344,16.372731904,0.940560384,0.0
240,backward,74,108.3,1.781334016,4.761657344,16.372731904,0.940560384,0.0
240,optimizer,74,0.0,1.781334016,4.761657344,16.372731904,0.940560384,0.0
241,forward,74,223.2,1.781334016,4.760899584,16.372731904,0.944377856,0.0
241,backward,74,79.4,1.781334016,4.760899584,16.372731904,0.944377856,0.0
241,optimizer,74,0.0,1.781334016,4.760899584,16.372731904,0.944377856,0.0
242,forward,74,236.0,1.781334016,4.761116672,16.372731904,0.948170752,0.0
242,backward,74,80.8,1.781334016,4.761116672,16.372731904,0.948170752,0.0
242,optimizer,74,0.0,1.781334016,4.761116672,16.372731904,0.948195328,0.0
243,forward,77,205.2,1.781334016,4.762329088,16.372731904,0.952025088,0.0
243,backward,77,106.9,1.781334016,4.762329088,16.372731904,0.952025088,0.0
243,optimizer,77,0.0,1.781334016,4.762329088,16.372731904,0.952049664,0.0
244,forward,77,193.4,1.781334016,4.762120192,16.372731904,0.955830272,0.0
244,backward,77,108.1,1.781334016,4.762120192,16.372731904,0.955830272,0.0
244,optimizer,77,0.0,1.781334016,4.762120192,16.372731904,0.955830272,0.0
245,forward,77,180.0,1.781334016,4.76114944,16.372215808,0.959746048,0.0
245,backward,79,105.4,1.781334016,4.76114944,16.372412416,0.959746048,0.0
245,optimizer,79,0.0,1.781334016,4.76114944,16.372412416,0.959746048,0.0
246,forward,79,195.4,1.781334016,4.761198592,16.372412416,0.963592192,0.0
246,backward,79,80.6,1.781334016,4.761198592,16.372412416,0.963592192,0.0
246,optimizer,79,546.3,1.781334016,4.761198592,16.372412416,0.963592192,0.0
247,forward,79,212.9,1.781334016,4.761464832,16.372412416,0.96745472,0.0
247,backward,79,79.7,1.781334016,4.761464832,16.372154368,0.96745472,0.0
247,optimizer,79,539.3,1.781334016,4.761464832,16.372154368,0.96745472,0.0
248,forward,79,157.7,1.781334016,4.761452544,16.372670464,0.971280384,0.0
248,backward,72,106.7,1.781334016,4.761452544,16.372867072,0.971280384,0.0
248,optimizer,72,0.0,1.781334016,4.761452544,16.372867072,0.971280384,0.0
249,forward,72,190.1,1.781334016,4.760158208,16.372867072,0.975151104,0.0
249,backward,72,133.4,1.781334016,4.760158208,16.372867072,0.975151104,0.0
249,optimizer,72,0.0,1.781334016,4.760383488,16.372867072,0.975167488,0.0
250,forward,72,203.7,1.781334016,4.760715264,16.372867072,0.978976768,0.0
250,backward,72,107.1,1.781334016,4.760715264,16.372867072,0.978976768,0.0
250,optimizer,72,0.0,1.781334016,4.760715264,16.372867072,0.979009536,0.0
251,forward,72,166.1,1.781334016,4.760715264,16.372867072,0.982867968,0.0
251,backward,74,106.9,1.781334016,4.760715264,16.372867072,0.982867968,0.0
251,optimizer,74,0.0,1.781334016,4.760715264,16.372867072,0.982867968,0.0
252,forward,74,197.4,1.781334016,4.76131328,16.372867072,0.986673152,0.0
252,backward,74,133.4,1.781334016,4.76131328,16.372834304,0.986673152,0.0
252,optimizer,74,0.0,1.781334016,4.76131328,16.372834304,0.986673152,0.0
253,forward,74,192.5,1.781334016,4.760969216,16.372834304,0.990539776,0.0
253,backward,74,80.3,1.781334016,4.760969216,16.372834304,0.990539776,0.0
253,optimizer,74,0.0,1.781334016,4.760969216,16.372834304,0.990564352,0.0
254,forward,74,157.0,1.781334016,4.761264128,16.372834304,0.9944064,0.0
254,backward,74,106.1,1.781334016,4.761264128,16.372834304,0.9944064,0.0
254,optimizer,74,0.0,1.781334016,4.761264128,16.372834304,0.994430976,0.0
255,forward,74,198.5,1.781334016,4.759740416,16.372801536,0.998281216,0.0
255,backward,74,107.0,1.781334016,4.759740416,16.372801536,0.998281216,0.0
255,optimizer,74,546.2,1.781334016,4.759740416,16.372801536,0.998281216,0.0
256,forward,74,174.5,1.781334016,4.761014272,16.372801536,1.002090496,0.0
256,backward,74,107.3,1.781334016,4.761014272,16.372801536,1.002090496,0.0
256,optimizer,74,0.0,1.781334016,4.761014272,16.372801536,1.002090496,0.0
257,forward,72,219.1,1.781334016,4.761092096,16.372801536,1.005903872,0.0
257,backward,72,79.6,1.781334016,4.761092096,16.372801536,1.005903872,0.0
257,optimizer,72,0.0,1.781334016,4.761092096,16.372801536,1.005903872,0.0
258,forward,72,197.2,1.781334016,4.760653824,16.372801536,1.00974592,0.0
258,backward,72,134.9,1.781334016,4.760653824,16.372801536,1.00974592,0.0
258,optimizer,72,0.0,1.781334016,4.760653824,16.372801536,1.00974592,0.0
259,forward,72,186.7,1.781334016,4.759506944,16.372801536,1.013551104,0.0
259,backward,79,105.0,1.781334016,4.759506944,16.372801536,1.013551104,0.0
259,optimizer,79,543.5,1.781334016,4.759506944,16.372801536,1.013551104,0.0
260,forward,79,159.1,1.781334016,4.759519232,16.372801536,1.017438208,0.0
260,backward,79,107.6,1.781334016,4.759519232,16.372768768,1.017438208,0.0
260,optimizer,79,0.0,1.781334016,4.759519232,16.372768768,1.017438208,0.0
261,forward,79,197.9,1.781334016,4.759977984,16.373284864,1.02127616,0.0
261,backward,79,104.8,1.781334016,4.759977984,16.373284864,1.02127616,0.0
261,optimizer,79,0.0,1.781334016,4.759977984,16.373284864,1.021292544,0.0
262,forward,79,170.3,1.781334016,4.760252416,16.373542912,1.02514688,0.0
262,backward,74,107.1,1.781334016,4.760252416,16.373542912,1.02514688,0.0
262,optimizer,74,0.0,1.781334016,4.760252416,16.373542912,1.02514688,0.0
263,forward,74,200.7,1.781334016,4.76094464,16.373542912,1.028947968,0.0
263,backward,74,106.6,1.781334016,4.76094464,16.373510144,1.028947968,0.0
263,optimizer,74,547.0,1.781334016,4.76094464,16.373510144,1.028947968,0.0
264,forward,74,183.6,1.781334016,4.761264128,16.373510144,1.032810496,0.0
264,backward,74,79.6,1.781334016,4.761264128,16.373510144,1.032810496,0.0
264,optimizer,74,470.6,1.781334016,4.761264128,16.373510144,1.032839168,0.0
265,forward,74,186.3,1.781334016,4.760727552,16.373510144,1.036640256,0.0
265,backward,71,107.8,1.781334016,4.760764416,16.373477376,1.036640256,0.0
265,optimizer,71,0.0,1.781334016,4.760764416,16.373477376,1.036640256,0.0
266,forward,71,189.9,1.781334016,4.76049408,16.373477376,1.040461824,0.0
266,backward,71,105.0,1.781334016,4.76049408,16.373219328,1.040461824,0.0
266,optimizer,71,0.0,1.781334016,4.76049408,16.373219328,1.040510976,0.0
267,forward,71,215.6,1.781334016,4.75938816,16.373219328,1.044324352,0.0
267,backward,71,106.7,1.781334016,4.75938816,16.373219328,1.044324352,0.0
267,optimizer,71,0.0,1.781334016,4.75938816,16.373219328,1.044369408,0.0
268,forward,72,167.7,1.781334016,4.760100864,16.373219328,1.048174592,0.0
268,backward,72,106.8,1.781334016,4.760100864,16.373219328,1.048174592,0.0
268,optimizer,72,0.0,1.781334016,4.760100864,16.373219328,1.048174592,0.0
269,forward,72,224.4,1.781334016,4.760825856,16.373219328,1.052008448,0.0
269,backward,72,106.4,1.781334016,4.760825856,16.373219328,1.052008448,0.0
269,optimizer,72,0.0,1.781334016,4.760825856,16.373219328,1.052008448,0.0
270,forward,72,182.3,1.781334016,4.760354816,16.373219328,1.055862784,0.0
270,backward,72,108.4,1.781334016,4.760354816,16.373219328,1.055862784,0.0
270,optimizer,72,0.0,1.781334016,4.760354816,16.373219328,1.055862784,0.0
271,forward,76,221.5,1.781334016,4.759748608,16.373219328,1.05965568,0.0
271,backward,76,79.7,1.781334016,4.759748608,16.373219328,1.05965568,0.0
271,optimizer,76,546.7,1.781334016,4.759748608,16.373219328,1.05965568,0.0
272,forward,76,188.6,1.781334016,4.760064,16.373219328,1.063489536,0.0
272,backward,76,107.3,1.781334016,4.760064,16.37296128,1.063489536,0.0
272,optimizer,76,0.0,1.781334016,4.760064,16.37296128,1.063489536,0.0
273,forward,76,187.9,1.781334016,4.759965696,16.373157888,1.067347968,0.0
273,backward,78,104.9,1.781334016,4.759965696,16.373157888,1.067347968,0.0
273,optimizer,78,0.0,1.781334016,4.759965696,16.373157888,1.067347968,0.0
274,forward,78,224.2,1.781334016,4.759310336,16.372641792,1.071181824,0.0
274,backward,78,80.3,1.781334016,4.759310336,16.372641792,1.071181824,0.0
274,optimizer,78,0.0,1.781334016,4.759310336,16.372641792,1.071181824,0.0
275,forward,78,201.4,1.781334016,4.759990272,16.372641792,1.074982912,0.0
275,backward,78,78.7,1.781334016,4.759990272,16.372641792,1.074982912,0.0
275,optimizer,78,0.0,1.781334016,4.759990272,16.372641792,1.074982912,0.0
276,forward,78,220.8,1.781334016,4.75904,16.373096448,1.078861824,0.0
276,backward,74,106.5,1.781334016,4.75904,16.373096448,1.078861824,0.0
276,optimizer,74,0.0,1.781334016,4.75904,16.373096448,1.078861824,0.0
277,forward,74,199.8,1.781334016,4.759957504,16.373551104,1.08269568,0.0
277,backward,74,80.0,1.781334016,4.759957504,16.373293056,1.08269568,0.0
277,optimizer,74,0.0,1.781334016,4.759957504,16.373293056,1.08269568,0.0
278,forward,74,164.0,1.781334016,4.759826432,16.373293056,1.086496768,0.0
278,backward,74,133.9,1.781334016,4.759826432,16.373293056,1.086496768,0.0
278,optimizer,74,0.0,1.781334016,4.759826432,16.373293056,1.086496768,0.0
279,forward,74,188.2,1.781334016,4.759580672,16.37277696,1.090363392,0.0
279,backward,74,107.0,1.781334016,4.759580672,16.37277696,1.090363392,0.0
279,optimizer,74,0.0,1.781334016,4.759580672,16.37277696,1.090363392,0.0
280,forward,74,183.8,1.781334016,4.759240704,16.372973568,1.094213632,0.0
280,backward,74,106.6,1.781334016,4.759240704,16.372973568,1.094213632,0.0
280,optimizer,74,548.1,1.781334016,4.759240704,16.372973568,1.094213632,0.0
281,forward,74,153.3,1.781334016,4.759650304,16.372973568,1.09805568,0.0
281,backward,74,107.7,1.781334016,4.759650304,16.372973568,1.09805568,0.0
281,optimizer,74,0.0,1.781334016,4.759650304,16.372973568,1.09805568,0.0
282,forward,72,218.3,1.781334016,4.759678976,16.372973568,1.101889536,0.0
282,backward,72,78.2,1.781334016,4.759678976,16.37271552,1.101889536,0.0
282,optimizer,72,0.0,1.781334016,4.759678976,16.37271552,1.101938688,0.0
283,forward,72,190.3,1.781334016,4.758454272,16.37271552,1.105772544,0.0
283,backward,72,106.0,1.781334016,4.758454272,16.372457472,1.105772544,0.0
283,optimizer,72,0.0,1.781334016,4.758454272,16.372457472,1.105772544,0.0
284,forward,72,196.2,1.781334016,4.759207936,16.372457472,1.109639168,0.0
284,backward,72,79.8,1.781334016,4.759207936,16.372199424,1.109639168,0.0
284,optimizer,72,548.2,1.781334016,4.759207936,16.372199424,1.109639168,0.0
285,forward,74,199.9,1.781334016,4.759781376,16.372199424,1.113440256,0.0
285,backward,74,106.4,1.781334016,4.759781376,16.372199424,1.113440256,0.0
285,optimizer,74,0.0,1.781334016,4.759781376,16.372199424,1.113440256,0.0
286,forward,74,213.0,1.781334016,4.758093824,16.372199424,1.117298688,0.0
286,backward,74,80.7,1.781334016,4.758093824,16.372199424,1.117298688,0.0
286,optimizer,74,0.0,1.781334016,4.758093824,16.372199424,1.117298688,0.0
287,forward,74,199.1,1.781334016,4.758528,16.372199424,1.121132544,0.0
287,backward,74,106.4,1.781334016,4.758528,16.372199424,1.121132544,0.0
287,optimizer,74,0.0,1.781334016,4.758528,16.372199424,1.121132544,0.0
288,forward,80,219.1,1.781334016,4.75826176,16.37271552,1.1249664,0.0
288,backward,80,107.7,1.781334016,4.75826176,16.37271552,1.1249664,0.0
288,optimizer,80,0.0,1.781334016,4.75826176,16.37271552,1.125011456,0.0
289,forward,80,168.4,1.781334016,4.759035904,16.373231616,1.128820736,0.0
289,backward,80,105.1,1.781334016,4.759035904,16.373137408,1.128820736,0.0
289,optimizer,80,0.0,1.781334016,4.759035904,16.373137408,1.128820736,0.0
290,forward,80,198.1,1.781334016,4.758622208,16.373137408,1.132654592,0.0
290,backward,75,107.4,1.781334016,4.758622208,16.37287936,1.132654592,0.0
290,optimizer,75,0.0,1.781334016,4.758622208,16.37287936,1.132654592,0.0
291,forward,75,190.2,1.781334016,4.757987328,16.37310464,1.136488448,0.0
291,backward,75,104.3,1.781334016,4.757987328,16.37310464,1.136488448,0.0
291,optimizer,75,0.0,1.781334016,4.757987328,16.37310464,1.136488448,0.0
292,forward,75,224.2,1.781334016,4.757786624,16.37310464,1.140371456,0.0
292,backward,75,80.3,1.781334016,4.757786624,16.373071872,1.140371456,0.0
292,optimizer,75,0.0,1.781334016,4.757786624,16.373071872,1.140371456,0.0
293,forward,75,170.3,1.781334016,4.75875328,16.373071872,1.14423808,0.0
293,backward,74,104.0,1.781334016,4.75875328,16.373071872,1.14423808,0.0
293,optimizer,74,0.0,1.781334016,4.75875328,16.373071872,1.14423808,0.0
294,forward,74,215.6,1.781334016,4.75830272,16.372813824,1.14808832,0.0
294,backward,74,106.8,1.781334016,4.75830272,16.372813824,1.14808832,0.0
294,optimizer,74,0.0,1.781334016,4.75830272,16.372813824,1.14808832,0.0
295,forward,74,205.0,1.781334016,4.759003136,16.372813824,1.151885312,0.0
295,backward,74,104.1,1.781334016,4.759003136,16.372813824,1.151885312,0.0
295,optimizer,74,0.0,1.781334016,4.759003136,16.372813824,1.151885312,0.0
296,forward,74,212.0,1.781334016,4.757839872,16.372813824,1.155719168,0.0
296,backward,75,79.7,1.781334016,4.757839872,16.372555776,1.155719168,0.0
296,optimizer,75,545.1,1.781334016,4.757839872,16.372555776,1.155719168,0.0
297,forward,75,168.9,1.781334016,4.75758592,16.372555776,1.159553024,0.0
297,backward,75,106.3,1.781334016,4.75758592,16.372555776,1.159553024,0.0
297,optimizer,75,0.0,1.781334016,4.75758592,16.372555776,1.159553024,0.0
298,forward,75,235.5,1.781334016,4.758192128,16.372555776,1.16338688,0.0
298,backward,75,106.0,1.781334016,4.758192128,16.372555776,1.16338688,0.0
298,optimizer,75,0.0,1.781334016,4.758192128,16.372555776,1.16338688,0.0
299,forward,75,196.9,1.781334016,4.758048768,16.372555776,1.167187968,0.0
299,backward,75,79.7,1.781334016,4.758048768,16.372297728,1.167187968,0.0
299,optimizer,75,431.6,1.781334016,4.758048768,16.372297728,1.16723712,0.0
300,forward,75,159.0,1.781334016,4.75779072,16.372297728,1.171120128,0.0
300,backward,75,105.9,1.781334016,4.75779072,16.37203968,1.171120128,0.0
300,optimizer,75,0.0,1.781334016,4.75779072,16.37203968,1.171120128,0.0
301,forward,75,226.1,1.781334016,4.758470656,16.37203968,1.174953984,0.0
301,backward,75,107.8,1.781334016,4.758470656,16.37203968,1.174953984,0.0
301,optimizer,75,0.0,1.781334016,4.758470656,16.37203968,1.174970368,0.0
302,forward,76,184.0,1.781334016,4.756754432,16.37203968,1.178804224,0.0
302,backward,76,105.4,1.781334016,4.756754432,16.37203968,1.178804224,0.0
302,optimizer,76,0.0,1.781334016,4.756754432,16.37203968,1.178804224,0.0
303,forward,76,201.1,1.781334016,4.757950464,16.372555776,1.182605312,0.0
303,backward,76,107.0,1.781334016,4.757950464,16.372555776,1.182605312,0.0
303,optimizer,76,0.0,1.781334016,4.757950464,16.372555776,1.18263808,0.0
304,forward,76,195.9,1.781334016,4.75813888,16.372781056,1.186500608,0.0
304,backward,76,104.2,1.781334016,4.75813888,16.372748288,1.186500608,0.0
304,optimizer,79,0.0,1.781334016,4.75813888,16.372748288,1.186500608,0.0
305,forward,79,216.9,1.781334016,4.75777024,16.372232192,1.190334464,0.0
305,backward,79,80.0,1.781334016,4.75777024,16.371912704,1.190334464,0.0
305,optimizer,79,434.5,1.781334016,4.75777024,16.371912704,1.190367232,0.0
306,forward,79,218.4,1.781334016,4.75652096,16.371912704,1.19422976,0.0
306,backward,79,106.5,1.781334016,4.75652096,16.371912704,1.19422976,0.0
306,optimizer,79,0.0,1.781334016,4.75652096,16.371912704,1.19422976,0.0
307,forward,79,167.8,1.781334016,4.75660288,16.372170752,1.198030848,0.0
307,backward,72,106.5,1.781334016,4.75660288,16.372170752,1.198030848,0.0
307,optimizer,72,0.0,1.781334016,4.75660288,16.372170752,1.198030848,0.0
308,forward,72,204.1,1.781334016,4.757233664,16.372170752,1.201885184,0.0
308,backward,72,106.0,1.781334016,4.757233664,16.372170752,1.201885184,0.0
308,optimizer,72,0.0,1.781334016,4.757233664,16.372170752,1.201885184,0.0
309,forward,72,214.3,1.781334016,4.756434944,16.372170752,1.20571904,0.0
309,backward,72,80.1,1.781334016,4.756434944,16.372137984,1.20571904,0.0
309,optimizer,72,543.5,1.781334016,4.756434944,16.372137984,1.20571904,0.0
310,forward,72,164.2,1.781334016,4.757438464,16.37265408,1.209626624,0.0
310,backward,74,106.9,1.781334016,4.757438464,16.37265408,1.209626624,0.0
310,optimizer,74,0.0,1.781334016,4.757438464,16.37265408,1.209626624,0.0
311,forward,74,191.5,1.781334016,4.758122496,16.37265408,1.213476864,0.0
311,backward,74,106.0,1.781334016,4.758122496,16.37265408,1.213476864,0.0
311,optimizer,74,0.0,1.781334016,4.758122496,16.37265408,1.213476864,0.0
312,forward,74,220.1,1.781334016,4.75762688,16.37265408,1.217294336,0.0
312,backward,74,80.4,1.781334016,4.75762688,16.372912128,1.217294336,0.0
312,optimizer,74,0.0,1.781334016,4.75762688,16.372912128,1.217294336,0.0
313,forward,74,206.8,1.781334016,4.756455424,16.372912128,1.221173248,0.0
313,backward,74,104.7,1.781334016,4.756455424,16.372912128,1.221173248,0.0
313,optimizer,74,0.0,1.781334016,4.756455424,16.372912128,1.221173248,0.0
314,forward,74,202.8,1.781334016,4.757475328,16.372912128,1.225039872,0.0
314,backward,74,80.0,1.781334016,4.757475328,16.373170176,1.225039872,0.0
314,optimizer,74,550.1,1.781334016,4.757475328,16.373170176,1.225039872,0.0
315,forward,74,183.9,1.781334016,4.756054016,16.373170176,1.228873728,0.0
315,backward,74,133.2,1.781334016,4.756054016,16.373170176,1.228873728,0.0
315,optimizer,74,0.0,1.781334016,4.756054016,16.373170176,1.228873728,0.0
316,forward,73,199.8,1.781334016,4.756676608,16.373170176,1.232707584,0.0
316,backward,73,106.0,1.781334016,4.756676608,16.373137408,1.232707584,0.0
316,optimizer,73,0.0,1.781334016,4.756676608,16.373137408,1.232707584,0.0
317,forward,73,191.0,1.781334016,4.756262912,16.373137408,1.236508672,0.0
317,backward,73,106.5,1.781334016,4.756262912,16.373137408,1.236508672,0.0
317,optimizer,73,0.0,1.781334016,4.756262912,16.373137408,1.236508672,0.0
318,forward,73,192.3,1.781334016,4.756504576,16.372621312,1.240375296,0.0
318,backward,73,106.4,1.781334016,4.756504576,16.372621312,1.240375296,0.0
318,optimizer,73,0.0,1.781334016,4.756504576,16.372621312,1.240375296,0.0
319,forward,80,184.4,1.781334016,4.755841024,16.372621312,1.244209152,0.0
319,backward,80,134.2,1.781334016,4.755841024,16.372621312,1.244209152,0.0
319,optimizer,80,0.0,1.781334016,4.755841024,16.372621312,1.244209152,0.0
320,forward,80,190.6,1.781334016,4.756250624,16.372621312,1.248043008,0.0
320,backward,80,104.3,1.781334016,4.756250624,16.37287936,1.248043008,0.0
320,optimizer,80,0.0,1.781334016,4.756250624,16.37287936,1.248043008,0.0
321,forward,80,189.6,1.781334016,4.756537344,16.372363264,1.251844096,0.0
321,backward,74,106.9,1.781334016,4.756537344,16.372363264,1.251844096,0.0
321,optimizer,74,0.0,1.781334016,4.756537344,16.372363264,1.251844096,0.0
322,forward,74,215.1,1.781334016,4.755423232,16.372363264,1.255677952,0.0
322,backward,74,132.3,1.781334016,4.755423232,16.372363264,1.255677952,0.0
322,optimizer,74,0.0,1.781334016,4.755423232,16.372363264,1.255677952,0.0
323,forward,74,162.9,1.781334016,4.755124224,16.372363264,1.259536384,0.0
323,backward,74,106.1,1.781334016,4.755124224,16.372559872,1.259536384,0.0
323,optimizer,74,0.0,1.781334016,4.755124224,16.372559872,1.25956096,0.0
324,forward,74,194.3,1.781334016,4.754980864,16.372559872,1.2634112,0.0
324,backward,73,106.7,1.781334016,4.754980864,16.372559872,1.2634112,0.0
324,optimizer,73,0.0,1.781334016,4.754980864,16.372559872,1.263427584,0.0
325,forward,73,230.9,1.781334016,4.755447808,16.372559872,1.267228672,0.0
325,backward,73,79.4,1.781334016,4.755447808,16.372559872,1.267228672,0.0
325,optimizer,73,0.0,1.781334016,4.755447808,16.372559872,1.267228672,0.0
326,forward,73,186.1,1.781334016,4.755132416,16.372527104,1.271087104,0.0
326,backward,73,107.2,1.781334016,4.755132416,16.372527104,1.271087104,0.0
326,optimizer,73,0.0,1.781334016,4.755132416,16.372527104,1.271087104,0.0
327,forward,73,196.3,1.781334016,4.755857408,16.372527104,1.274953728,0.0
327,backward,74,105.1,1.781334016,4.755857408,16.372527104,1.274953728,0.0
327,optimizer,74,0.0,1.781334016,4.755857408,16.372527104,1.274953728,0.0
328,forward,74,216.4,1.781334016,4.754710528,16.372527104,1.278787584,0.0
328,backward,74,106.6,1.781334016,4.754710528,16.372527104,1.278787584,0.0
328,optimizer,74,0.0,1.781334016,4.754948096,16.372527104,1.278787584,0.0
329,forward,74,195.2,1.781334016,4.755042304,16.372785152,1.282674688,0.0
329,backward,74,104.3,1.781334016,4.755042304,16.372752384,1.282674688,0.0
329,optimizer,74,0.0,1.781334016,4.755042304,16.372752384,1.28268288,0.0
330,forward,74,195.0,1.781334016,4.75502592,16.372752384,1.286545408,0.0
330,backward,74,106.4,1.781334016,4.75502592,16.373010432,1.286545408,0.0
330,optimizer,74,0.0,1.781334016,4.75502592,16.373010432,1.286545408,0.0
331,forward,74,168.6,1.781334016,4.755832832,16.373010432,1.290346496,0.0
331,backward,74,103.7,1.781334016,4.755832832,16.373010432,1.290346496,0.0
331,optimizer,74,0.0,1.781334016,4.755832832,16.373010432,1.290346496,0.0
332,forward,74,221.0,1.781334016,4.755857408,16.373010432,1.294180352,0.0
332,backward,74,105.7,1.781334016,4.755857408,16.373010432,1.294180352,0.0
332,optimizer,74,0.0,1.781334016,4.755857408,16.373010432,1.294180352,0.0
333,forward,80,174.0,1.781334016,4.754624512,16.373010432,1.298014208,0.0
333,backward,80,107.6,1.781334016,4.754624512,16.372977664,1.298014208,0.0
333,optimizer,80,0.0,1.781334016,4.754624512,16.372977664,1.298014208,0.0
334,forward,80,209.2,1.781334016,4.755750912,16.372977664,1.301815296,0.0
334,backward,80,105.4,1.781334016,4.755750912,16.372977664,1.301815296,0.0
334,optimizer,80,0.0,1.781334016,4.755750912,16.372977664,1.301839872,0.0
335,forward,80,191.1,1.781334016,4.754505728,16.37349376,1.305673728,0.0
335,backward,76,106.9,1.781334016,4.754505728,16.37349376,1.305673728,0.0
335,optimizer,76,0.0,1.781334016,4.754735104,16.37349376,1.305731072,0.0
336,forward,76,227.1,1.781334016,4.754812928,16.37349376,1.309564928,0.0
336,backward,76,104.1,1.781334016,4.754812928,16.37349376,1.309564928,0.0
336,optimizer,76,0.0,1.781334016,4.754812928,16.37349376,1.309564928,0.0
337,forward,76,189.0,1.781334016,4.754415616,16.37349376,1.313366016,0.0
337,backward,76,106.5,1.781334016,4.754415616,16.373751808,1.313366016,0.0
337,optimizer,76,0.0,1.781334016,4.754415616,16.373751808,1.313366016,0.0
338,forward,76,196.2,1.781334016,4.754026496,16.373751808,1.317199872,0.0
338,backward,73,104.6,1.781334016,4.754026496,16.373977088,1.317199872,0.0
338,optimizer,73,0.0,1.781334016,4.754026496,16.373977088,1.317199872,0.0
339,forward,73,196.9,1.781334016,4.75428864,16.373977088,1.321033728,0.0
339,backward,73,106.2,1.781334016,4.75428864,16.3736576,1.321033728,0.0
339,optimizer,73,0.0,1.781334016,4.75428864,16.3736576,1.321033728,0.0
340,forward,73,199.9,1.781334016,4.753248256,16.3736576,1.324834816,0.0
340,backward,73,105.8,1.781334016,4.753248256,16.373624832,1.324834816,0.0
340,optimizer,73,0.0,1.781334016,4.753248256,16.373624832,1.324834816,0.0
341,forward,73,213.9,1.781334016,4.755034112,16.373624832,1.328668672,0.0
341,backward,75,80.1,1.781334016,4.755034112,16.373624832,1.328668672,0.0
341,optimizer,75,0.0,1.781334016,4.755034112,16.373624832,1.328668672,0.0
342,forward,75,186.8,1.781334016,4.754796544,16.373366784,1.3325312,0.0
342,backward,75,105.3,1.781334016,4.754796544,16.373366784,1.3325312,0.0
342,optimizer,75,0.0,1.781334016,4.754796544,16.373366784,1.3325312,0.0
343,forward,75,212.1,1.781334016,4.754419712,16.37259264,1.336332288,0.0
343,backward,75,132.5,1.781334016,4.754419712,16.37259264,1.336332288,0.0
343,optimizer,75,0.0,1.781334016,4.754419712,16.37259264,1.336365056,0.0
344,forward,74,185.2,1.781334016,4.753985536,16.37259264,1.340198912,0.0
344,backward,74,107.7,1.781334016,4.753985536,16.372559872,1.340198912,0.0
344,optimizer,74,0.0,1.781334016,4.753985536,16.372559872,1.340198912,0.0
345,forward,74,180.2,1.781334016,4.753485824,16.372559872,1.344032768,0.0
345,backward,74,104.6,1.781334016,4.753485824,16.372559872,1.344032768,0.0
345,optimizer,74,0.0,1.781334016,4.753485824,16.372559872,1.34406144,0.0
346,forward,74,192.0,1.781334016,4.753014784,16.372559872,1.347895296,0.0
346,backward,74,79.6,1.781334016,4.753014784,16.372498432,1.347895296,0.0
346,optimizer,74,545.1,1.781334016,4.753014784,16.372498432,1.347895296,0.0
347,forward,77,211.9,1.781334016,4.75455488,16.372498432,1.35172096,0.0
347,backward,77,77.9,1.781334016,4.75455488,16.372498432,1.35172096,0.0
347,optimizer,77,548.9,1.781334016,4.75455488,16.372498432,1.35172096,0.0
348,forward,77,162.3,1.781334016,4.7547392,16.372498432,1.355554816,0.0
348,backward,77,106.4,1.781334016,4.75480064,16.372498432,1.355554816,0.0
348,optimizer,77,0.0,1.781334016,4.75480064,16.372498432,1.355554816,0.0
349,forward,77,190.4,1.781334016,4.753440768,16.372498432,1.35942144,0.0
349,backward,77,132.9,1.781334016,4.753440768,16.372498432,1.35942144,0.0
349,optimizer,78,0.0,1.781334016,4.753440768,16.372498432,1.35942144,0.0
350,forward,78,165.0,1.781334016,4.754272256,16.372498432,1.363275776,0.0
350,backward,78,79.2,1.781334016,4.754272256,16.372498432,1.363275776,0.0
350,optimizer,78,543.8,1.781334016,4.754272256,16.372498432,1.363275776,0.0
351,forward,78,214.8,1.781334016,4.752277504,16.372498432,1.367109632,0.0
351,backward,78,107.9,1.781334016,4.752277504,16.372498432,1.367109632,0.0
351,optimizer,78,0.0,1.781334016,4.752277504,16.372498432,1.367138304,0.0
352,forward,78,178.9,1.781334016,4.754251776,16.372498432,1.37097216,0.0
352,backward,73,79.4,1.781334016,4.754251776,16.372498432,1.37097216,0.0
352,optimizer,73,548.6,1.781334016,4.754251776,16.372498432,1.37097216,0.0
353,forward,73,212.3,1.781334016,4.752351232,16.372498432,1.374806016,0.0
353,backward,73,80.9,1.781334016,4.752351232,16.372723712,1.374806016,0.0
353,optimizer,73,0.0,1.781334016,4.752351232,16.372723712,1.374806016,0.0
354,forward,73,170.2,1.781334016,4.7538176,16.373239808,1.378668544,0.0
354,backward,73,106.0,1.781334016,4.7538176,16.373239808,1.378668544,0.0
354,optimizer,73,0.0,1.781334016,4.7538176,16.373239808,1.378668544,0.0
355,forward,73,250.3,1.781334016,4.75365376,16.373239808,1.3825024,0.0
355,backward,75,107.6,1.781334016,4.75365376,16.37298176,1.3825024,0.0
355,optimizer,75,0.0,1.781334016,4.753883136,16.37298176,1.38252288,0.0
356,forward,75,191.3,1.781334016,4.75357184,16.37298176,1.386356736,0.0
356,backward,75,79.1,1.781334016,4.75357184,16.37298176,1.386356736,0.0
356,optimizer,75,0.0,1.781334016,4.75357184,16.37298176,1.38637312,0.0
357,forward,75,228.1,1.781334016,4.754141184,16.37298176,1.390174208,0.0
357,backward,75,80.0,1.781334016,4.754141184,16.37298176,1.390174208,0.0
357,optimizer,75,537.9,1.781334016,4.754141184,16.37298176,1.390174208,0.0
358,forward,75,182.7,1.781334016,4.75328512,16.37298176,1.3940736,0.0
358,backward,73,104.9,1.781334016,4.75328512,16.372948992,1.3940736,0.0
358,optimizer,73,0.0,1.781334016,4.75328512,16.372948992,1.3940736,0.0
359,forward,73,191.6,1.781334016,4.753424384,16.372948992,1.397907456,0.0
359,backward,73,106.1,1.781334016,4.753424384,16.372948992,1.397907456,0.0
359,optimizer,73,0.0,1.781334016,4.753424384,16.372948992,1.397907456,0.0
360,forward,73,226.3,1.781334016,4.75301888,16.372948992,1.401741312,0.0
360,backward,73,106.2,1.781334016,4.75301888,16.372948992,1.401741312,0.0
360,optimizer,73,0.0,1.781334016,4.75301888,16.372948992,1.401741312,0.0
361,forward,74,189.4,1.781334016,4.753416192,16.372948992,1.4055424,0.0
361,backward,74,105.6,1.781334016,4.753416192,16.373112832,1.4055424,0.0
361,optimizer,74,472.3,1.781334016,4.753416192,16.373112832,1.405558784,0.0
362,forward,74,192.2,1.781334016,4.752519168,16.373112832,1.40939264,0.0
362,backward,74,80.7,1.781334016,4.752519168,16.373112832,1.40939264,0.0
362,optimizer,74,479.2,1.781334016,4.752519168,16.373112832,1.409409024,0.0
363,forward,74,133.1,1.781334016,4.753895424,16.373112832,1.41326336,0.0
363,backward,74,105.2,1.781334016,4.753895424,16.373112832,1.41326336,0.0
363,optimizer,74,0.0,1.781334016,4.753895424,16.373112832,1.41326336,0.0
364,forward,80,245.9,1.781334016,4.7536128,16.373112832,1.417097216,0.0
364,backward,80,106.4,1.781334016,4.7536128,16.372854784,1.417097216,0.0
364,optimizer,80,0.0,1.781334016,4.7536128,16.372854784,1.417097216,0.0
365,forward,80,201.7,1.781334016,4.752642048,16.372854784,1.42096384,0.0
365,backward,80,106.4,1.781334016,4.752642048,16.372854784,1.42096384,0.0
365,optimizer,80,0.0,1.781334016,4.752642048,16.372854784,1.42096384,0.0
366,forward,80,195.6,1.781334016,4.753371136,16.372854784,1.424797696,0.0
366,backward,72,105.9,1.781334016,4.753371136,16.372596736,1.424797696,0.0
366,optimizer,72,0.0,1.781334016,4.753371136,16.372596736,1.424797696,0.0
367,forward,72,195.4,1.781334016,4.753567744,16.372596736,1.428598784,0.0
367,backward,72,107.0,1.781334016,4.753567744,16.372535296,1.428598784,0.0
367,optimizer,72,0.0,1.781334016,4.753567744,16.372535296,1.428598784,0.0
368,forward,72,185.9,1.781334016,4.752883712,16.372793344,1.43243264,0.0
368,backward,72,105.4,1.781334016,4.752883712,16.372793344,1.43243264,0.0
368,optimizer,72,0.0,1.781334016,4.752883712,16.372793344,1.43243264,0.0
369,forward,72,224.7,1.781334016,4.752969728,16.372793344,1.436291072,0.0
369,backward,74,80.4,1.781334016,4.752969728,16.372793344,1.436291072,0.0
369,optimizer,74,0.0,1.781334016,4.752969728,16.372793344,1.436291072,0.0
370,forward,74,242.6,1.781334016,4.752719872,16.372215808,1.44009216,0.0
370,backward,74,104.6,1.781334016,4.752719872,16.372215808,1.44009216,0.0
370,optimizer,74,0.0,1.781334016,4.752719872,16.372215808,1.44009216,0.0
371,forward,74,194.6,1.781334016,4.753158144,16.372473856,1.443975168,0.0
371,backward,74,106.3,1.781334016,4.753158144,16.372731904,1.443975168,0.0
371,optimizer,74,0.0,1.781334016,4.753158144,16.372731904,1.44400384,0.0
372,forward,74,161.6,1.781334016,4.753190912,16.372731904,1.447837696,0.0
372,backward,73,132.2,1.781334016,4.753190912,16.372473856,1.447837696,0.0
372,optimizer,73,0.0,1.781334016,4.753190912,16.372473856,1.447837696,0.0
373,forward,73,181.5,1.781334016,4.752347136,16.372473856,1.451671552,0.0
373,backward,73,105.2,1.781334016,4.752347136,16.372473856,1.451671552,0.0
373,optimizer,73,0.0,1.781334016,4.752347136,16.372473856,1.451671552,0.0
374,forward,73,198.3,1.781334016,4.752887808,16.372989952,1.455505408,0.0
374,backward,73,80.2,1.781334016,4.752887808,16.372957184,1.455505408,0.0
374,optimizer,73,548.9,1.781334016,4.752887808,16.372957184,1.455505408,0.0
375,forward,75,219.1,1.781334016,4.751847424,16.372957184,1.459339264,0.0
375,backward,75,105.6,1.781334016,4.751847424,16.372957184,1.459339264,0.0
375,optimizer,75,0.0,1.781334016,4.751847424,16.372957184,1.459339264,0.0
376,forward,75,204.9,1.781334016,4.75252736,16.372957184,1.46317312,0.0
376,backward,75,107.0,1.781334016,4.75252736,16.372957184,1.46317312,0.0
376,optimizer,75,0.0,1.781334016,4.75252736,16.372957184,1.46317312,0.0
377,forward,75,190.1,1.781334016,4.752560128,16.372957184,1.467031552,0.0
377,backward,75,78.2,1.781334016,4.752560128,16.372957184,1.467031552,0.0
377,optimizer,75,538.3,1.781334016,4.752560128,16.372957184,1.467031552,0.0
378,forward,80,184.3,1.781334016,4.751556608,16.372957184,1.47083264,0.0
378,backward,80,106.4,1.781334016,4.751556608,16.372957184,1.47083264,0.0
378,optimizer,80,0.0,1.781334016,4.751556608,16.372957184,1.47083264,0.0
379,forward,80,199.5,1.781334016,4.752195584,16.372699136,1.474691072,0.0
379,backward,80,104.4,1.781334016,4.752195584,16.372699136,1.474691072,0.0
379,optimizer,80,0.0,1.781334016,4.752195584,16.372699136,1.474691072,0.0
380,forward,80,191.4,1.781334016,4.752416768,16.372699136,1.47849216,0.0
380,backward,74,105.3,1.781334016,4.752416768,16.372699136,1.47849216,0.0
380,optimizer,74,0.0,1.781334016,4.752416768,16.372699136,1.47849216,0.0
381,forward,74,189.1,1.781334016,4.752044032,16.372699136,1.482350592,0.0
381,backward,74,133.2,1.781334016,4.752044032,16.372441088,1.482350592,0.0
381,optimizer,74,0.0,1.781334016,4.752044032,16.372441088,1.482350592,0.0
382,forward,74,165.9,1.781334016,4.752740352,16.372441088,1.486184448,0.0
382,backward,74,106.5,1.781334016,4.752740352,16.372441088,1.486184448,0.0
382,optimizer,74,0.0,1.781334016,4.752740352,16.372441088,1.486184448,0.0
383,forward,74,208.6,1.781334016,4.75056128,16.372441088,1.49004288,0.0
383,backward,74,107.4,1.781334016,4.75076608,16.372441088,1.49004288,0.0
383,optimizer,74,0.0,1.781334016,4.75076608,16.372441088,1.49004288,0.0
384,forward,74,209.5,1.781334016,4.751998976,16.372441088,1.493876736,0.0
384,backward,74,105.1,1.781334016,4.751998976,16.372637696,1.493876736,0.0
384,optimizer,74,0.0,1.781334016,4.751998976,16.372637696,1.493876736,0.0
385,forward,74,184.7,1.781334016,4.752297984,16.373383168,1.497710592,0.0
385,backward,74,106.8,1.781334016,4.752297984,16.373579776,1.497710592,0.0
385,optimizer,74,0.0,1.781334016,4.752297984,16.373579776,1.497710592,0.0
386,forward,74,221.3,1.781334016,4.751654912,16.373579776,1.501544448,0.0
386,backward,73,104.2,1.781334016,4.751654912,16.373579776,1.501544448,0.0
386,optimizer,73,0.0,1.781334016,4.751654912,16.373579776,1.501544448,0.0
387,forward,73,198.9,1.781334016,4.7515648,16.373579776,1.505378304,0.0
387,backward,73,106.2,1.781334016,4.7515648,16.373579776,1.505378304,0.0
387,optimizer,73,0.0,1.781334016,4.7515648,16.373579776,1.505378304,0.0
388,forward,73,217.8,1.781334016,4.750798848,16.37351424,1.50921216,0.0
388,backward,73,105.9,1.781334016,4.750798848,16.37351424,1.50921216,0.0
388,optimizer,73,0.0,1.781334016,4.750798848,16.37351424,1.50921216,0.0
389,forward,74,204.2,1.781334016,4.75123712,16.374030336,1.513013248,0.0
389,backward,74,79.9,1.781334016,4.75123712,16.373997568,1.513013248,0.0
389,optimizer,74,0.0,1.781334016,4.75123712,16.373997568,1.513013248,0.0
390,forward,74,199.6,1.781334016,4.751450112,16.373997568,1.516847104,0.0
390,backward,74,104.8,1.781334016,4.751450112,16.373997568,1.516847104,0.0
390,optimizer,74,0.0,1.781334016,4.751450112,16.373997568,1.516847104,0.0
391,forward,74,188.2,1.781334016,4.751753216,16.373997568,1.52068096,0.0
391,backward,74,105.6,1.781334016,4.751753216,16.373997568,1.52068096,0.0
391,optimizer,74,0.0,1.781334016,4.751753216,16.373997568,1.52068096,0.0
392,forward,80,221.1,1.781334016,4.750368768,16.373997568,1.524482048,0.0
392,backward,80,107.4,1.781334016,4.750368768,16.37373952,1.524482048,0.0
392,optimizer,80,0.0,1.781334016,4.750368768,16.37373952,1.524535296,0.0
393,forward,80,190.9,1.781334016,4.750106624,16.37373952,1.528373248,0.0
393,backward,80,105.0,1.781334016,4.750106624,16.373481472,1.528373248,0.0
393,optimizer,80,0.0,1.781334016,4.750106624,16.373481472,1.528373248,0.0
394,forward,80,160.3,1.781334016,4.750573568,16.373481472,1.53219072,0.0
394,backward,75,80.3,1.781334016,4.750573568,16.373223424,1.53219072,0.0
394,optimizer,75,545.8,1.781334016,4.750573568,16.373223424,1.53219072,0.0
395,forward,75,195.6,1.781334016,4.751241216,16.372707328,1.536008192,0.0
395,backward,75,79.8,1.781334016,4.751241216,16.372707328,1.536008192,0.0
395,optimizer,75,536.7,1.781334016,4.751241216,16.372707328,1.536008192,0.0
396,forward,75,190.3,1.781334016,4.751368192,16.372707328,1.5396864,0.0
396,backward,75,106.2,1.781334016,4.751368192,16.372707328,1.5396864,0.0
396,optimizer,75,0.0,1.781334016,4.751368192,16.372707328,1.5396864,0.0
397,forward,75,214.4,1.781334016,4.75031552,16.372707328,1.54353664,0.0
397,backward,71,107.3,1.781334016,4.75031552,16.37244928,1.54353664,0.0
397,optimizer,71,0.0,1.781334016,4.75031552,16.37244928,1.54353664,0.0
398,forward,71,197.7,1.781334016,4.749930496,16.37244928,1.547337728,0.0
398,backward,71,105.0,1.781334016,4.749930496,16.37244928,1.547337728,0.0
398,optimizer,71,0.0,1.781334016,4.749930496,16.37244928,1.547337728,0.0
399,forward,71,195.5,1.781334016,4.75060224,16.372645888,1.551118336,0.0
399,backward,71,107.1,1.781334016,4.75060224,16.372645888,1.551118336,0.0
399,optimizer,71,0.0,1.781334016,4.75060224,16.372645888,1.551118336,0.0
400,forward,71,166.3,1.781334016,4.751286272,16.372645888,1.55492352,0.0
400,backward,74,104.3,1.781334016,4.751286272,16.372645888,1.55492352,0.0
400,optimizer,74,0.0,1.781334016,4.751286272,16.372645888,1.55492352,0.0
401,forward,74,215.4,1.781334016,4.751179776,16.372645888,1.558642688,0.0
401,backward,74,79.9,1.781334016,4.751179776,16.37261312,1.558642688,0.0
401,optimizer,74,0.0,1.781334016,4.751179776,16.37261312,1.558642688,0.0
402,forward,74,183.2,1.781334016,4.751138816,16.37261312,1.562374144,0.0
402,backward,74,106.2,1.781334016,4.751138816,16.37261312,1.562374144,0.0
402,optimizer,74,0.0,1.781334016,4.751138816,16.37261312,1.562374144,0.0
403,forward,74,188.8,1.781334016,4.75078656,16.37261312,1.566162944,0.0
403,backward,74,132.1,1.781334016,4.75078656,16.37261312,1.566162944,0.0
403,optimizer,74,0.0,1.781334016,4.75078656,16.37261312,1.566195712,0.0
404,forward,74,200.2,1.781334016,4.751519744,16.37261312,1.570062336,0.0
404,backward,74,106.7,1.781334016,4.751519744,16.37261312,1.570062336,0.0
404,optimizer,74,0.0,1.781334016,4.751519744,16.37261312,1.570062336,0.0
405,forward,74,180.3,1.781334016,4.750077952,16.37261312,1.57380608,0.0
405,backward,76,107.1,1.781334016,4.750077952,16.37261312,1.57380608,0.0
405,optimizer,76,0.0,1.781334016,4.750077952,16.37261312,1.573830656,0.0
406,forward,76,193.6,1.781334016,4.750856192,16.37261312,1.577644032,0.0
406,backward,76,103.5,1.781334016,4.750856192,16.37261312,1.577644032,0.0
406,optimizer,76,0.0,1.781334016,4.750856192,16.37261312,1.577644032,0.0
407,forward,76,201.9,1.781334016,4.751253504,16.37261312,1.581432832,0.0
407,backward,76,104.6,1.781334016,4.751253504,16.37261312,1.581432832,0.0
407,optimizer,76,0.0,1.781334016,4.751253504,16.37261312,1.581432832,0.0
408,forward,76,182.9,1.781334016,4.750327808,16.37261312,1.585201152,0.0
408,backward,68,132.2,1.781334016,4.750327808,16.37261312,1.585201152,0.0
408,optimizer,68,0.0,1.781334016,4.750327808,16.37261312,1.585201152,0.0
409,forward,68,217.3,1.781334016,4.74947584,16.372580352,1.589010432,0.0
409,backward,68,80.2,1.781334016,4.74947584,16.372580352,1.589010432,0.0
409,optimizer,68,0.0,1.781334016,4.74947584,16.372580352,1.589010432,0.0
410,forward,68,168.4,1.781334016,4.750848,16.372580352,1.592803328,0.0
410,backward,68,79.4,1.781334016,4.750848,16.372580352,1.592803328,0.0
410,optimizer,68,543.0,1.781334016,4.750848,16.372580352,1.592803328,0.0
411,forward,73,209.3,1.781334016,4.750393344,16.373096448,1.596612608,0.0
411,backward,73,80.7,1.781334016,4.750393344,16.373096448,1.596612608,0.0
411,optimizer,73,543.7,1.781334016,4.750393344,16.373096448,1.596612608,0.0
412,forward,73,217.7,1.781334016,4.750041088,16.373096448,1.600270336,0.0
412,backward,73,77.6,1.781334016,4.750041088,16.373096448,1.600270336,0.0
412,optimizer,73,535.1,1.781334016,4.750041088,16.373096448,1.600270336,0.0
413,forward,73,195.9,1.781334016,4.750774272,16.373096448,1.604194304,0.0
413,backward,73,106.0,1.781334016,4.750774272,16.373096448,1.604194304,0.0
413,optimizer,73,0.0,1.781334016,4.750774272,16.373096448,1.604194304,0.0
414,forward,77,191.8,1.781334016,4.751732736,16.373096448,1.607880704,0.0
414,backward,77,107.1,1.781334016,4.751732736,16.373096448,1.607880704,0.0
414,optimizer,77,0.0,1.781334016,4.751732736,16.373096448,1.607880704,0.0
415,forward,77,160.6,1.781334016,4.751740928,16.373096448,1.611624448,0.0
415,backward,77,104.6,1.781334016,4.751740928,16.373096448,1.611624448,0.0
415,optimizer,77,0.0,1.781334016,4.751740928,16.373096448,1.611649024,0.0
416,forward,77,218.3,1.781334016,4.751581184,16.373035008,1.61548288,0.0
416,backward,75,106.2,1.781334016,4.751581184,16.37277696,1.61548288,0.0
416,optimizer,75,0.0,1.781334016,4.751581184,16.37277696,1.61548288,0.0
417,forward,75,202.5,1.781334016,4.750503936,16.372744192,1.6192512,0.0
417,backward,75,107.3,1.781334016,4.750503936,16.372711424,1.6192512,0.0
417,optimizer,75,0.0,1.781334016,4.750503936,16.372711424,1.6192512,0.0
418,forward,75,161.9,1.781334016,4.749594624,16.372969472,1.623052288,0.0
418,backward,75,108.3,1.781334016,4.749594624,16.372969472,1.623052288,0.0
418,optimizer,75,0.0,1.781334016,4.749594624,16.372969472,1.62308096,0.0
419,forward,75,202.6,1.781334016,4.751085568,16.372969472,1.626939392,0.0
419,backward,63,78.3,1.781334016,4.751085568,16.372969472,1.626939392,0.0
419,optimizer,63,547.0,1.781334016,4.751085568,16.372969472,1.626939392,0.0
420,forward,63,210.4,1.781334016,4.750577664,16.372969472,1.630580736,0.0
420,backward,63,79.2,1.781334016,4.750577664,16.372969472,1.630580736,0.0
420,optimizer,63,543.0,1.781334016,4.750577664,16.372969472,1.630580736,0.0
421,forward,63,163.7,1.781334016,4.752150528,16.372969472,1.634373632,0.0
421,backward,63,107.0,1.781334016,4.752150528,16.372969472,1.634373632,0.0
421,optimizer,63,0.0,1.781334016,4.752150528,16.372969472,1.634373632,0.0
422,forward,76,185.3,1.781334016,4.751200256,16.372969472,1.638182912,0.0
422,backward,76,104.6,1.781334016,4.751200256,16.372936704,1.638182912,0.0
422,optimizer,76,0.0,1.781334016,4.751200256,16.372936704,1.638182912,0.0
423,forward,76,209.5,1.781334016,4.750385152,16.373133312,1.642057728,0.0
423,backward,76,106.6,1.781334016,4.750385152,16.373133312,1.642057728,0.0
423,optimizer,76,0.0,1.781334016,4.750385152,16.373133312,1.642057728,0.0
424,forward,76,190.8,1.781334016,4.750209024,16.373133312,1.645903872,0.0
424,backward,76,105.3,1.781334016,4.750278656,16.372875264,1.645903872,0.0
424,optimizer,76,0.0,1.781334016,4.750278656,16.372875264,1.645903872,0.0
425,forward,78,197.1,1.781334016,4.751024128,16.372875264,1.649709056,0.0
425,backward,78,105.9,1.781334016,4.751024128,16.372875264,1.649709056,0.0
425,optimizer,78,0.0,1.781334016,4.751024128,16.372875264,1.649709056,0.0
426,forward,78,209.1,1.781334016,4.75004928,16.372875264,1.65357568,0.0
426,backward,78,80.7,1.781334016,4.75004928,16.372875264,1.65357568,0.0
426,optimizer,78,0.0,1.781334016,4.75004928,16.372875264,1.65357568,0.0
427,forward,78,200.5,1.781334016,4.749156352,16.372875264,1.657327616,0.0
427,backward,72,104.4,1.781334016,4.749156352,16.373071872,1.657327616,0.0
427,optimizer,72,0.0,1.781334016,4.749156352,16.373071872,1.657344,0.0
428,forward,72,233.3,1.781334016,4.749754368,16.373071872,1.661218816,0.0
428,backward,72,105.9,1.781334016,4.749754368,16.372813824,1.661218816,0.0
428,optimizer,72,0.0,1.781334016,4.749754368,16.372813824,1.661218816,0.0
429,forward,72,193.3,1.781334016,4.750471168,16.372813824,1.664999424,0.0
429,backward,72,105.7,1.781334016,4.750471168,16.372813824,1.664999424,0.0
429,optimizer,72,0.0,1.781334016,4.750471168,16.372813824,1.664999424,0.0
430,forward,72,200.2,1.781334016,4.751335424,16.372555776,1.668804608,0.0
430,backward,72,79.5,1.781334016,4.751335424,16.372555776,1.668804608,0.0
430,optimizer,72,439.6,1.781334016,4.751335424,16.372555776,1.668849664,0.0
431,forward,72,195.5,1.781334016,4.750733312,16.372813824,1.672671232,0.0
431,backward,72,80.2,1.781334016,4.750733312,16.372813824,1.672671232,0.0
431,optimizer,72,0.0,1.781334016,4.750733312,16.372813824,1.672695808,0.0
432,forward,72,204.5,1.781334016,4.750442496,16.372813824,1.676419072,0.0
432,backward,72,107.6,1.781334016,4.750442496,16.37326848,1.676419072,0.0
432,optimizer,72,0.0,1.781334016,4.750442496,16.37326848,1.676419072,0.0
433,forward,71,212.3,1.781334016,4.749778944,16.37326848,1.680244736,0.0
433,backward,71,78.2,1.781334016,4.749778944,16.37326848,1.680244736,0.0
433,optimizer,71,543.8,1.781334016,4.749778944,16.37326848,1.680244736,0.0
434,forward,71,195.6,1.781334016,4.750778368,16.37326848,1.684074496,0.0
434,backward,71,105.2,1.781334016,4.750778368,16.37326848,1.684074496,0.0
434,optimizer,71,0.0,1.781334016,4.750778368,16.37326848,1.684074496,0.0
435,forward,71,196.4,1.781334016,4.750966784,16.37326848,1.687949312,0.0
435,backward,75,105.7,1.781334016,4.750966784,16.373235712,1.687949312,0.0
435,optimizer,75,0.0,1.781334016,4.750966784,16.373235712,1.687949312,0.0
436,forward,75,180.4,1.781334016,4.75092992,16.373235712,1.691664384,0.0
436,backward,75,106.1,1.781334016,4.75092992,16.372977664,1.691664384,0.0
436,optimizer,75,0.0,1.781334016,4.75092992,16.372977664,1.691664384,0.0
437,forward,75,204.3,1.781334016,4.75027456,16.372977664,1.695485952,0.0
437,backward,75,105.4,1.781334016,4.75027456,16.372719616,1.695485952,0.0
437,optimizer,75,0.0,1.781334016,4.75027456,16.372719616,1.695502336,0.0
438,forward,61,213.7,1.781334016,4.749545472,16.372686848,1.699328,0.0
438,backward,61,106.5,1.781334016,4.749545472,16.37269504,1.699328,0.0
438,optimizer,61,0.0,1.781334016,4.749545472,16.37269504,1.699328,0.0
439,forward,61,195.7,1.781334016,4.750409728,16.37269504,1.703112704,0.0
439,backward,61,103.3,1.781334016,4.750409728,16.372436992,1.703112704,0.0
439,optimizer,61,0.0,1.781334016,4.750409728,16.372436992,1.703112704,0.0
440,forward,61,184.1,1.781334016,4.749860864,16.372436992,1.706811392,0.0
440,backward,61,105.7,1.781334016,4.749860864,16.372436992,1.706811392,0.0
440,optimizer,61,0.0,1.781334016,4.749860864,16.372436992,1.706811392,0.0
441,forward,78,168.2,1.781334016,4.750454784,16.372436992,1.71053056,0.0
441,backward,78,105.6,1.781334016,4.750454784,16.372436992,1.71053056,0.0
441,optimizer,78,0.0,1.781334016,4.750454784,16.372436992,1.71053056,0.0
442,forward,78,214.4,1.781334016,4.750503936,16.372436992,1.714270208,0.0
442,backward,78,105.4,1.781334016,4.750503936,16.372436992,1.714270208,0.0
442,optimizer,78,0.0,1.781334016,4.750741504,16.372436992,1.714270208,0.0
443,forward,78,207.3,1.781334016,4.749733888,16.372641792,1.718104064,0.0
443,backward,78,106.6,1.781334016,4.749733888,16.372641792,1.718104064,0.0
443,optimizer,76,0.0,1.781334016,4.749733888,16.372641792,1.718104064,0.0
444,forward,76,195.1,1.781334016,4.751425536,16.372641792,1.721909248,0.0
444,backward,76,78.3,1.781334016,4.751425536,16.37289984,1.721909248,0.0
444,optimizer,76,465.4,1.781334016,4.751425536,16.37289984,1.721942016,0.0
445,forward,76,203.8,1.781334016,4.750147584,16.37289984,1.72580864,0.0
445,backward,76,107.9,1.781334016,4.750147584,16.37289984,1.72580864,0.0
445,optimizer,76,0.0,1.781334016,4.750147584,16.37289984,1.72580864,0.0
446,forward,76,190.6,1.781334016,4.750188544,16.37289984,1.729536,0.0
446,backward,71,81.0,1.781334016,4.750188544,16.373157888,1.729536,0.0
446,optimizer,71,0.0,1.781334016,4.750188544,16.373157888,1.729536,0.0
447,forward,71,196.3,1.781334016,4.750618624,16.373157888,1.733308416,0.0
447,backward,71,106.4,1.781334016,4.750618624,16.373157888,1.733308416,0.0
447,optimizer,71,0.0,1.781334016,4.750618624,16.373157888,1.733308416,0.0
448,forward,71,238.8,1.781334016,4.750159872,16.372641792,1.73703168,0.0
448,backward,71,107.3,1.781334016,4.750159872,16.3728384,1.73703168,0.0
448,optimizer,71,0.0,1.781334016,4.750159872,16.3728384,1.737064448,0.0
449,forward,71,186.8,1.781334016,4.750712832,16.3728384,1.740845056,0.0
449,backward,71,107.9,1.781334016,4.750712832,16.3728384,1.740845056,0.0
449,optimizer,71,0.0,1.781334016,4.750712832,16.3728384,1.740845056,0.0
450,forward,71,185.0,1.781334016,4.749778944,16.3728384,1.744674816,0.0
450,backward,71,106.0,1.781334016,4.749778944,16.372805632,1.744674816,0.0
450,optimizer,71,0.0,1.781334016,4.749778944,16.372805632,1.744674816,0.0
451,forward,71,203.1,1.781334016,4.75082752,16.37306368,1.74839808,0.0
451,backward,71,107.9,1.781334016,4.75082752,16.373321728,1.74839808,0.0
451,optimizer,71,0.0,1.781334016,4.75082752,16.373321728,1.74839808,0.0
452,forward,75,217.6,1.781334016,4.749316096,16.373321728,1.752215552,0.0
452,backward,75,105.4,1.781334016,4.749316096,16.373321728,1.752215552,0.0
452,optimizer,75,0.0,1.781334016,4.749316096,16.373321728,1.752215552,0.0
453,forward,75,199.4,1.781334016,4.75099136,16.373321728,1.756073984,0.0
453,backward,75,80.8,1.781334016,4.75099136,16.37328896,1.756073984,0.0
453,optimizer,75,539.7,1.781334016,4.75099136,16.37328896,1.756073984,0.0
454,forward,75,156.9,1.781334016,4.75049984,16.37328896,1.75982592,0.0
454,backward,75,104.8,1.781334016,4.75049984,16.373547008,1.75982592,0.0
454,optimizer,75,0.0,1.781334016,4.750729216,16.373547008,1.75982592,0.0
455,forward,79,188.4,1.781334016,4.751147008,16.374063104,1.76359424,0.0
455,backward,79,107.3,1.781334016,4.751147008,16.374063104,1.76359424,0.0
455,optimizer,79,0.0,1.781334016,4.751147008,16.374063104,1.76359424,0.0
456,forward,79,237.9,1.781334016,4.750639104,16.374063104,1.767460864,0.0
456,backward,79,80.4,1.781334016,4.750639104,16.373485568,1.767460864,0.0
456,optimizer,79,0.0,1.781334016,4.750639104,16.373485568,1.767460864,0.0
457,forward,79,188.0,1.781334016,4.750921728,16.373485568,1.771270144,0.0
457,backward,72,107.1,1.781334016,4.750921728,16.373485568,1.771270144,0.0
457,optimizer,72,0.0,1.781334016,4.750921728,16.373485568,1.771270144,0.0
458,forward,72,182.3,1.781334016,4.750778368,16.373485568,1.775149056,0.0
458,backward,72,107.7,1.781334016,4.750778368,16.373682176,1.775149056,0.0
458,optimizer,72,0.0,1.781334016,4.750778368,16.373682176,1.775149056,0.0
459,forward,72,198.5,1.781334016,4.74994688,16.373682176,1.778925568,0.0
459,backward,72,80.7,1.781334016,4.74994688,16.373682176,1.778925568,0.0
459,optimizer,72,0.0,1.781334016,4.74994688,16.373682176,1.778925568,0.0
460,forward,72,219.8,1.781334016,4.750098432,16.373682176,1.78274304,0.0
460,backward,65,80.1,1.781334016,4.750098432,16.373940224,1.78274304,0.0
460,optimizer,65,538.1,1.781334016,4.750098432,16.373940224,1.78274304,0.0
461,forward,65,193.4,1.781334016,4.75072512,16.373940224,1.786544128,0.0
461,backward,65,107.1,1.781334016,4.75072512,16.373940224,1.786544128,0.0
461,optimizer,65,0.0,1.781334016,4.75072512,16.373940224,1.786544128,0.0
462,forward,65,176.7,1.781334016,4.750290944,16.373940224,1.790332928,0.0
462,backward,65,108.1,1.781334016,4.750290944,16.373682176,1.790332928,0.0
462,optimizer,65,0.0,1.781334016,4.750290944,16.373682176,1.790332928,0.0
463,forward,75,214.2,1.781334016,4.74994688,16.373682176,1.794146304,0.0
463,backward,75,104.8,1.781334016,4.74994688,16.373682176,1.794146304,0.0
463,optimizer,75,0.0,1.781334016,4.74994688,16.373682176,1.794146304,0.0
464,forward,75,209.9,1.781334016,4.74871808,16.37316608,1.797963776,0.0
464,backward,75,106.6,1.781334016,4.74871808,16.373424128,1.797963776,0.0
464,optimizer,75,0.0,1.781334016,4.74871808,16.373424128,1.797963776,0.0
465,forward,75,163.6,1.781334016,4.749381632,16.373682176,1.801760768,0.0
465,backward,75,106.9,1.781334016,4.749381632,16.373940224,1.801760768,0.0
465,optimizer,75,0.0,1.781334016,4.749381632,16.373940224,1.801760768,0.0
466,forward,76,229.5,1.781334016,4.749897728,16.373940224,1.805565952,0.0
466,backward,76,80.0,1.781334016,4.749897728,16.373940224,1.805565952,0.0
466,optimizer,76,0.0,1.781334016,4.749897728,16.373940224,1.805565952,0.0
467,forward,76,157.4,1.781334016,4.749697024,16.373940224,1.809383424,0.0
467,backward,76,108.1,1.781334016,4.749697024,16.373940224,1.809383424,0.0
467,optimizer,76,0.0,1.781334016,4.749697024,16.373940224,1.809383424,0.0
468,forward,76,197.1,1.781334016,4.749422592,16.373940224,1.81317632,0.0
468,backward,74,79.0,1.781334016,4.749422592,16.373907456,1.81317632,0.0
468,optimizer,74,542.4,1.781334016,4.749422592,16.373907456,1.81317632,0.0
469,forward,74,212.3,1.781334016,4.748611584,16.374104064,1.816907776,0.0
469,backward,74,106.9,1.781334016,4.748611584,16.374104064,1.816907776,0.0
469,optimizer,74,0.0,1.781334016,4.748611584,16.374104064,1.816907776,0.0
470,forward,74,198.8,1.781334016,4.749553664,16.374104064,1.82075392,0.0
470,backward,74,106.5,1.781334016,4.749553664,16.374300672,1.82075392,0.0
470,optimizer,74,0.0,1.781334016,4.749553664,16.374300672,1.82075392,0.0
471,forward,74,191.9,1.781334016,4.749705216,16.374300672,1.824559104,0.0
471,backward,71,80.4,1.781334016,4.749705216,16.374300672,1.824559104,0.0
471,optimizer,71,547.5,1.781334016,4.749705216,16.374300672,1.824559104,0.0
472,forward,71,184.8,1.781334016,4.75031552,16.374300672,1.828343808,0.0
472,backward,71,108.1,1.781334016,4.75031552,16.374300672,1.828343808,0.0
472,optimizer,71,0.0,1.781334016,4.75031552,16.374300672,1.828343808,0.0
473,forward,71,198.9,1.781334016,4.750311424,16.374300672,1.832050688,0.0
473,backward,71,105.1,1.781334016,4.750311424,16.374300672,1.832050688,0.0
473,optimizer,71,0.0,1.781334016,4.750311424,16.374300672,1.832050688,0.0
474,forward,71,223.4,1.781334016,4.749819904,16.374300672,1.835839488,0.0
474,backward,71,79.3,1.781334016,4.749819904,16.37449728,1.835839488,0.0
474,optimizer,71,544.5,1.781334016,4.749819904,16.37449728,1.835839488,0.0
475,forward,71,179.7,1.781334016,4.74884096,16.37449728,1.839583232,0.0
475,backward,71,80.6,1.781334016,4.74884096,16.37449728,1.839583232,0.0
475,optimizer,71,546.0,1.781334016,4.74884096,16.37449728,1.839583232,0.0
476,forward,71,191.1,1.781334016,4.749152256,16.37449728,1.843351552,0.0
476,backward,71,104.6,1.781334016,4.749152256,16.37449728,1.843351552,0.0
476,optimizer,71,0.0,1.781334016,4.749152256,16.37449728,1.843351552,0.0
477,forward,78,215.3,1.781334016,4.749463552,16.37449728,1.847164928,0.0
477,backward,78,80.1,1.781334016,4.749463552,16.374239232,1.847164928,0.0
477,optimizer,78,0.0,1.781334016,4.749463552,16.374239232,1.847164928,0.0
478,forward,78,193.1,1.781334016,4.749500416,16.374239232,1.850916864,0.0
478,backward,78,107.0,1.781334016,4.749500416,16.374239232,1.850916864,0.0
478,optimizer,78,0.0,1.781334016,4.749500416,16.374239232,1.850916864,0.0
479,forward,78,213.9,1.781334016,4.749668352,16.374239232,1.854713856,0.0
479,backward,73,105.9,1.781334016,4.749668352,16.374239232,1.854713856,0.0
479,optimizer,73,0.0,1.781334016,4.749668352,16.374239232,1.854713856,0.0
480,forward,73,176.3,1.781334016,4.749180928,16.374239232,1.858596864,0.0
480,backward,73,133.9,1.781334016,4.749180928,16.374239232,1.858596864,0.0
480,optimizer,73,0.0,1.781334016,4.749406208,16.374239232,1.858596864,0.0
481,forward,73,193.2,1.781334016,4.75006976,16.374239232,1.8624512,0.0
481,backward,73,79.3,1.781334016,4.75006976,16.37449728,1.8624512,0.0
481,optimizer,73,369.3,1.781334016,4.749934592,16.37449728,1.86247168,0.0
482,forward,73,158.7,1.781334016,4.750057472,16.37449728,1.866272768,0.0
482,backward,71,106.9,1.781334016,4.750057472,16.374755328,1.866272768,0.0
482,optimizer,71,0.0,1.781334016,4.750057472,16.374755328,1.866272768,0.0
483,forward,71,185.1,1.781334016,4.749320192,16.374239232,1.870032896,0.0
483,backward,71,107.9,1.781334016,4.749320192,16.374464512,1.870032896,0.0
483,optimizer,71,0.0,1.781334016,4.749320192,16.374464512,1.870032896,0.0
484,forward,71,224.2,1.781334016,4.749737984,16.374464512,1.873813504,0.0
484,backward,71,79.9,1.781334016,4.749737984,16.374464512,1.873813504,0.0
484,optimizer,71,541.5,1.781334016,4.749737984,16.374464512,1.873813504,0.0
485,forward,71,150.4,1.781334016,4.749623296,16.374464512,1.877663744,0.0
485,backward,73,107.2,1.781334016,4.749623296,16.374464512,1.877663744,0.0
485,optimizer,73,0.0,1.781334016,4.749623296,16.374464512,1.877663744,0.0
486,forward,73,213.3,1.781334016,4.749111296,16.374341632,1.881554944,0.0
486,backward,73,105.9,1.781334016,4.749111296,16.37459968,1.881554944,0.0
486,optimizer,73,0.0,1.781334016,4.749111296,16.37459968,1.881554944,0.0
487,forward,73,192.6,1.781334016,4.74908672,16.37459968,1.885253632,0.0
487,backward,73,107.3,1.781334016,4.74908672,16.37459968,1.885253632,0.0
487,optimizer,73,0.0,1.781334016,4.74908672,16.37459968,1.885278208,0.0
488,forward,77,203.2,1.781334016,4.749746176,16.37459968,1.889050624,0.0
488,backward,77,107.9,1.781334016,4.749746176,16.374341632,1.889050624,0.0
488,optimizer,77,0.0,1.781334016,4.749746176,16.374341632,1.889050624,0.0
489,forward,77,186.0,1.781334016,4.749205504,16.374341632,1.892777984,0.0
489,backward,77,106.7,1.781334016,4.749205504,16.37459968,1.892777984,0.0
489,optimizer,77,0.0,1.781334016,4.749205504,16.37459968,1.892777984,0.0
490,forward,77,214.6,1.781334016,4.749103104,16.37459968,1.896574976,0.0
490,backward,71,104.8,1.781334016,4.749103104,16.374341632,1.896574976,0.0
490,optimizer,71,0.0,1.781334016,4.749103104,16.374341632,1.896574976,0.0
491,forward,71,214.5,1.781334016,4.749692928,16.374341632,1.900408832,0.0
491,backward,71,106.4,1.781334016,4.749692928,16.374341632,1.900408832,0.0
491,optimizer,71,0.0,1.781334016,4.749692928,16.374341632,1.900408832,0.0
492,forward,71,200.3,1.781334016,4.748914688,16.374280192,1.904238592,0.0
492,backward,71,108.4,1.781334016,4.748914688,16.374280192,1.904238592,0.0
492,optimizer,71,0.0,1.781334016,4.748914688,16.374280192,1.904238592,0.0
493,forward,71,202.1,1.781334016,4.747792384,16.374280192,1.908072448,0.0
493,backward,68,105.7,1.781334016,4.747792384,16.374280192,1.908072448,0.0
493,optimizer,68,0.0,1.781334016,4.747792384,16.374280192,1.908072448,0.0
494,forward,68,171.6,1.781334016,4.749369344,16.374280192,1.911730176,0.0
494,backward,68,107.2,1.781334016,4.749369344,16.374280192,1.911730176,0.0
494,optimizer,68,0.0,1.781334016,4.749369344,16.374280192,1.911730176,0.0
495,forward,68,227.2,1.781334016,4.749451264,16.374280192,1.915539456,0.0
495,backward,68,78.8,1.781334016,4.749451264,16.374022144,1.915539456,0.0
495,optimizer,68,475.5,1.781334016,4.749451264,16.374022144,1.91555584,0.0
496,forward,73,199.9,1.781334016,4.749275136,16.374022144,1.919373312,0.0
496,backward,73,105.9,1.781334016,4.749275136,16.374218752,1.919373312,0.0
496,optimizer,73,0.0,1.781334016,4.749275136,16.374218752,1.919373312,0.0
497,forward,73,184.3,1.781334016,4.749565952,16.373702656,1.923129344,0.0
497,backward,73,107.1,1.781334016,4.749565952,16.373702656,1.923129344,0.0
497,optimizer,73,0.0,1.781334016,4.749565952,16.373702656,1.923129344,0.0
498,forward,73,179.3,1.781334016,4.747923456,16.373899264,1.926975488,0.0
498,backward,79,105.8,1.781334016,4.747923456,16.373641216,1.926975488,0.0
498,optimizer,79,0.0,1.781334016,4.747923456,16.373641216,1.926975488,0.0
499,forward,79,209.1,1.781334016,4.749811712,16.373641216,1.930747904,0.0
499,backward,79,107.3,1.781334016,4.749811712,16.373641216,1.930747904,0.0
499,optimizer,79,0.0,1.781334016,4.749811712,16.373641216,1.930747904,0.0
500,forward,79,184.6,1.781334016,4.748910592,16.373641216,1.934483456,0.0
500,backward,79,109.4,1.781334016,4.748910592,16.373641216,1.934483456,0.0
500,optimizer,79,0.0,1.781334016,4.748910592,16.373641216,1.934483456,0.0
501,forward,79,190.9,1.781334016,4.748623872,16.373641216,1.938219008,0.0
501,backward,59,104.7,1.781334016,4.748623872,16.373608448,1.938219008,0.0
501,optimizer,59,0.0,1.781334016,4.748623872,16.373608448,1.938219008,0.0
502,forward,59,224.1,1.781334016,4.74957824,16.373608448,1.941921792,0.0
502,backward,59,80.4,1.781334016,4.74957824,16.373608448,1.941921792,0.0
502,optimizer,59,549.4,1.781334016,4.74957824,16.373608448,1.941921792,0.0
503,forward,59,187.9,1.781334016,4.749287424,16.373608448,1.945767936,0.0
503,backward,59,106.5,1.781334016,4.749287424,16.37435392,1.945767936,0.0
503,optimizer,59,0.0,1.781334016,4.749287424,16.37435392,1.945767936,0.0
504,forward,74,183.7,1.781334016,4.747964416,16.37435392,1.949528064,0.0
504,backward,74,106.2,1.781334016,4.747964416,16.374611968,1.949528064,0.0
504,optimizer,74,0.0,1.781334016,4.747964416,16.374611968,1.949528064,0.0
505,forward,74,199.2,1.781334016,4.74894336,16.374611968,1.953308672,0.0
505,backward,74,107.8,1.781334016,4.74894336,16.374550528,1.953308672,0.0
505,optimizer,74,0.0,1.781334016,4.74894336,16.374550528,1.953308672,0.0
506,forward,74,187.0,1.781334016,4.748853248,16.374550528,1.957163008,0.0
506,backward,74,106.3,1.781334016,4.748853248,16.374550528,1.957163008,0.0
506,optimizer,74,0.0,1.781334016,4.748853248,16.374550528,1.957163008,0.0
507,forward,80,210.7,1.781334016,4.748685312,16.374550528,1.960906752,0.0
507,backward,80,107.1,1.781334016,4.748685312,16.374550528,1.960906752,0.0
507,optimizer,80,0.0,1.781334016,4.748685312,16.374550528,1.960906752,0.0
508,forward,80,185.9,1.781334016,4.74822656,16.374550528,1.964740608,0.0
508,backward,80,106.7,1.781334016,4.74822656,16.374550528,1.964740608,0.0
508,optimizer,80,0.0,1.781334016,4.74822656,16.374550528,1.964740608,0.0
509,forward,80,226.9,1.781334016,4.748279808,16.374550528,1.968562176,0.0
509,backward,80,80.6,1.781334016,4.748279808,16.374550528,1.968562176,0.0
509,optimizer,80,0.0,1.781334016,4.748279808,16.374550528,1.968562176,0.0
510,forward,72,190.4,1.781334016,4.748283904,16.374550528,1.972350976,0.0
510,backward,72,80.3,1.781334016,4.748283904,16.37451776,1.972350976,0.0
510,optimizer,72,0.0,1.781334016,4.748283904,16.37451776,1.972350976,0.0
511,forward,72,225.7,1.781334016,4.748795904,16.37451776,1.976139776,0.0
511,backward,72,80.4,1.781334016,4.748795904,16.374259712,1.976139776,0.0
511,optimizer,72,469.0,1.781334016,4.748795904,16.374259712,1.976164352,0.0
512,forward,72,189.8,1.781334016,4.749602816,16.374259712,1.979981824,0.0
512,backward,74,107.7,1.781334016,4.749602816,16.374259712,1.979981824,0.0
512,optimizer,74,0.0,1.781334016,4.749602816,16.374259712,1.979998208,0.0
513,forward,74,209.8,1.781334016,4.749135872,16.374460416,1.983811584,0.0
513,backward,74,79.6,1.781334016,4.749135872,16.374460416,1.983811584,0.0
513,optimizer,74,0.0,1.781334016,4.749135872,16.374460416,1.983811584,0.0
514,forward,74,216.3,1.781334016,4.748918784,16.374460416,1.987641344,0.0
514,backward,74,107.8,1.781334016,4.748918784,16.374460416,1.987641344,0.0
514,optimizer,74,0.0,1.781334016,4.748918784,16.374460416,1.987641344,0.0
515,forward,74,190.0,1.781334016,4.748767232,16.374460416,1.991397376,0.0
515,backward,72,105.5,1.781334016,4.748767232,16.374427648,1.991397376,0.0
515,optimizer,72,0.0,1.781334016,4.748767232,16.374427648,1.991397376,0.0
516,forward,72,187.5,1.781334016,4.74933248,16.374427648,1.995231232,0.0
516,backward,72,106.2,1.781334016,4.74933248,16.374427648,1.995231232,0.0
516,optimizer,72,0.0,1.781334016,4.74933248,16.374427648,1.995231232,0.0
517,forward,72,199.4,1.781334016,4.748152832,16.374427648,1.998974976,0.0
517,backward,72,108.0,1.781334016,4.748152832,16.374427648,1.998974976,0.0
517,optimizer,72,0.0,1.781334016,4.748152832,16.374427648,1.998974976,0.0
518,forward,74,230.1,1.781334016,4.748296192,16.374427648,2.002735104,0.0
518,backward,74,78.8,1.781334016,4.748296192,16.374427648,2.002735104,0.0
518,optimizer,74,0.0,1.781334016,4.748296192,16.374427648,2.002735104,0.0
519,forward,74,216.2,1.781334016,4.748804096,16.374427648,2.006540288,0.0
519,backward,74,106.3,1.781334016,4.748804096,16.374427648,2.006540288,0.0
519,optimizer,74,0.0,1.781334016,4.748804096,16.374427648,2.006573056,0.0
520,forward,74,212.3,1.781334016,4.74918912,16.374427648,2.010320896,0.0
520,backward,74,108.0,1.781334016,4.74918912,16.374624256,2.010320896,0.0
520,optimizer,74,0.0,1.781334016,4.74918912,16.374624256,2.010320896,0.0
521,forward,76,215.5,1.781334016,4.749463552,16.374624256,2.014171136,0.0
521,backward,76,105.0,1.781334016,4.749463552,16.374820864,2.014171136,0.0
521,optimizer,76,0.0,1.781334016,4.749463552,16.374820864,2.014171136,0.0
522,forward,76,151.3,1.781334016,4.74902528,16.374820864,2.017931264,0.0
522,backward,76,106.9,1.781334016,4.74902528,16.374562816,2.017931264,0.0
522,optimizer,76,0.0,1.781334016,4.74902528,16.374562816,2.017931264,0.0
523,forward,76,216.3,1.781334016,4.748976128,16.374562816,2.021687296,0.0
523,backward,71,107.6,1.781334016,4.748976128,16.374562816,2.021687296,0.0
523,optimizer,71,0.0,1.781334016,4.748976128,16.374562816,2.021687296,0.0
524,forward,71,219.0,1.781334016,4.748152832,16.374562816,2.025488384,0.0
524,backward,71,105.7,1.781334016,4.748152832,16.374562816,2.025488384,0.0
524,optimizer,71,0.0,1.781334016,4.748152832,16.374562816,2.025504768,0.0
525,forward,71,192.6,1.781334016,4.74812416,16.374562816,2.029305856,0.0
525,backward,71,80.5,1.781334016,4.74812416,16.374562816,2.029305856,0.0
525,optimizer,71,0.0,1.781334016,4.74812416,16.374562816,2.029338624,0.0
526,forward,71,179.0,1.781334016,4.748652544,16.374562816,2.033156096,0.0
526,backward,73,108.8,1.781334016,4.748652544,16.374562816,2.033156096,0.0
526,optimizer,73,0.0,1.781334016,4.748652544,16.374562816,2.033156096,0.0
527,forward,73,217.8,1.781334016,4.749303808,16.374562816,2.036989952,0.0
527,backward,73,78.4,1.781334016,4.749303808,16.374530048,2.036989952,0.0
527,optimizer,73,536.9,1.781334016,4.749303808,16.374530048,2.036989952,0.0
528,forward,73,189.8,1.781334016,4.748668928,16.374530048,2.040741888,0.0
528,backward,73,107.0,1.781334016,4.748668928,16.374530048,2.040741888,0.0
528,optimizer,73,0.0,1.781334016,4.748668928,16.374530048,2.040741888,0.0
529,forward,73,184.6,1.781334016,4.748754944,16.374530048,2.044571648,0.0
529,backward,73,106.6,1.781334016,4.748754944,16.374530048,2.044571648,0.0
529,optimizer,73,0.0,1.781334016,4.748754944,16.374530048,2.044588032,0.0
530,forward,73,225.2,1.781334016,4.749160448,16.374530048,2.048344064,0.0
530,backward,73,79.7,1.781334016,4.749160448,16.374530048,2.048344064,0.0
530,optimizer,73,0.0,1.781334016,4.749160448,16.374530048,2.048344064,0.0
531,forward,73,180.8,1.781334016,4.749283328,16.374726656,2.052194304,0.0
531,backward,72,109.2,1.781334016,4.749283328,16.374726656,2.052194304,0.0
531,optimizer,72,0.0,1.781334016,4.749283328,16.374726656,2.052194304,0.0
532,forward,72,243.2,1.781334016,4.74923008,16.374726656,2.05596672,0.0
532,backward,72,106.6,1.781334016,4.74923008,16.374726656,2.05596672,0.0
532,optimizer,72,0.0,1.781334016,4.74923008,16.374726656,2.05596672,0.0
533,forward,72,187.7,1.781334016,4.74918912,16.374726656,2.059751424,0.0
533,backward,72,108.1,1.781334016,4.74918912,16.374726656,2.059751424,0.0
533,optimizer,72,0.0,1.781334016,4.74918912,16.374726656,2.059751424,0.0
534,forward,60,155.2,1.781334016,4.74884096,16.374726656,2.063499264,0.0
534,backward,60,106.4,1.781334016,4.74884096,16.374726656,2.063499264,0.0
534,optimizer,60,0.0,1.781334016,4.74884096,16.374726656,2.063499264,0.0
535,forward,60,223.3,1.781334016,4.749017088,16.374726656,2.067316736,0.0
535,backward,60,80.8,1.781334016,4.749017088,16.374726656,2.067316736,0.0
535,optimizer,60,0.0,1.781334016,4.749017088,16.374726656,2.067316736,0.0
536,forward,60,233.0,1.781334016,4.747825152,16.374726656,2.07112192,0.0
536,backward,60,80.8,1.781334016,4.747825152,16.374726656,2.07112192,0.0
536,optimizer,60,0.0,1.781334016,4.747825152,16.374726656,2.07112192,0.0
537,forward,79,198.0,1.781334016,4.74886144,16.374726656,2.07497216,0.0
537,backward,79,106.1,1.781334016,4.74886144,16.374726656,2.07497216,0.0
537,optimizer,79,0.0,1.781334016,4.74886144,16.374726656,2.07497216,0.0
538,forward,79,208.4,1.781334016,4.747943936,16.374726656,2.078748672,0.0
538,backward,79,107.3,1.781334016,4.747943936,16.374726656,2.078748672,0.0
538,optimizer,79,0.0,1.781334016,4.747943936,16.374726656,2.078748672,0.0
539,forward,79,202.2,1.781334016,4.747964416,16.374726656,2.082545664,0.0
539,backward,69,109.3,1.781334016,4.747964416,16.374726656,2.082545664,0.0
539,optimizer,69,0.0,1.781334016,4.747964416,16.374726656,2.082545664,0.0
540,forward,69,168.3,1.781334016,4.748775424,16.374919168,2.086281216,0.0
540,backward,69,105.9,1.781334016,4.748775424,16.374919168,2.086281216,0.0
540,optimizer,69,0.0,1.781334016,4.748775424,16.374919168,2.086281216,0.0
541,forward,69,176.6,1.781334016,4.748890112,16.374919168,2.090098688,0.0
541,backward,69,108.9,1.781334016,4.748890112,16.374919168,2.090098688,0.0
541,optimizer,69,0.0,1.781334016,4.748890112,16.374919168,2.090098688,0.0
542,forward,64,241.2,1.781334016,4.746903552,16.374919168,2.093862912,0.0
542,backward,64,78.3,1.781334016,4.746903552,16.375115776,2.093862912,0.0
542,optimizer,64,469.4,1.781334016,4.746903552,16.375115776,2.093891584,0.0
543,forward,64,173.0,1.781334016,4.749221888,16.375115776,2.09770496,0.0
543,backward,64,80.0,1.781334016,4.749221888,16.37482496,2.09770496,0.0
543,optimizer,64,552.4,1.781334016,4.749221888,16.37482496,2.09770496,0.0
544,forward,64,205.5,1.781334016,4.747636736,16.37482496,2.101477376,0.0
544,backward,64,80.0,1.781334016,4.747636736,16.37482496,2.101477376,0.0
544,optimizer,64,0.0,1.781334016,4.747636736,16.37482496,2.101477376,0.0
545,forward,79,224.5,1.781334016,4.747993088,16.37482496,2.105278464,0.0
545,backward,79,79.5,1.781334016,4.747993088,16.37482496,2.105278464,0.0
545,optimizer,79,544.0,1.781334016,4.747993088,16.37482496,2.105278464,0.0
546,forward,79,179.3,1.781334016,4.748722176,16.374505472,2.109059072,0.0
546,backward,79,106.9,1.781334016,4.748722176,16.374472704,2.109059072,0.0
546,optimizer,79,0.0,1.781334016,4.748722176,16.374472704,2.109075456,0.0
547,forward,79,188.2,1.781334016,4.748505088,16.374472704,2.112811008,0.0
547,backward,68,106.9,1.781334016,4.748505088,16.374472704,2.112811008,0.0
547,optimizer,68,0.0,1.781334016,4.748505088,16.374472704,2.112811008,0.0
548,forward,68,194.1,1.781334016,4.748730368,16.374472704,2.11662848,0.0
548,backward,68,106.2,1.781334016,4.748730368,16.374472704,2.11662848,0.0
548,optimizer,68,0.0,1.781334016,4.748730368,16.374472704,2.11662848,0.0
549,forward,68,211.7,1.781334016,4.747743232,16.374472704,2.120306688,0.0
549,backward,68,80.9,1.781334016,4.747743232,16.374472704,2.120306688,0.0
549,optimizer,68,548.6,1.781334016,4.747743232,16.374472704,2.120306688,0.0
550,forward,68,196.4,1.781334016,4.747886592,16.374472704,2.124107776,0.0
550,backward,72,104.8,1.781334016,4.747886592,16.374472704,2.124107776,0.0
550,optimizer,72,0.0,1.781334016,4.747886592,16.374472704,2.124107776,0.0
551,forward,72,165.9,1.781334016,4.748886016,16.374472704,2.127884288,0.0
551,backward,72,107.4,1.781334016,4.748886016,16.374472704,2.127884288,0.0
551,optimizer,72,0.0,1.781334016,4.748886016,16.374472704,2.127884288,0.0
552,forward,72,216.8,1.781334016,4.748312576,16.374472704,2.131714048,0.0
552,backward,72,104.7,1.781334016,4.748312576,16.374472704,2.131714048,0.0
552,optimizer,72,0.0,1.781334016,4.748312576,16.374472704,2.131714048,0.0
553,forward,72,215.4,1.781334016,4.748857344,16.374472704,2.13553152,0.0
553,backward,74,79.9,1.781334016,4.748857344,16.374472704,2.13553152,0.0
553,optimizer,74,0.0,1.781334016,4.748857344,16.374472704,2.13553152,0.0
554,forward,74,236.9,1.781334016,4.748673024,16.373956608,2.13915648,0.0
554,backward,74,106.0,1.781334016,4.748673024,16.373956608,2.13915648,0.0
554,optimizer,74,0.0,1.781334016,4.748673024,16.373956608,2.13915648,0.0
555,forward,74,190.8,1.781334016,4.7492096,16.373956608,2.1429248,0.0
555,backward,74,106.8,1.781334016,4.7492096,16.373956608,2.1429248,0.0
555,optimizer,74,0.0,1.781334016,4.7492096,16.373956608,2.142941184,0.0
556,forward,80,206.6,1.781334016,4.748517376,16.37392384,2.14667264,0.0
556,backward,80,81.0,1.781334016,4.748517376,16.37392384,2.14667264,0.0
556,optimizer,80,547.8,1.781334016,4.748517376,16.37392384,2.14667264,0.0
557,forward,80,211.6,1.781334016,4.747997184,16.37392384,2.150436864,0.0
557,backward,80,80.2,1.781334016,4.747997184,16.37392384,2.150436864,0.0
557,optimizer,80,544.6,1.781334016,4.747997184,16.37392384,2.150436864,0.0
558,forward,80,191.6,1.781334016,4.748521472,16.37392384,2.15416832,0.0
558,backward,80,79.9,1.781334016,4.748521472,16.374120448,2.15416832,0.0
558,optimizer,80,0.0,1.781334016,4.748521472,16.374120448,2.15416832,0.0
559,forward,71,255.2,1.781334016,4.747976704,16.374120448,2.157953024,0.0
559,backward,71,81.0,1.781334016,4.747976704,16.374120448,2.157953024,0.0
559,optimizer,71,545.9,1.781334016,4.747976704,16.374120448,2.157953024,0.0
560,forward,71,200.3,1.781334016,4.749131776,16.374059008,2.161676288,0.0
560,backward,71,79.8,1.781334016,4.749131776,16.374059008,2.161676288,0.0
560,optimizer,71,0.0,1.781334016,4.74937344,16.374059008,2.161676288,0.0
561,forward,71,184.4,1.781334016,4.749500416,16.374059008,2.16547328,0.0
561,backward,71,106.9,1.781334016,4.749500416,16.374059008,2.16547328,0.0
561,optimizer,71,0.0,1.781334016,4.749500416,16.374059008,2.16547328,0.0
562,forward,71,213.8,1.781334016,4.74894336,16.374059008,2.169204736,0.0
562,backward,71,107.5,1.781334016,4.74894336,16.374059008,2.169204736,0.0
562,optimizer,71,0.0,1.781334016,4.74894336,16.374059008,2.169204736,0.0
563,forward,71,214.2,1.781334016,4.747624448,16.374059008,2.172936192,0.0
563,backward,71,105.3,1.781334016,4.747624448,16.374059008,2.172936192,0.0
563,optimizer,71,0.0,1.781334016,4.747624448,16.374059008,2.172936192,0.0
564,forward,71,187.5,1.781334016,4.748038144,16.374059008,2.17679872,0.0
564,backward,72,107.3,1.781334016,4.748038144,16.374059008,2.17679872,0.0
564,optimizer,72,0.0,1.781334016,4.748038144,16.374059008,2.17679872,0.0
565,forward,72,203.9,1.781334016,4.748955648,16.374059008,2.180591616,0.0
565,backward,72,105.0,1.781334016,4.748955648,16.374317056,2.180591616,0.0
565,optimizer,72,0.0,1.781334016,4.748955648,16.374317056,2.180591616,0.0
566,forward,72,203.1,1.781334016,4.748648448,16.374317056,2.18437632,0.0
566,backward,72,107.1,1.781334016,4.748648448,16.374317056,2.18437632,0.0
566,optimizer,72,0.0,1.781334016,4.748648448,16.374317056,2.18437632,0.0
567,forward,78,216.2,1.781334016,4.748238848,16.374284288,2.188050432,0.0
567,backward,78,106.9,1.781334016,4.748238848,16.37425152,2.188050432,0.0
567,optimizer,78,0.0,1.781334016,4.748238848,16.37425152,2.188050432,0.0
568,forward,78,200.7,1.781334016,4.747853824,16.37425152,2.191736832,0.0
568,backward,78,79.0,1.781334016,4.747853824,16.37425152,2.191736832,0.0
568,optimizer,78,540.0,1.781334016,4.747853824,16.37425152,2.191736832,0.0
569,forward,78,163.9,1.781334016,4.749262848,16.37425152,2.195570688,0.0
569,backward,78,107.1,1.781334016,4.749262848,16.37425152,2.195570688,0.0
569,optimizer,78,0.0,1.781334016,4.749262848,16.37425152,2.195570688,0.0
570,forward,73,211.6,1.781334016,4.748374016,16.37425152,2.1993472,0.0
570,backward,73,79.8,1.781334016,4.748374016,16.37425152,2.1993472,0.0
570,optimizer,73,546.8,1.781334016,4.748374016,16.37425152,2.1993472,0.0
571,forward,73,195.7,1.781334016,4.748877824,16.373993472,2.203181056,0.0
571,backward,73,106.7,1.781334016,4.748877824,16.373993472,2.203181056,0.0
571,optimizer,73,0.0,1.781334016,4.748877824,16.373993472,2.203181056,0.0
572,forward,73,221.3,1.781334016,4.747870208,16.373993472,2.206846976,0.0
572,backward,73,80.1,1.781334016,4.747870208,16.373993472,2.206846976,0.0
572,optimizer,73,546.8,1.781334016,4.747870208,16.373993472,2.206846976,0.0
573,forward,73,196.2,1.781334016,4.749111296,16.373477376,2.210709504,0.0
573,backward,73,80.2,1.781334016,4.749111296,16.373415936,2.210709504,0.0
573,optimizer,73,537.9,1.781334016,4.749111296,16.373415936,2.210709504,0.0
574,forward,73,182.9,1.781334016,4.74832896,16.373415936,2.2145024,0.0
574,backward,73,107.9,1.781334016,4.74832896,16.373612544,2.2145024,0.0
574,optimizer,73,0.0,1.781334016,4.74832896,16.373612544,2.2145024,0.0
575,forward,73,195.9,1.781334016,4.747870208,16.373612544,2.218242048,0.0
575,backward,73,105.3,1.781334016,4.747870208,16.373321728,2.218242048,0.0
575,optimizer,73,0.0,1.781334016,4.747870208,16.373321728,2.218266624,0.0
576,forward,73,220.4,1.781334016,4.748259328,16.373837824,2.2219776,0.0
576,backward,73,80.3,1.781334016,4.748259328,16.373579776,2.2219776,0.0
576,optimizer,73,469.0,1.781334016,4.748259328,16.373579776,2.222006272,0.0
577,forward,73,193.7,1.781334016,4.749103104,16.374095872,2.225803264,0.0
577,backward,73,78.5,1.781334016,4.749103104,16.374095872,2.225803264,0.0
577,optimizer,73,0.0,1.781334016,4.749103104,16.374095872,2.225803264,0.0
578,forward,74,172.3,1.781334016,4.74830848,16.374095872,2.229608448,0.0
578,backward,74,108.8,1.781334016,4.74830848,16.374095872,2.229608448,0.0
578,optimizer,74,0.0,1.781334016,4.74830848,16.374095872,2.229608448,0.0
579,forward,74,185.5,1.781334016,4.748541952,16.374611968,2.233376768,0.0
579,backward,74,107.9,1.781334016,4.748541952,16.374611968,2.233376768,0.0
579,optimizer,74,0.0,1.781334016,4.748541952,16.374611968,2.233376768,0.0
580,forward,74,219.2,1.781334016,4.748808192,16.374611968,2.237169664,0.0
580,backward,67,104.6,1.781334016,4.748808192,16.37462016,2.237169664,0.0
580,optimizer,67,0.0,1.781334016,4.748808192,16.37462016,2.237169664,0.0
581,forward,67,195.5,1.781334016,4.74968064,16.37462016,2.240917504,0.0
581,backward,67,106.8,1.781334016,4.74968064,16.375177216,2.240917504,0.0
581,optimizer,67,0.0,1.781334016,4.74968064,16.375177216,2.240917504,0.0
582,forward,67,190.6,1.781334016,4.748038144,16.375177216,2.244726784,0.0
582,backward,67,108.6,1.781334016,4.748038144,16.375353344,2.244726784,0.0
582,optimizer,67,0.0,1.781334016,4.748038144,16.375353344,2.244726784,0.0
583,forward,67,222.7,1.781334016,4.749836288,16.375422976,2.248544256,0.0
583,backward,68,106.6,1.781334016,4.749836288,16.375472128,2.248544256,0.0
583,optimizer,68,0.0,1.781334016,4.749836288,16.375472128,2.24856064,0.0
584,forward,68,226.4,1.781334016,4.751962112,16.37711872,2.252345344,0.0
584,backward,68,108.3,1.781334016,4.751962112,16.377659392,2.252345344,0.0
584,optimizer,68,0.0,1.781334016,4.751962112,16.377659392,2.252345344,0.0
585,forward,68,277.7,1.781334016,4.755091456,16.379600896,2.256171008,0.0
585,backward,68,80.8,1.781334016,4.755091456,16.380719104,2.256171008,0.0
585,optimizer,68,0.0,1.781334016,4.755091456,16.380719104,2.256171008,0.0
586,forward,72,274.1,1.781334016,4.759298048,16.383004672,2.259922944,0.0
586,backward,72,108.4,1.781334016,4.759298048,16.384188416,2.259922944,0.0
586,optimizer,72,0.0,1.781334016,4.759298048,16.384188416,2.259922944,0.0
587,forward,72,294.9,1.781334016,4.762374144,16.384888832,2.263711744,0.0
587,backward,55,105.2,1.781334016,4.762374144,16.38602752,2.263711744,0.0
587,optimizer,55,0.0,1.781334016,4.762374144,16.38602752,2.26373632,0.0
588,forward,55,227.1,1.781334016,4.765876224,16.38602752,2.26756608,0.0
588,backward,55,106.3,1.781334016,4.765876224,16.386080768,2.26756608,0.0
588,optimizer,55,0.0,1.781334016,4.765876224,16.386080768,2.26756608,0.0
589,forward,55,273.7,1.781334016,4.769644544,16.385642496,2.271367168,0.0
589,backward,55,137.6,1.781334016,4.769644544,16.386023424,2.271367168,0.0
589,optimizer,55,0.0,1.781334016,4.769644544,16.386023424,2.271383552,0.0
590,forward,53,275.6,1.781334016,4.77333504,16.386023424,2.275139584,0.0
590,backward,53,108.4,1.781334016,4.77333504,16.386060288,2.275139584,0.0
590,optimizer,53,0.0,1.781334016,4.77333504,16.386060288,2.275139584,0.0
591,forward,53,214.0,1.781334016,4.777050112,16.386060288,2.27897344,0.0
591,backward,53,104.9,1.781334016,4.777050112,16.386646016,2.27897344,0.0
591,optimizer,53,0.0,1.781334016,4.777050112,16.386646016,2.27897344,0.0
592,forward,52,242.3,1.781334016,4.780945408,16.386646016,2.2828032,0.0
592,backward,52,105.4,1.781334016,4.780945408,16.38690816,2.2828032,0.0
592,optimizer,52,0.0,1.781334016,4.780945408,16.38690816,2.2828032,0.0
593,forward,52,240.6,1.781334016,4.783652864,16.38705152,2.286604288,0.0
593,backward,52,79.7,1.781334016,4.783652864,16.38705152,2.286604288,0.0
593,optimizer,52,0.0,1.781334016,4.783652864,16.38705152,2.286604288,0.0
594,forward,52,212.6,1.781334016,4.787376128,16.38705152,2.290470912,0.0
594,backward,52,106.9,1.781334016,4.787376128,16.387309568,2.290470912,0.0
594,optimizer,52,0.0,1.781334016,4.787376128,16.387309568,2.290470912,0.0
595,forward,75,232.1,1.781334016,4.791517184,16.387309568,2.294317056,0.0
595,backward,75,107.9,1.781334016,4.791517184,16.387309568,2.294317056,0.0
595,optimizer,75,0.0,1.781334016,4.791517184,16.387309568,2.294317056,0.0
596,forward,75,207.2,1.781334016,4.795252736,16.387309568,2.29818368,0.0
596,backward,75,108.9,1.781334016,4.795252736,16.387309568,2.29818368,0.0
596,optimizer,75,0.0,1.781334016,4.795252736,16.387309568,2.29818368,0.0
597,forward,57,273.2,1.781334016,4.799410176,16.386793472,2.301984768,0.0
597,backward,57,108.2,1.781334016,4.799410176,16.38705152,2.301984768,0.0
597,optimizer,57,0.0,1.781334016,4.799410176,16.38705152,2.301984768,0.0
598,forward,57,228.9,1.781334016,4.800290816,16.38705152,2.305818624,0.0
598,backward,57,105.1,1.781334016,4.800290816,16.38705152,2.305818624,0.0
598,optimizer,57,0.0,1.781334016,4.800290816,16.38705152,2.305818624,0.0
599,forward,57,188.1,1.781334016,4.798816256,16.38705152,2.309656576,0.0
599,backward,57,106.3,1.781334016,4.798816256,16.38705152,2.309656576,0.0
599,optimizer,57,0.0,1.781334016,4.798816256,16.38705152,2.309656576,0.0
600,forward,72,198.3,1.781334016,4.79981568,16.38705152,2.313506816,0.0
600,backward,72,106.3,1.781334016,4.79981568,16.38705152,2.313506816,0.0
600,optimizer,72,0.0,1.781334016,4.79981568,16.38705152,2.313506816,0.0
601,forward,72,186.8,1.781334016,4.798738432,16.38705152,2.317307904,0.0
601,backward,72,106.2,1.781334016,4.798738432,16.387018752,2.317307904,0.0
601,optimizer,72,0.0,1.781334016,4.798738432,16.387018752,2.31733248,0.0
602,forward,72,188.7,1.781334016,4.799393792,16.387018752,2.321166336,0.0
602,backward,73,107.8,1.781334016,4.799393792,16.387018752,2.321166336,0.0
602,optimizer,73,0.0,1.781334016,4.799393792,16.387018752,2.321166336,0.0
603,forward,73,190.3,1.781334016,4.798267392,16.387018752,2.325000192,0.0
603,backward,73,104.5,1.781334016,4.798267392,16.387018752,2.325000192,0.0
603,optimizer,73,0.0,1.781334016,4.798267392,16.387018752,2.325028864,0.0
604,forward,73,196.9,1.781334016,4.799709184,16.38721536,2.32886272,0.0
604,backward,73,107.0,1.781334016,4.799709184,16.387272704,2.32886272,0.0
604,optimizer,73,0.0,1.781334016,4.799709184,16.387272704,2.32886272,0.0
605,forward,73,225.2,1.781334016,4.799889408,16.387272704,2.332663808,0.0
605,backward,73,78.0,1.781334016,4.799889408,16.387272704,2.332663808,0.0
605,optimizer,73,544.1,1.781334016,4.799889408,16.387272704,2.332663808,0.0
606,forward,73,180.8,1.781334016,4.79850496,16.387014656,2.336464896,0.0
606,backward,73,79.7,1.781334016,4.79850496,16.387469312,2.336464896,0.0
606,optimizer,73,546.6,1.781334016,4.79850496,16.387469312,2.336464896,0.0
607,forward,73,166.2,1.781334016,4.798353408,16.387469312,2.340327424,0.0
607,backward,73,106.4,1.781334016,4.798353408,16.387211264,2.340327424,0.0
607,optimizer,73,0.0,1.781334016,4.798353408,16.387211264,2.340327424,0.0
608,forward,73,203.3,1.781334016,4.7996928,16.38772736,2.344194048,0.0
608,backward,74,105.8,1.781334016,4.7996928,16.38772736,2.344194048,0.0
608,optimizer,74,0.0,1.781334016,4.7996928,16.38772736,2.344194048,0.0
609,forward,74,224.0,1.781334016,4.799234048,16.38772736,2.348027904,0.0
609,backward,74,80.8,1.781334016,4.799234048,16.38772736,2.348027904,0.0
609,optimizer,74,0.0,1.781334016,4.799234048,16.38772736,2.348027904,0.0
610,forward,74,212.7,1.781334016,4.799614976,16.38772736,2.351796224,0.0
610,backward,74,80.5,1.781334016,4.799614976,16.38772736,2.351796224,0.0
610,optimizer,74,0.0,1.781334016,4.799614976,16.38772736,2.351796224,0.0
611,forward,77,234.1,1.781334016,4.799172608,16.38772736,2.355662848,0.0
611,backward,77,105.2,1.781334016,4.799172608,16.387694592,2.355662848,0.0
611,optimizer,77,0.0,1.781334016,4.799172608,16.387694592,2.355662848,0.0
612,forward,77,147.6,1.781334016,4.798984192,16.387694592,2.359525376,0.0
612,backward,77,107.1,1.781334016,4.798984192,16.387694592,2.359525376,0.0
612,optimizer,77,0.0,1.781334016,4.798984192,16.387694592,2.359525376,0.0
613,forward,77,242.5,1.781334016,4.7981568,16.387694592,2.363293696,0.0
613,backward,70,80.5,1.781334016,4.7981568,16.387694592,2.363293696,0.0
613,optimizer,70,548.7,1.781334016,4.7981568,16.387694592,2.363293696,0.0
614,forward,70,159.8,1.781334016,4.79789056,16.387661824,2.36716032,0.0
614,backward,70,105.9,1.781334016,4.79789056,16.387661824,2.36716032,0.0
614,optimizer,70,0.0,1.781334016,4.79789056,16.387661824,2.36716032,0.0
615,forward,70,193.2,1.781334016,4.798242816,16.387661824,2.370994176,0.0
615,backward,70,106.4,1.781334016,4.798242816,16.387919872,2.370994176,0.0
615,optimizer,70,0.0,1.781334016,4.798242816,16.387919872,2.371006464,0.0
616,forward,70,229.2,1.781334016,4.798672896,16.388435968,2.374807552,0.0
616,backward,68,80.5,1.781334016,4.798672896,16.38817792,2.374807552,0.0
616,optimizer,68,540.9,1.781334016,4.798672896,16.38817792,2.374807552,0.0
617,forward,68,156.2,1.781334016,4.798476288,16.38817792,2.378641408,0.0
617,backward,68,105.3,1.781334016,4.798476288,16.38817792,2.378641408,0.0
617,optimizer,68,0.0,1.781334016,4.798476288,16.38817792,2.378674176,0.0
618,forward,68,210.2,1.781334016,4.799012864,16.38817792,2.382475264,0.0
618,backward,68,106.8,1.781334016,4.799012864,16.387919872,2.382475264,0.0
618,optimizer,68,0.0,1.781334016,4.799012864,16.387919872,2.382475264,0.0
619,forward,78,193.0,1.781334016,4.797386752,16.387919872,2.386317312,0.0
619,backward,78,107.7,1.781334016,4.797386752,16.387858432,2.386317312,0.0
619,optimizer,78,0.0,1.781334016,4.797386752,16.387858432,2.386341888,0.0
620,forward,78,192.1,1.781334016,4.79711232,16.387858432,2.390134784,0.0
620,backward,78,104.2,1.781334016,4.79711232,16.387858432,2.390134784,0.0
620,optimizer,78,0.0,1.781334016,4.79711232,16.387858432,2.390134784,0.0
621,forward,78,164.6,1.781334016,4.79852544,16.387858432,2.39405056,0.0
621,backward,78,106.3,1.781334016,4.79852544,16.387858432,2.39405056,0.0
621,optimizer,78,0.0,1.781334016,4.79852544,16.387858432,2.39405056,0.0
622,forward,73,224.7,1.781334016,4.798943232,16.387858432,2.3979008,0.0
622,backward,73,105.2,1.781334016,4.798943232,16.387600384,2.3979008,0.0
622,optimizer,73,0.0,1.781334016,4.798943232,16.387600384,2.3979008,0.0
623,forward,73,186.1,1.781334016,4.798210048,16.387858432,2.401701888,0.0
623,backward,73,106.7,1.781334016,4.798210048,16.387858432,2.401701888,0.0
623,optimizer,73,0.0,1.781334016,4.798210048,16.387858432,2.401701888,0.0
624,forward,73,193.7,1.781334016,4.797919232,16.388374528,2.405535744,0.0
624,backward,74,106.5,1.781334016,4.797919232,16.388374528,2.405535744,0.0
624,optimizer,74,0.0,1.781334016,4.797919232,16.388374528,2.405535744,0.0
625,forward,74,163.2,1.781334016,4.79698944,16.388374528,2.4093696,0.0
625,backward,74,105.7,1.781334016,4.79698944,16.388632576,2.4093696,0.0
625,optimizer,74,0.0,1.781334016,4.79698944,16.388632576,2.409394176,0.0
626,forward,74,231.1,1.781334016,4.798017536,16.387796992,2.413195264,0.0
626,backward,74,107.6,1.781334016,4.798017536,16.387796992,2.413195264,0.0
626,optimizer,74,0.0,1.781334016,4.798017536,16.387796992,2.413195264,0.0
627,forward,74,187.2,1.781334016,4.797997056,16.387796992,2.41702912,0.0
627,backward,74,78.5,1.781334016,4.797997056,16.387796992,2.41702912,0.0
627,optimizer,74,546.8,1.781334016,4.797997056,16.387796992,2.41702912,0.0
628,forward,74,180.6,1.781334016,4.797841408,16.388313088,2.420862976,0.0
628,backward,74,106.5,1.781334016,4.797841408,16.388313088,2.420862976,0.0
628,optimizer,74,0.0,1.781334016,4.797841408,16.388313088,2.420862976,0.0
629,forward,74,195.6,1.781334016,4.798087168,16.387796992,2.424713216,0.0
629,backward,74,104.8,1.781334016,4.798087168,16.387796992,2.424713216,0.0
629,optimizer,74,0.0,1.781334016,4.798087168,16.387796992,2.424713216,0.0
630,forward,74,190.4,1.781334016,4.797554688,16.387796992,2.428514304,0.0
630,backward,72,105.9,1.781334016,4.797554688,16.387796992,2.428514304,0.0
630,optimizer,72,0.0,1.781334016,4.797554688,16.387796992,2.428514304,0.0
631,forward,72,201.3,1.781334016,4.797943808,16.387796992,2.43234816,0.0
631,backward,72,79.5,1.781334016,4.797943808,16.387796992,2.43234816,0.0
631,optimizer,72,547.9,1.781334016,4.797943808,16.387796992,2.43234816,0.0
632,forward,72,180.5,1.781334016,4.796882944,16.387796992,2.436214784,0.0
632,backward,72,105.7,1.781334016,4.796882944,16.387796992,2.436214784,0.0
632,optimizer,72,0.0,1.781334016,4.796882944,16.387796992,2.436214784,0.0
633,forward,80,229.1,1.781334016,4.796731392,16.387280896,2.440015872,0.0
633,backward,80,80.2,1.781334016,4.796731392,16.387796992,2.440015872,0.0
633,optimizer,80,0.0,1.781334016,4.796731392,16.387796992,2.440036352,0.0
634,forward,80,204.3,1.781334016,4.79731712,16.387796992,2.443870208,0.0
634,backward,80,107.6,1.781334016,4.79731712,16.387796992,2.443870208,0.0
634,optimizer,80,0.0,1.781334016,4.79731712,16.387796992,2.443870208,0.0
635,forward,80,186.7,1.781334016,4.7968256,16.387796992,2.447704064,0.0
635,backward,80,105.2,1.781334016,4.7968256,16.387796992,2.447704064,0.0
635,optimizer,80,0.0,1.781334016,4.7968256,16.387796992,2.447704064,0.0
636,forward,71,207.2,1.781334016,4.796526592,16.387796992,2.451505152,0.0
636,backward,71,107.1,1.781334016,4.796526592,16.387796992,2.451505152,0.0
636,optimizer,71,0.0,1.781334016,4.796526592,16.387796992,2.451505152,0.0
637,forward,71,195.5,1.781334016,4.795355136,16.387796992,2.455363584,0.0
637,backward,71,107.3,1.781334016,4.795355136,16.387796992,2.455363584,0.0
637,optimizer,71,0.0,1.781334016,4.795355136,16.387796992,2.455363584,0.0
638,forward,71,169.6,1.781334016,4.79715328,16.387280896,2.45919744,0.0
638,backward,67,103.8,1.781334016,4.79715328,16.387280896,2.45919744,0.0
638,optimizer,67,0.0,1.781334016,4.79715328,16.387280896,2.45919744,0.0
639,forward,67,208.1,1.781334016,4.797218816,16.387280896,2.463043584,0.0
639,backward,67,105.1,1.781334016,4.797218816,16.387248128,2.463043584,0.0
639,optimizer,67,0.0,1.781334016,4.797218816,16.387248128,2.463043584,0.0
640,forward,67,190.9,1.781334016,4.79735808,16.387248128,2.466906112,0.0
640,backward,67,80.0,1.781334016,4.79735808,16.387248128,2.466906112,0.0
640,optimizer,67,447.3,1.781334016,4.79735808,16.387248128,2.466922496,0.0
641,forward,76,196.4,1.781334016,4.797353984,16.387248128,2.47072768,0.0
641,backward,76,78.8,1.781334016,4.797353984,16.387248128,2.47072768,0.0
641,optimizer,76,542.9,1.781334016,4.797353984,16.387248128,2.47072768,0.0
642,forward,76,176.2,1.781334016,4.79688704,16.387248128,2.474586112,0.0
642,backward,76,105.3,1.781334016,4.79688704,16.38699008,2.474586112,0.0
642,optimizer,76,0.0,1.781334016,4.79688704,16.38699008,2.474586112,0.0
643,forward,76,204.9,1.781334016,4.796809216,16.38699008,2.478419968,0.0
643,backward,76,105.7,1.781334016,4.796809216,16.38699008,2.478419968,0.0
643,optimizer,76,0.0,1.781334016,4.796809216,16.38699008,2.478419968,0.0
644,forward,73,191.1,1.781334016,4.796059648,16.38699008,2.482249728,0.0
644,backward,73,107.5,1.781334016,4.796059648,16.38699008,2.482249728,0.0
644,optimizer,73,0.0,1.781334016,4.796059648,16.38699008,2.482249728,0.0
645,forward,73,205.9,1.781334016,4.795813888,16.38699008,2.48612864,0.0
645,backward,73,81.0,1.781334016,4.795813888,16.38699008,2.48612864,0.0
645,optimizer,73,0.0,1.781334016,4.795813888,16.38699008,2.48612864,0.0
646,forward,73,218.5,1.781334016,4.795645952,16.38699008,2.48997888,0.0
646,backward,68,78.9,1.781334016,4.795645952,16.38699008,2.48997888,0.0
646,optimizer,68,542.8,1.781334016,4.795645952,16.38699008,2.48997888,0.0
647,forward,68,196.2,1.781334016,4.7960064,16.38699008,2.4937472,0.0
647,backward,68,79.0,1.781334016,4.7960064,16.38699008,2.4937472,0.0
647,optimizer,68,0.0,1.781334016,4.7960064,16.38699008,2.4937472,0.0
648,forward,68,197.2,1.781334016,4.796645376,16.38699008,2.497581056,0.0
648,backward,68,107.2,1.781334016,4.796645376,16.38699008,2.497581056,0.0
648,optimizer,68,0.0,1.781334016,4.796645376,16.38699008,2.497605632,0.0
649,forward,68,191.3,1.781334016,4.796305408,16.38699008,2.501476352,0.0
649,backward,72,78.9,1.781334016,4.796305408,16.38699008,2.501476352,0.0
649,optimizer,72,539.9,1.781334016,4.796305408,16.38699008,2.501476352,0.0
650,forward,72,211.5,1.781334016,4.79619072,16.38699008,2.505326592,0.0
650,backward,72,79.5,1.781334016,4.79619072,16.38699008,2.505326592,0.0
650,optimizer,72,545.1,1.781334016,4.79619072,16.38699008,2.505326592,0.0
651,forward,72,160.7,1.781334016,4.795981824,16.387186688,2.509111296,0.0
651,backward,72,132.7,1.781334016,4.796002304,16.387186688,2.509111296,0.0
651,optimizer,72,0.0,1.781334016,4.796002304,16.387186688,2.509111296,0.0
652,forward,77,167.3,1.781334016,4.797038592,16.387186688,2.512928768,0.0
652,backward,77,106.5,1.781334016,4.797124608,16.387186688,2.512928768,0.0
652,optimizer,77,0.0,1.781334016,4.797124608,16.387186688,2.512928768,0.0
653,forward,77,179.4,1.781334016,4.796157952,16.387444736,2.516729856,0.0
653,backward,77,108.2,1.781334016,4.796157952,16.387444736,2.516729856,0.0
653,optimizer,77,0.0,1.781334016,4.796157952,16.387444736,2.516729856,0.0
654,forward,77,221.1,1.781334016,4.796358656,16.387444736,2.52059648,0.0
654,backward,77,78.3,1.781334016,4.796358656,16.387444736,2.52059648,0.0
654,optimizer,77,543.3,1.781334016,4.796358656,16.387444736,2.52059648,0.0
655,forward,73,187.6,1.781334016,4.796071936,16.387444736,2.524397568,0.0
655,backward,73,106.5,1.781334016,4.796071936,16.387444736,2.524397568,0.0
655,optimizer,73,0.0,1.781334016,4.796071936,16.387444736,2.524397568,0.0
656,forward,73,187.9,1.781334016,4.794843136,16.387444736,2.528264192,0.0
656,backward,73,105.3,1.781334016,4.794843136,16.387444736,2.528264192,0.0
656,optimizer,73,0.0,1.781334016,4.794843136,16.387444736,2.528264192,0.0
657,forward,73,186.1,1.781334016,4.79541248,16.387444736,2.532098048,0.0
657,backward,73,105.4,1.781334016,4.79541248,16.387444736,2.532098048,0.0
657,optimizer,73,0.0,1.781334016,4.79541248,16.387444736,2.532098048,0.0
658,forward,73,193.8,1.781334016,4.795486208,16.387444736,2.535931904,0.0
658,backward,73,106.9,1.781334016,4.795486208,16.387444736,2.535931904,0.0
658,optimizer,73,0.0,1.781334016,4.795486208,16.387444736,2.535952384,0.0
659,forward,73,196.2,1.781334016,4.795682816,16.387444736,2.53978624,0.0
659,backward,73,105.4,1.781334016,4.795682816,16.387444736,2.53978624,0.0
659,optimizer,73,0.0,1.781334016,4.795682816,16.387444736,2.53978624,0.0
660,forward,73,184.6,1.781334016,4.796407808,16.387444736,2.543587328,0.0
660,backward,74,107.0,1.781334016,4.796407808,16.387444736,2.543587328,0.0
660,optimizer,74,0.0,1.781334016,4.796407808,16.387444736,2.543587328,0.0
661,forward,74,185.3,1.781334016,4.796035072,16.387444736,2.547437568,0.0
661,backward,74,104.4,1.781334016,4.796035072,16.387411968,2.547437568,0.0
661,optimizer,74,0.0,1.781334016,4.796035072,16.387411968,2.547437568,0.0
662,forward,74,220.5,1.781334016,4.796014592,16.387411968,2.551304192,0.0
662,backward,74,106.1,1.781334016,4.796014592,16.387411968,2.551304192,0.0
662,optimizer,74,0.0,1.781334016,4.796014592,16.387411968,2.551304192,0.0
663,forward,78,193.1,1.781334016,4.79588352,16.387411968,2.555088896,0.0
663,backward,78,79.4,1.781334016,4.79588352,16.387411968,2.555088896,0.0
663,optimizer,78,0.0,1.781334016,4.79588352,16.387411968,2.555088896,0.0
664,forward,78,186.4,1.781334016,4.794310656,16.387670016,2.558922752,0.0
664,backward,78,105.7,1.781334016,4.794310656,16.387670016,2.558922752,0.0
664,optimizer,78,0.0,1.781334016,4.794310656,16.387670016,2.558922752,0.0
665,forward,78,217.7,1.781334016,4.79602688,16.38715392,2.562740224,0.0
665,backward,78,106.3,1.781334016,4.79602688,16.38715392,2.562740224,0.0
665,optimizer,78,0.0,1.781334016,4.79602688,16.38715392,2.562740224,0.0
666,forward,76,190.3,1.781334016,4.79598592,16.38715392,2.56657408,0.0
666,backward,76,105.9,1.781334016,4.79598592,16.387411968,2.56657408,0.0
666,optimizer,76,0.0,1.781334016,4.79598592,16.387411968,2.56657408,0.0
667,forward,76,181.7,1.781334016,4.794048512,16.387411968,2.570407936,0.0
667,backward,76,105.2,1.781334016,4.794048512,16.387411968,2.570407936,0.0
667,optimizer,76,0.0,1.781334016,4.794048512,16.387411968,2.570440704,0.0
668,forward,76,171.8,1.781334016,4.795244544,16.387411968,2.574241792,0.0
668,backward,70,106.6,1.781334016,4.795244544,16.387411968,2.574241792,0.0
668,optimizer,70,0.0,1.781334016,4.795244544,16.387411968,2.574258176,0.0
669,forward,70,215.8,1.781334016,4.795072512,16.387411968,2.5781248,0.0
669,backward,70,79.1,1.781334016,4.795072512,16.387411968,2.5781248,0.0
669,optimizer,70,538.4,1.781334016,4.795072512,16.387411968,2.5781248,0.0
670,forward,70,164.2,1.781334016,4.795092992,16.387411968,2.581958656,0.0
670,backward,70,105.0,1.781334016,4.795092992,16.387411968,2.581958656,0.0
670,optimizer,70,0.0,1.781334016,4.795092992,16.387411968,2.581958656,0.0
671,forward,70,217.0,1.781334016,4.79510528,16.387411968,2.585792512,0.0
671,backward,68,79.6,1.781334016,4.79510528,16.387411968,2.585792512,0.0
671,optimizer,68,0.0,1.781334016,4.79510528,16.387411968,2.585792512,0.0
672,forward,68,190.7,1.781334016,4.795031552,16.387411968,2.589609984,0.0
672,backward,68,107.0,1.781334016,4.795031552,16.387411968,2.589609984,0.0
672,optimizer,68,0.0,1.781334016,4.795031552,16.387411968,2.589609984,0.0
673,forward,68,192.0,1.781334016,4.794527744,16.3873792,2.593427456,0.0
673,backward,68,105.4,1.781334016,4.794527744,16.387121152,2.593427456,0.0
673,optimizer,68,0.0,1.781334016,4.794527744,16.387121152,2.593427456,0.0
674,forward,80,217.9,1.781334016,4.794015744,16.387121152,2.597228544,0.0
674,backward,80,106.8,1.781334016,4.794064896,16.387121152,2.597228544,0.0
674,optimizer,80,0.0,1.781334016,4.794064896,16.387121152,2.597228544,0.0
675,forward,80,166.4,1.781334016,4.794298368,16.387121152,2.6010624,0.0
675,backward,80,103.9,1.781334016,4.794298368,16.387121152,2.6010624,0.0
675,optimizer,80,0.0,1.781334016,4.794298368,16.387121152,2.6010624,0.0
676,forward,80,223.9,1.781334016,4.795133952,16.387121152,2.604929024,0.0
676,backward,80,79.7,1.781334016,4.795133952,16.3873792,2.604929024,0.0
676,optimizer,80,539.7,1.781334016,4.795133952,16.3873792,2.604929024,0.0
677,forward,75,156.4,1.781334016,4.795113472,16.3873792,2.608734208,0.0
677,backward,75,104.9,1.781334016,4.795113472,16.3873792,2.608734208,0.0
677,optimizer,75,0.0,1.781334016,4.795113472,16.3873792,2.608734208,0.0
678,forward,75,223.8,1.781334016,4.794638336,16.3873792,2.612580352,0.0
678,backward,75,103.9,1.781334016,4.794638336,16.3873792,2.612580352,0.0
678,optimizer,75,0.0,1.781334016,4.794638336,16.3873792,2.612580352,0.0
679,forward,75,177.3,1.781334016,4.79449088,16.3873792,2.616414208,0.0
679,backward,71,105.6,1.781334016,4.79449088,16.387637248,2.616414208,0.0
679,optimizer,71,0.0,1.781334016,4.79449088,16.387637248,2.616414208,0.0
680,forward,71,226.9,1.781334016,4.79449088,16.387637248,2.620248064,0.0
680,backward,71,105.9,1.781334016,4.79449088,16.387637248,2.620248064,0.0
680,optimizer,71,0.0,1.781334016,4.79449088,16.387637248,2.620248064,0.0
681,forward,71,199.9,1.781334016,4.794499072,16.387637248,2.624049152,0.0
681,backward,71,103.6,1.781334016,4.794499072,16.387637248,2.624049152,0.0
681,optimizer,71,0.0,1.781334016,4.794499072,16.387637248,2.624049152,0.0
682,forward,71,165.8,1.781334016,4.79500288,16.387637248,2.62791168,0.0
682,backward,71,106.6,1.781334016,4.79500288,16.387637248,2.62791168,0.0
682,optimizer,71,0.0,1.781334016,4.79500288,16.387637248,2.627936256,0.0
683,forward,71,211.7,1.781334016,4.794564608,16.387637248,2.631770112,0.0
683,backward,71,105.5,1.781334016,4.794564608,16.387637248,2.631770112,0.0
683,optimizer,71,0.0,1.781334016,4.794564608,16.387637248,2.631770112,0.0
684,forward,71,185.9,1.781334016,4.794810368,16.387637248,2.635587584,0.0
684,backward,71,106.2,1.781334016,4.794810368,16.387637248,2.635587584,0.0
684,optimizer,71,0.0,1.781334016,4.794810368,16.387637248,2.635587584,0.0
685,forward,79,190.1,1.781334016,4.794404864,16.388153344,2.639392768,0.0
685,backward,79,107.5,1.781334016,4.794404864,16.388153344,2.639392768,0.0
685,optimizer,79,0.0,1.781334016,4.794404864,16.388153344,2.639392768,0.0
686,forward,79,190.8,1.781334016,4.794380288,16.388153344,2.64321024,0.0
686,backward,79,104.4,1.781334016,4.794380288,16.388411392,2.64321024,0.0
686,optimizer,79,0.0,1.781334016,4.794380288,16.388411392,2.643226624,0.0
687,forward,79,216.4,1.781334016,4.79408128,16.388411392,2.647109632,0.0
687,backward,79,79.7,1.781334016,4.79408128,16.388411392,2.647109632,0.0
687,optimizer,79,541.4,1.781334016,4.79408128,16.388411392,2.647109632,0.0
688,forward,75,184.7,1.781334016,4.793085952,16.388411392,2.650943488,0.0
688,backward,75,107.5,1.781334016,4.793085952,16.388411392,2.650943488,0.0
688,optimizer,75,0.0,1.781334016,4.793085952,16.388411392,2.650955776,0.0
689,forward,75,201.4,1.781334016,4.793913344,16.388411392,2.654773248,0.0
689,backward,75,78.9,1.781334016,4.793913344,16.388411392,2.654773248,0.0
689,optimizer,75,544.6,1.781334016,4.793913344,16.388411392,2.654773248,0.0
690,forward,75,191.7,1.781334016,4.793352192,16.388411392,2.658623488,0.0
690,backward,70,106.7,1.781334016,4.793352192,16.388411392,2.658623488,0.0
690,optimizer,70,0.0,1.781334016,4.793352192,16.388411392,2.658635776,0.0
691,forward,70,162.3,1.781334016,4.793823232,16.388411392,2.662449152,0.0
691,backward,70,106.2,1.781334016,4.793823232,16.388153344,2.662449152,0.0
691,optimizer,70,0.0,1.781334016,4.793823232,16.388153344,2.66248192,0.0
692,forward,70,217.9,1.781334016,4.794171392,16.388153344,2.666299392,0.0
692,backward,70,105.2,1.781334016,4.794171392,16.388153344,2.666299392,0.0
692,optimizer,70,0.0,1.781334016,4.794171392,16.388153344,2.666299392,0.0
693,forward,70,188.1,1.781334016,4.793593856,16.387637248,2.670149632,0.0
693,backward,71,106.5,1.781334016,4.793593856,16.387637248,2.670149632,0.0
693,optimizer,71,0.0,1.781334016,4.793593856,16.387637248,2.670149632,0.0
694,forward,71,227.1,1.781334016,4.794052608,16.387637248,2.674016256,0.0
694,backward,71,77.9,1.781334016,4.794052608,16.387637248,2.674016256,0.0
694,optimizer,71,534.3,1.781334016,4.794052608,16.387637248,2.674016256,0.0
695,forward,71,191.5,1.781334016,4.793307136,16.387637248,2.677784576,0.0
695,backward,71,79.7,1.781334016,4.793307136,16.387637248,2.677784576,0.0
695,optimizer,71,539.4,1.781334016,4.793307136,16.387637248,2.677784576,0.0
696,forward,71,187.6,1.781334016,4.793995264,16.387637248,2.681683968,0.0
696,backward,78,79.3,1.781334016,4.793995264,16.387637248,2.681683968,0.0
696,optimizer,78,545.7,1.781334016,4.793995264,16.387637248,2.681683968,0.0
697,forward,78,174.2,1.781334016,4.793430016,16.387637248,2.685485056,0.0
697,backward,78,105.9,1.781334016,4.793495552,16.3873792,2.685485056,0.0
697,optimizer,78,0.0,1.781334016,4.793495552,16.3873792,2.685485056,0.0
698,forward,78,212.3,1.781334016,4.793274368,16.3873792,2.689253376,0.0
698,backward,78,80.2,1.781334016,4.793274368,16.3873792,2.689253376,0.0
698,optimizer,78,544.3,1.781334016,4.793274368,16.3873792,2.689253376,0.0
699,forward,72,167.0,1.781334016,4.79315968,16.3873792,2.69312,0.0
699,backward,72,106.1,1.781334016,4.79315968,16.3873792,2.69312,0.0
699,optimizer,72,0.0,1.781334016,4.79315968,16.3873792,2.69312,0.0
700,forward,72,180.1,1.781334016,4.793757696,16.3873792,2.696921088,0.0
700,backward,72,80.8,1.781334016,4.793757696,16.38760448,2.696921088,0.0
700,optimizer,72,542.7,1.781334016,4.793757696,16.38760448,2.696921088,0.0
701,forward,72,180.5,1.781334016,4.793004032,16.38760448,2.700767232,0.0
701,backward,65,80.8,1.781334016,4.793004032,16.38760448,2.700767232,0.0
701,optimizer,65,0.0,1.781334016,4.793004032,16.38760448,2.700767232,0.0
702,forward,65,198.3,1.781334016,4.792922112,16.38760448,2.70456832,0.0
702,backward,65,107.5,1.781334016,4.792922112,16.38760448,2.70456832,0.0
702,optimizer,65,0.0,1.781334016,4.792922112,16.38760448,2.70456832,0.0
703,forward,65,222.3,1.781334016,4.793245696,16.38760448,2.708434944,0.0
703,backward,65,78.5,1.781334016,4.793245696,16.38760448,2.708434944,0.0
703,optimizer,65,544.2,1.781334016,4.793245696,16.38760448,2.708434944,0.0
704,forward,75,157.9,1.781334016,4.791881728,16.38760448,2.712236032,0.0
704,backward,75,106.9,1.781334016,4.791881728,16.38760448,2.712236032,0.0
704,optimizer,75,0.0,1.781334016,4.791881728,16.38760448,2.712236032,0.0
705,forward,75,196.6,1.781334016,4.792635392,16.38760448,2.716110848,0.0
705,backward,75,104.0,1.781334016,4.792635392,16.38760448,2.716110848,0.0
705,optimizer,75,0.0,1.781334016,4.792635392,16.38760448,2.716110848,0.0
706,forward,75,191.2,1.781334016,4.79352832,16.38760448,2.719944704,0.0
706,backward,75,79.9,1.781334016,4.79352832,16.38760448,2.719944704,0.0
706,optimizer,75,547.7,1.781334016,4.79352832,16.38760448,2.719944704,0.0
707,forward,74,190.1,1.781334016,4.793397248,16.38760448,2.723745792,0.0
707,backward,74,105.5,1.781334016,4.793397248,16.38760448,2.723745792,0.0
707,optimizer,74,0.0,1.781334016,4.793397248,16.38760448,2.723745792,0.0
708,forward,74,173.8,1.781334016,4.792373248,16.38760448,2.727563264,0.0
708,backward,74,106.3,1.781334016,4.792373248,16.38760448,2.727563264,0.0
708,optimizer,74,0.0,1.781334016,4.792373248,16.38760448,2.727563264,0.0
709,forward,74,187.6,1.781334016,4.7916032,16.38760448,2.7314176,0.0
709,backward,69,106.3,1.781334016,4.7916032,16.38760448,2.7314176,0.0
709,optimizer,69,0.0,1.781334016,4.7916032,16.38760448,2.7314176,0.0
710,forward,69,215.0,1.781334016,4.792676352,16.38760448,2.735284224,0.0
710,backward,69,80.2,1.781334016,4.792676352,16.38760448,2.735284224,0.0
710,optimizer,69,0.0,1.781334016,4.792676352,16.38760448,2.735284224,0.0
711,forward,69,199.9,1.781334016,4.7930368,16.38760448,2.73911808,0.0
711,backward,69,107.2,1.781334016,4.7930368,16.38760448,2.73911808,0.0
711,optimizer,69,0.0,1.781334016,4.7930368,16.38760448,2.73911808,0.0
712,forward,69,190.4,1.781334016,4.79291392,16.38760448,2.742951936,0.0
712,backward,71,104.9,1.781334016,4.79291392,16.38760448,2.742951936,0.0
712,optimizer,71,0.0,1.781334016,4.79291392,16.38760448,2.742951936,0.0
713,forward,71,180.6,1.781334016,4.79330304,16.38760448,2.746753024,0.0
713,backward,71,106.6,1.781334016,4.79330304,16.38760448,2.746753024,0.0
713,optimizer,71,0.0,1.781334016,4.79330304,16.38760448,2.746753024,0.0
714,forward,71,193.1,1.781334016,4.792287232,16.387571712,2.750619648,0.0
714,backward,71,104.9,1.781334016,4.792287232,16.387571712,2.750619648,0.0
714,optimizer,71,0.0,1.781334016,4.792287232,16.387571712,2.750619648,0.0
715,forward,78,194.0,1.781334016,4.792537088,16.387571712,2.754453504,0.0
715,backward,78,79.3,1.781334016,4.792537088,16.387571712,2.754453504,0.0
715,optimizer,78,533.4,1.781334016,4.792537088,16.387571712,2.754453504,0.0
716,forward,78,193.7,1.781334016,4.79258624,16.387571712,2.758295552,0.0
716,backward,78,105.9,1.781334016,4.79258624,16.387571712,2.758295552,0.0
716,optimizer,78,0.0,1.781334016,4.79258624,16.387571712,2.758299648,0.0
717,forward,78,182.3,1.781334016,4.792229888,16.387571712,2.762182656,0.0
717,backward,78,105.7,1.781334016,4.792229888,16.387571712,2.762182656,0.0
717,optimizer,78,0.0,1.781334016,4.792229888,16.387571712,2.762182656,0.0
718,forward,74,183.9,1.781334016,4.791926784,16.387571712,2.766012416,0.0
718,backward,74,106.1,1.781334016,4.791926784,16.387571712,2.766012416,0.0
718,optimizer,74,0.0,1.781334016,4.791926784,16.387571712,2.766012416,0.0
719,forward,74,194.2,1.781334016,4.792332288,16.38782976,2.769780736,0.0
719,backward,74,106.6,1.781334016,4.792332288,16.38782976,2.769780736,0.0
719,optimizer,74,0.0,1.781334016,4.792332288,16.38782976,2.769780736,0.0
720,forward,74,215.4,1.781334016,4.792119296,16.38782976,2.773630976,0.0
720,backward,69,78.2,1.781334016,4.792119296,16.38782976,2.773630976,0.0
720,optimizer,69,541.8,1.781334016,4.792119296,16.38782976,2.773630976,0.0
721,forward,69,186.2,1.781334016,4.791341056,16.387571712,2.777481216,0.0
721,backward,69,106.5,1.781334016,4.791341056,16.387571712,2.777481216,0.0
721,optimizer,69,0.0,1.781334016,4.791341056,16.387571712,2.777481216,0.0
722,forward,69,169.2,1.781334016,4.79225856,16.387571712,2.781310976,0.0
722,backward,69,103.2,1.781334016,4.79225856,16.387571712,2.781310976,0.0
722,optimizer,69,0.0,1.781334016,4.79225856,16.387571712,2.781310976,0.0
723,forward,69,206.5,1.781334016,4.791218176,16.387055616,2.785165312,0.0
723,backward,73,105.5,1.781334016,4.791218176,16.387055616,2.785165312,0.0
723,optimizer,73,0.0,1.781334016,4.791443456,16.387055616,2.785165312,0.0
724,forward,73,210.7,1.781334016,4.791218176,16.387055616,2.7889664,0.0
724,backward,73,107.2,1.781334016,4.791218176,16.387055616,2.7889664,0.0
724,optimizer,73,0.0,1.781334016,4.791218176,16.387055616,2.7889664,0.0
725,forward,79,188.6,1.781334016,4.791312384,16.387055616,2.792804352,0.0
725,backward,79,103.3,1.781334016,4.791312384,16.387055616,2.792804352,0.0
725,optimizer,79,0.0,1.781334016,4.791312384,16.387055616,2.792804352,0.0
726,forward,79,184.2,1.781334016,4.791549952,16.387055616,2.796621824,0.0
726,backward,79,105.4,1.781334016,4.791549952,16.387055616,2.796621824,0.0
726,optimizer,79,0.0,1.781334016,4.791549952,16.387055616,2.796621824,0.0
727,forward,79,190.1,1.781334016,4.791545856,16.387055616,2.800488448,0.0
727,backward,72,105.8,1.781334016,4.791554048,16.387055616,2.800488448,0.0
727,optimizer,72,0.0,1.781334016,4.79156224,16.387055616,2.800508928,0.0
728,forward,72,161.0,1.781334016,4.792389632,16.387055616,2.8043264,0.0
728,backward,72,131.8,1.781334016,4.792389632,16.387055616,2.8043264,0.0
728,optimizer,72,0.0,1.781334016,4.792389632,16.387055616,2.8043264,0.0
729,forward,72,178.7,1.781334016,4.791963648,16.387313664,2.808168448,0.0
729,backward,72,79.9,1.781334016,4.791963648,16.387313664,2.808168448,0.0
729,optimizer,72,0.0,1.781334016,4.791963648,16.387313664,2.808168448,0.0
730,forward,72,243.0,1.781334016,4.790566912,16.387313664,2.812002304,0.0
730,backward,69,107.4,1.781334016,4.790566912,16.387313664,2.812002304,0.0
730,optimizer,69,0.0,1.781334016,4.790566912,16.387313664,2.812002304,0.0
731,forward,69,171.2,1.781334016,4.791742464,16.386797568,2.81583616,0.0
731,backward,69,105.3,1.781334016,4.791742464,16.386797568,2.81583616,0.0
731,optimizer,69,0.0,1.781334016,4.791742464,16.386797568,2.81583616,0.0
732,forward,69,180.9,1.781334016,4.791455744,16.387313664,2.81960448,0.0
732,backward,69,107.2,1.781334016,4.791455744,16.387313664,2.81960448,0.0
732,optimizer,69,0.0,1.781334016,4.791455744,16.387313664,2.81960448,0.0
733,forward,73,216.2,1.781334016,4.790554624,16.387313664,2.823438336,0.0
733,backward,73,78.1,1.781334016,4.790554624,16.387313664,2.823438336,0.0
733,optimizer,73,0.0,1.781334016,4.790554624,16.387313664,2.82345472,0.0
734,forward,73,187.4,1.781334016,4.790398976,16.387313664,2.827333632,0.0
734,backward,73,105.7,1.781334016,4.790398976,16.387313664,2.827333632,0.0
734,optimizer,73,0.0,1.781334016,4.790398976,16.387313664,2.827333632,0.0
735,forward,73,212.5,1.781334016,4.791246848,16.387571712,2.831183872,0.0
735,backward,73,80.2,1.781334016,4.791246848,16.387571712,2.831183872,0.0
735,optimizer,78,458.0,1.781334016,4.79145984,16.387571712,2.831208448,0.0
736,forward,78,191.5,1.781334016,4.79062016,16.387571712,2.835009536,0.0
736,backward,78,80.9,1.781334016,4.79062016,16.387571712,2.835009536,0.0
736,optimizer,78,0.0,1.781334016,4.79062016,16.387571712,2.835009536,0.0
737,forward,78,197.5,1.781334016,4.791103488,16.387571712,2.838810624,0.0
737,backward,78,105.6,1.781334016,4.791103488,16.387571712,2.838810624,0.0
737,optimizer,78,0.0,1.781334016,4.791103488,16.387571712,2.838810624,0.0
738,forward,78,224.1,1.781334016,4.790603776,16.387571712,2.84264448,0.0
738,backward,68,106.2,1.781334016,4.790603776,16.38776832,2.84264448,0.0
738,optimizer,68,0.0,1.781334016,4.790603776,16.38776832,2.842660864,0.0
739,forward,68,163.3,1.781334016,4.790734848,16.38776832,2.84649472,0.0
739,backward,68,106.2,1.781334016,4.790734848,16.38776832,2.84649472,0.0
739,optimizer,68,0.0,1.781334016,4.790734848,16.38776832,2.84649472,0.0
740,forward,68,220.8,1.781334016,4.790247424,16.38776832,2.850357248,0.0
740,backward,68,105.4,1.781334016,4.790247424,16.38776832,2.850357248,0.0
740,optimizer,68,0.0,1.781334016,4.790247424,16.38776832,2.850357248,0.0
741,forward,68,163.0,1.781334016,4.790530048,16.38776832,2.854158336,0.0
741,backward,74,106.5,1.781334016,4.790530048,16.38776832,2.854158336,0.0
741,optimizer,74,0.0,1.781334016,4.790530048,16.38776832,2.854158336,0.0
742,forward,74,211.6,1.781334016,4.790345728,16.387510272,2.858008576,0.0
742,backward,74,103.6,1.781334016,4.790345728,16.387506176,2.858008576,0.0
742,optimizer,74,0.0,1.781334016,4.790345728,16.387506176,2.858020864,0.0
743,forward,74,187.3,1.781334016,4.79100928,16.387506176,2.861838336,0.0
743,backward,74,131.7,1.781334016,4.79100928,16.387506176,2.861838336,0.0
743,optimizer,74,0.0,1.781334016,4.79100928,16.387506176,2.861838336,0.0
744,forward,74,187.9,1.781334016,4.790501376,16.387506176,2.865672192,0.0
744,backward,74,79.6,1.781334016,4.790501376,16.387506176,2.865672192,0.0
744,optimizer,74,544.3,1.781334016,4.790501376,16.387506176,2.865672192,0.0
745,forward,74,186.1,1.781334016,4.790255616,16.387506176,2.86953472,0.0
745,backward,74,107.6,1.781334016,4.790255616,16.387506176,2.86953472,0.0
745,optimizer,74,0.0,1.781334016,4.790484992,16.387506176,2.869551104,0.0
746,forward,74,212.4,1.781334016,4.79041536,16.387506176,2.873352192,0.0
746,backward,73,78.1,1.781334016,4.79041536,16.387506176,2.873352192,0.0
746,optimizer,73,462.8,1.781334016,4.79041536,16.387506176,2.873380864,0.0
747,forward,73,213.1,1.781334016,4.789067776,16.387506176,2.877251584,0.0
747,backward,73,79.5,1.781334016,4.789067776,16.387506176,2.877251584,0.0
747,optimizer,73,540.8,1.781334016,4.789067776,16.387506176,2.877251584,0.0
748,forward,73,162.0,1.781334016,4.78988288,16.387506176,2.88108544,0.0
748,backward,73,105.9,1.781334016,4.78988288,16.387506176,2.88108544,0.0
748,optimizer,73,0.0,1.781334016,4.78988288,16.387506176,2.881101824,0.0
749,forward,73,194.2,1.781334016,4.789796864,16.387506176,2.884902912,0.0
749,backward,73,105.4,1.781334016,4.789796864,16.387506176,2.884902912,0.0
749,optimizer,73,0.0,1.781334016,4.789796864,16.387506176,2.884902912,0.0
750,forward,73,186.6,1.781334016,4.789219328,16.387506176,2.888736768,0.0
750,backward,73,106.8,1.781334016,4.789219328,16.387506176,2.888736768,0.0
750,optimizer,73,544.8,1.781334016,4.789219328,16.387506176,2.888736768,0.0
751,forward,73,169.2,1.781334016,4.790489088,16.387506176,2.892570624,0.0
751,backward,73,78.5,1.781334016,4.790489088,16.387506176,2.892570624,0.0
751,optimizer,73,478.6,1.781334016,4.790489088,16.387506176,2.892582912,0.0
752,forward,72,190.9,1.781334016,4.788813824,16.387506176,2.896449536,0.0
752,backward,72,106.3,1.781334016,4.788813824,16.387506176,2.896449536,0.0
752,optimizer,72,0.0,1.781334016,4.789030912,16.387506176,2.896482304,0.0
753,forward,72,193.7,1.781334016,4.789436416,16.387506176,2.900299776,0.0
753,backward,72,106.3,1.781334016,4.789436416,16.387702784,2.900299776,0.0
753,optimizer,72,0.0,1.781334016,4.789436416,16.387702784,2.900299776,0.0
754,forward,72,198.9,1.781334016,4.7900672,16.387702784,2.904150016,0.0
754,backward,72,105.6,1.781334016,4.7900672,16.387702784,2.904150016,0.0
754,optimizer,72,0.0,1.781334016,4.7900672,16.387702784,2.9041664,0.0
755,forward,77,179.5,1.781334016,4.789850112,16.387702784,2.908033024,0.0
755,backward,77,106.8,1.781334016,4.789850112,16.387444736,2.908033024,0.0
755,optimizer,77,0.0,1.781334016,4.789850112,16.387444736,2.908033024,0.0
756,forward,77,184.8,1.781334016,4.78976,16.387444736,2.911850496,0.0
756,backward,77,103.9,1.781334016,4.78976,16.387444736,2.911850496,0.0
756,optimizer,77,0.0,1.781334016,4.78976,16.387444736,2.91188736,0.0
757,forward,77,207.1,1.781334016,4.789248,16.387444736,2.915762176,0.0
757,backward,76,105.1,1.781334016,4.789248,16.387444736,2.915762176,0.0
757,optimizer,76,0.0,1.781334016,4.789248,16.387444736,2.915762176,0.0
758,forward,76,185.2,1.781334016,4.790083584,16.387444736,2.919579648,0.0
758,backward,76,106.7,1.781334016,4.790083584,16.387444736,2.919579648,0.0
758,optimizer,76,0.0,1.781334016,4.790083584,16.387444736,2.919604224,0.0
759,forward,76,208.6,1.781334016,4.788883456,16.387444736,2.923421696,0.0
759,backward,76,81.1,1.781334016,4.788883456,16.387444736,2.923421696,0.0
759,optimizer,76,0.0,1.781334016,4.788883456,16.387444736,2.923454464,0.0
760,forward,76,231.2,1.781334016,4.789489664,16.387444736,2.927255552,0.0
760,backward,67,78.2,1.781334016,4.789489664,16.387444736,2.927255552,0.0
760,optimizer,67,543.0,1.781334016,4.789489664,16.387444736,2.927255552,0.0
761,forward,67,156.7,1.781334016,4.789198848,16.387444736,2.931089408,0.0
761,backward,67,106.1,1.781334016,4.789198848,16.387444736,2.931089408,0.0
761,optimizer,67,0.0,1.781334016,4.789198848,16.387444736,2.931089408,0.0
762,forward,67,215.4,1.781334016,4.789444608,16.387444736,2.934923264,0.0
762,backward,67,80.4,1.781334016,4.789444608,16.387444736,2.934923264,0.0
762,optimizer,67,0.0,1.781334016,4.789444608,16.387444736,2.934923264,0.0
763,forward,71,212.6,1.781334016,4.789272576,16.387444736,2.93875712,0.0
763,backward,71,107.8,1.781334016,4.789272576,16.387444736,2.93875712,0.0
763,optimizer,71,0.0,1.781334016,4.789272576,16.387444736,2.938789888,0.0
764,forward,71,190.4,1.781334016,4.789374976,16.387444736,2.942631936,0.0
764,backward,71,77.8,1.781334016,4.789374976,16.387444736,2.942631936,0.0
764,optimizer,71,542.3,1.781334016,4.789374976,16.387444736,2.942631936,0.0
765,forward,71,151.6,1.781334016,4.788948992,16.387444736,2.94653952,0.0
765,backward,77,105.7,1.781334016,4.788948992,16.387444736,2.94653952,0.0
765,optimizer,77,0.0,1.781334016,4.788948992,16.387444736,2.94653952,0.0
766,forward,77,184.6,1.781334016,4.788649984,16.387444736,2.950397952,0.0
766,backward,77,106.2,1.781334016,4.788649984,16.387444736,2.950397952,0.0
766,optimizer,77,0.0,1.781334016,4.788649984,16.387444736,2.950397952,0.0
767,forward,77,183.4,1.781334016,4.789293056,16.387444736,2.95417856,0.0
767,backward,77,104.3,1.781334016,4.789293056,16.387444736,2.95417856,0.0
767,optimizer,77,0.0,1.781334016,4.789293056,16.387444736,2.954211328,0.0
768,forward,77,206.2,1.781334016,4.78851072,16.387444736,2.958077952,0.0
768,backward,71,79.3,1.781334016,4.78851072,16.387444736,2.958077952,0.0
768,optimizer,71,544.2,1.781334016,4.78851072,16.387186688,2.958077952,0.0
769,forward,71,191.5,1.781334016,4.788998144,16.387186688,2.961911808,0.0
769,backward,71,105.7,1.781334016,4.788998144,16.387186688,2.961911808,0.0
769,optimizer,71,0.0,1.781334016,4.788998144,16.387186688,2.961911808,0.0
770,forward,71,188.4,1.781334016,4.78910464,16.387186688,2.965757952,0.0
770,backward,71,105.1,1.781334016,4.78910464,16.387186688,2.965757952,0.0
770,optimizer,71,0.0,1.781334016,4.78910464,16.387186688,2.965766144,0.0
771,forward,71,182.6,1.781334016,4.788441088,16.387186688,2.969632768,0.0
771,backward,73,106.8,1.781334016,4.788441088,16.387444736,2.969632768,0.0
771,optimizer,73,0.0,1.781334016,4.788441088,16.387444736,2.969632768,0.0
772,forward,73,193.7,1.781334016,4.78844928,16.38692864,2.973433856,0.0
772,backward,73,103.9,1.781334016,4.78844928,16.38692864,2.973433856,0.0
772,optimizer,73,0.0,1.781334016,4.78844928,16.38692864,2.973433856,0.0
773,forward,73,209.5,1.781334016,4.788436992,16.38692864,2.977267712,0.0
773,backward,73,79.1,1.781334016,4.788436992,16.38692864,2.977267712,0.0
773,optimizer,73,533.1,1.781334016,4.788436992,16.38692864,2.977267712,0.0
774,forward,74,192.6,1.781334016,4.787331072,16.38692864,2.98110976,0.0
774,backward,74,106.9,1.781334016,4.787331072,16.38692864,2.98110976,0.0
774,optimizer,74,0.0,1.781334016,4.787556352,16.38692864,2.981134336,0.0
775,forward,74,170.6,1.781334016,4.78871552,16.38692864,2.984968192,0.0
775,backward,74,103.4,1.781334016,4.78871552,16.38692864,2.984968192,0.0
775,optimizer,74,544.8,1.781334016,4.78871552,16.38692864,2.984968192,0.0
776,forward,74,183.0,1.781334016,4.788314112,16.38692864,2.988843008,0.0
776,backward,78,105.9,1.781334016,4.788314112,16.38692864,2.988843008,0.0
776,optimizer,78,0.0,1.781334016,4.788314112,16.38692864,2.988843008,0.0
777,forward,78,198.0,1.781334016,4.787494912,16.38692864,2.992644096,0.0
777,backward,78,104.8,1.781334016,4.787494912,16.38692864,2.992644096,0.0
777,optimizer,78,0.0,1.781334016,4.787494912,16.38692864,2.992676864,0.0
778,forward,78,163.3,1.781334016,4.78814208,16.38692864,2.99651072,0.0
778,backward,78,105.2,1.781334016,4.78814208,16.38692864,2.99651072,0.0
778,optimizer,78,0.0,1.781334016,4.78814208,16.38692864,2.99651072,0.0
779,forward,78,221.4,1.781334016,4.786970624,16.38692864,3.000344576,0.0
779,backward,74,106.7,1.781334016,4.786970624,16.38692864,3.000344576,0.0
779,optimizer,74,0.0,1.781334016,4.786970624,16.38692864,3.000344576,0.0
780,forward,74,189.8,1.781334016,4.787613696,16.38692864,3.004178432,0.0
780,backward,74,104.5,1.781334016,4.787613696,16.386895872,3.004178432,0.0
780,optimizer,74,0.0,1.781334016,4.787613696,16.386895872,3.00419072,0.0
781,forward,74,187.4,1.781334016,4.786716672,16.386895872,3.008012288,0.0
781,backward,74,106.3,1.781334016,4.786716672,16.386895872,3.008012288,0.0
781,optimizer,74,0.0,1.781334016,4.786716672,16.386895872,3.008028672,0.0
782,forward,74,191.7,1.781334016,4.78683136,16.386895872,3.011895296,0.0
782,backward,73,104.0,1.781334016,4.78683136,16.386576384,3.011895296,0.0
782,optimizer,73,0.0,1.781334016,4.78683136,16.386576384,3.011895296,0.0
783,forward,73,200.8,1.781334016,4.78820352,16.386576384,3.015696384,0.0
783,backward,73,79.5,1.781334016,4.78820352,16.386576384,3.015696384,0.0
783,optimizer,73,543.9,1.781334016,4.78820352,16.386576384,3.015696384,0.0
784,forward,73,187.8,1.781334016,4.787920896,16.386318336,3.01953024,0.0
784,backward,73,80.3,1.781334016,4.787920896,16.386318336,3.01953024,0.0
784,optimizer,73,0.0,1.781334016,4.787920896,16.386318336,3.01953024,0.0
785,forward,71,249.4,1.781334016,4.78652416,16.386318336,3.023364096,0.0
785,backward,71,77.4,1.781334016,4.78652416,16.386318336,3.023364096,0.0
785,optimizer,71,521.2,1.781334016,4.78652416,16.386318336,3.023396864,0.0
786,forward,71,161.5,1.781334016,4.786507776,16.386318336,3.027279872,0.0
786,backward,71,105.6,1.781334016,4.786507776,16.386318336,3.027279872,0.0
786,optimizer,71,0.0,1.781334016,4.786507776,16.386318336,3.02731264,0.0
787,forward,71,201.7,1.781334016,4.78785536,16.386318336,3.031113728,0.0
787,backward,71,105.1,1.781334016,4.78785536,16.386318336,3.031113728,0.0
787,optimizer,71,0.0,1.781334016,4.78785536,16.386318336,3.031113728,0.0
788,forward,81,174.2,1.781334016,4.786446336,16.386060288,3.034914816,0.0
788,backward,81,104.5,1.781334016,4.786446336,16.386060288,3.034914816,0.0
788,optimizer,81,0.0,1.781334016,4.786446336,16.386060288,3.0349312,0.0
789,forward,81,227.9,1.781334016,4.787503104,16.386060288,3.038797824,0.0
789,backward,81,79.9,1.781334016,4.787503104,16.386060288,3.038797824,0.0
789,optimizer,81,546.9,1.781334016,4.787503104,16.386060288,3.038797824,0.0
790,forward,81,188.9,1.781334016,4.787195904,16.385544192,3.042598912,0.0
790,backward,74,104.5,1.781334016,4.787195904,16.38580224,3.042598912,0.0
790,optimizer,74,0.0,1.781334016,4.787441664,16.38580224,3.042598912,0.0
791,forward,74,187.2,1.781334016,4.787580928,16.38580224,3.046432768,0.0
791,backward,74,105.4,1.781334016,4.787580928,16.38580224,3.046432768,0.0
791,optimizer,74,0.0,1.781334016,4.787580928,16.38580224,3.046432768,0.0
792,forward,74,194.3,1.781334016,4.787286016,16.38580224,3.050217472,0.0
792,backward,74,105.4,1.781334016,4.787286016,16.38580224,3.050217472,0.0
792,optimizer,74,0.0,1.781334016,4.787286016,16.38580224,3.05025024,0.0
793,forward,74,193.6,1.781334016,4.78763008,16.38580224,3.05410048,0.0
793,backward,74,105.6,1.781334016,4.78763008,16.38580224,3.05410048,0.0
793,optimizer,74,0.0,1.781334016,4.78763008,16.38580224,3.05410048,0.0
794,forward,74,202.5,1.781334016,4.78642176,16.38580224,3.057958912,0.0
794,backward,74,79.9,1.781334016,4.78642176,16.38580224,3.057958912,0.0
794,optimizer,74,542.2,1.781334016,4.78642176,16.385998848,3.057958912,0.0
795,forward,74,166.5,1.781334016,4.787044352,16.385998848,3.061792768,0.0
795,backward,74,103.5,1.781334016,4.787044352,16.385998848,3.061792768,0.0
795,optimizer,74,0.0,1.781334016,4.787044352,16.385998848,3.061792768,0.0
796,forward,73,187.8,1.781334016,4.786438144,16.386256896,3.065626624,0.0
796,backward,73,106.0,1.781334016,4.786438144,16.386256896,3.065626624,0.0
796,optimizer,73,0.0,1.781334016,4.786438144,16.386256896,3.065659392,0.0
797,forward,73,229.2,1.781334016,4.786163712,16.386256896,3.069493248,0.0
797,backward,73,78.6,1.781334016,4.786163712,16.386256896,3.069493248,0.0
797,optimizer,73,0.0,1.781334016,4.786163712,16.386256896,3.069493248,0.0
798,forward,73,194.7,1.781334016,4.786049024,16.386256896,3.073294336,0.0
798,backward,73,105.1,1.781334016,4.786049024,16.386256896,3.073294336,0.0
798,optimizer,73,0.0,1.781334016,4.786049024,16.386256896,3.073294336,0.0
799,forward,76,196.4,1.781334016,4.786253824,16.386256896,3.077128192,0.0
799,backward,76,106.4,1.781334016,4.786253824,16.386256896,3.077128192,0.0
799,optimizer,76,0.0,1.781334016,4.786253824,16.386256896,3.07716096,0.0
800,forward,76,165.4,1.781334016,4.78687232,16.386256896,3.080978432,0.0
800,backward,76,103.1,1.781334016,4.78687232,16.386256896,3.080978432,0.0
800,optimizer,76,0.0,1.781334016,4.78687232,16.386256896,3.080978432,0.0
801,forward,76,191.0,1.781334016,4.786409472,16.386256896,3.08486144,0.0
801,backward,76,79.4,1.781334016,4.786409472,16.386256896,3.08486144,0.0
801,optimizer,76,539.2,1.781334016,4.786409472,16.386256896,3.08486144,0.0
802,forward,79,172.8,1.781334016,4.787367936,16.386514944,3.088646144,0.0
802,backward,79,103.2,1.781334016,4.787367936,16.386514944,3.088646144,0.0
802,optimizer,79,0.0,1.781334016,4.787367936,16.386514944,3.088646144,0.0
803,forward,79,180.2,1.781334016,4.787126272,16.386514944,3.092496384,0.0
803,backward,79,105.3,1.781334016,4.787126272,16.386514944,3.092496384,0.0
803,optimizer,79,0.0,1.781334016,4.787126272,16.386514944,3.092512768,0.0
804,forward,79,181.9,1.781334016,4.786860032,16.386514944,3.096346624,0.0
804,backward,64,107.2,1.781334016,4.786860032,16.386514944,3.096346624,0.0
804,optimizer,64,0.0,1.781334016,4.786860032,16.386514944,3.096346624,0.0
805,forward,64,223.2,1.781334016,4.786397184,16.386514944,3.10018048,0.0
805,backward,64,105.4,1.781334016,4.786397184,16.386514944,3.10018048,0.0
805,optimizer,64,0.0,1.781334016,4.786397184,16.386514944,3.10018048,0.0
806,forward,64,187.8,1.781334016,4.785176576,16.386514944,3.104043008,0.0
806,backward,64,106.7,1.781334016,4.785176576,16.386514944,3.104043008,0.0
806,optimizer,64,0.0,1.781334016,4.785176576,16.386514944,3.104067584,0.0
807,forward,72,176.5,1.781334016,4.785963008,16.386514944,3.107835904,0.0
807,backward,72,107.8,1.781334016,4.785963008,16.386514944,3.107835904,0.0
807,optimizer,72,0.0,1.781334016,4.785963008,16.386514944,3.107868672,0.0
808,forward,72,207.3,1.781334016,4.785528832,16.386514944,3.111735296,0.0
808,backward,72,80.1,1.781334016,4.785528832,16.386514944,3.111735296,0.0
808,optimizer,72,542.5,1.781334016,4.785528832,16.386514944,3.111735296,0.0
809,forward,72,168.4,1.781334016,4.786098176,16.386514944,3.115536384,0.0
809,backward,75,79.3,1.781334016,4.786098176,16.386772992,3.115536384,0.0
809,optimizer,75,544.4,1.781334016,4.786098176,16.386772992,3.115536384,0.0
810,forward,75,172.0,1.781334016,4.78550016,16.386772992,3.11937024,0.0
810,backward,75,106.7,1.781334016,4.78550016,16.386772992,3.11937024,0.0
810,optimizer,75,0.0,1.781334016,4.78550016,16.386772992,3.119427584,0.0
811,forward,75,202.7,1.781334016,4.786085888,16.386772992,3.12326144,0.0
811,backward,75,80.0,1.781334016,4.786085888,16.38703104,3.12326144,0.0
811,optimizer,75,542.5,1.781334016,4.786085888,16.38703104,3.12326144,0.0
812,forward,75,186.3,1.781334016,4.78533632,16.38703104,3.127095296,0.0
812,backward,69,103.8,1.781334016,4.78533632,16.38703104,3.127095296,0.0
812,optimizer,69,489.8,1.781334016,4.78533632,16.38703104,3.127119872,0.0
813,forward,69,187.7,1.781334016,4.785983488,16.38703104,3.130986496,0.0
813,backward,69,79.8,1.781334016,4.785983488,16.38703104,3.130986496,0.0
813,optimizer,69,543.6,1.781334016,4.785983488,16.38703104,3.130986496,0.0
814,forward,69,188.4,1.781334016,4.785577984,16.38703104,3.1347712,0.0
814,backward,69,78.8,1.781334016,4.785577984,16.38703104,3.1347712,0.0
814,optimizer,69,516.7,1.781334016,4.785577984,16.38703104,3.134803968,0.0
815,forward,73,190.2,1.781334016,4.785041408,16.38703104,3.13862144,0.0
815,backward,73,106.0,1.781334016,4.785041408,16.38703104,3.13862144,0.0
815,optimizer,73,0.0,1.781334016,4.785041408,16.38703104,3.13862144,0.0
816,forward,73,171.4,1.781334016,4.78599168,16.38703104,3.14247168,0.0
816,backward,73,105.0,1.781334016,4.78599168,16.38703104,3.14247168,0.0
816,optimizer,73,0.0,1.781334016,4.78599168,16.38703104,3.14247168,0.0
817,forward,73,180.5,1.781334016,4.785405952,16.38703104,3.146305536,0.0
817,backward,73,104.9,1.781334016,4.785405952,16.38703104,3.146305536,0.0
817,optimizer,73,0.0,1.781334016,4.785405952,16.38703104,3.146350592,0.0
818,forward,77,178.8,1.781334016,4.785692672,16.38703104,3.15015168,0.0
818,backward,77,105.6,1.781334016,4.785692672,16.38703104,3.15015168,0.0
818,optimizer,77,0.0,1.781334016,4.785692672,16.38703104,3.150184448,0.0
819,forward,77,208.7,1.781334016,4.784418816,16.38703104,3.154018304,0.0
819,backward,77,106.5,1.781334016,4.784418816,16.38703104,3.154018304,0.0
819,optimizer,77,0.0,1.781334016,4.784418816,16.38703104,3.15404288,0.0
820,forward,77,203.2,1.781334016,4.785688576,16.38703104,3.15789312,0.0
820,backward,74,103.1,1.781334016,4.785688576,16.386772992,3.15789312,0.0
820,optimizer,74,0.0,1.781334016,4.785688576,16.386772992,3.15789312,0.0
821,forward,74,193.6,1.781334016,4.785655808,16.386772992,3.161694208,0.0
821,backward,74,105.7,1.781334016,4.785655808,16.386772992,3.161694208,0.0
821,optimizer,74,0.0,1.781334016,4.785655808,16.386772992,3.161710592,0.0
822,forward,74,210.1,1.781334016,4.784201728,16.386772992,3.165560832,0.0
822,backward,74,79.7,1.781334016,4.784201728,16.386772992,3.165560832,0.0
822,optimizer,74,548.6,1.781334016,4.784201728,16.386772992,3.165560832,0.0
823,forward,74,199.8,1.781334016,4.783845376,16.386772992,3.169378304,0.0
823,backward,73,79.1,1.781334016,4.783845376,16.386772992,3.169378304,0.0
823,optimizer,73,473.0,1.781334016,4.783845376,16.386772992,3.16940288,0.0
824,forward,73,173.4,1.781334016,4.785782784,16.386772992,3.173236736,0.0
824,backward,73,105.2,1.781334016,4.785782784,16.386772992,3.173236736,0.0
824,optimizer,73,0.0,1.781334016,4.785782784,16.386772992,3.173236736,0.0
825,forward,73,182.2,1.781334016,4.785250304,16.386772992,3.177091072,0.0
825,backward,73,78.4,1.781334016,4.785250304,16.386772992,3.177091072,0.0
825,optimizer,73,481.4,1.781334016,4.785250304,16.386772992,3.17710336,0.0
826,forward,73,193.2,1.781334016,4.784648192,16.386772992,3.180904448,0.0
826,backward,74,106.3,1.781334016,4.784648192,16.386772992,3.180904448,0.0
826,optimizer,74,0.0,1.781334016,4.784648192,16.386772992,3.180904448,0.0
827,forward,74,190.9,1.781334016,4.784713728,16.387289088,3.18480384,0.0
827,backward,74,103.2,1.781334016,4.784713728,16.387289088,3.18480384,0.0
827,optimizer,74,0.0,1.781334016,4.784713728,16.387289088,3.18480384,0.0
828,forward,74,193.6,1.781334016,4.784099328,16.387289088,3.188600832,0.0
828,backward,74,105.6,1.781334016,4.784099328,16.387289088,3.188600832,0.0
828,optimizer,74,0.0,1.781334016,4.784099328,16.387289088,3.188617216,0.0
829,forward,74,166.1,1.781334016,4.784787456,16.387289088,3.192451072,0.0
829,backward,74,105.8,1.781334016,4.784787456,16.387289088,3.192451072,0.0
829,optimizer,74,0.0,1.781334016,4.784787456,16.387289088,3.192451072,0.0
830,forward,74,196.5,1.781334016,4.784820224,16.387289088,3.196301312,0.0
830,backward,74,80.6,1.781334016,4.784820224,16.387289088,3.196301312,0.0
830,optimizer,74,0.0,1.781334016,4.784820224,16.387289088,3.196301312,0.0
831,forward,74,218.7,1.781334016,4.784238592,16.38703104,3.200126976,0.0
831,backward,71,105.5,1.781334016,4.784238592,16.38703104,3.200126976,0.0
831,optimizer,71,0.0,1.781334016,4.784238592,16.38703104,3.200126976,0.0
832,forward,71,198.2,1.781334016,4.784603136,16.38703104,3.203960832,0.0
832,backward,71,78.9,1.781334016,4.784603136,16.387289088,3.203960832,0.0
832,optimizer,71,494.5,1.781334016,4.784603136,16.387289088,3.2039936,0.0
833,forward,71,190.4,1.781334016,4.783374336,16.387289088,3.207827456,0.0
833,backward,71,107.1,1.781334016,4.783374336,16.387289088,3.207827456,0.0
833,optimizer,71,0.0,1.781334016,4.783374336,16.387289088,3.207827456,0.0
834,forward,71,167.9,1.781334016,4.783632384,16.387805184,3.21169408,0.0
834,backward,75,105.1,1.781334016,4.783632384,16.387805184,3.21169408,0.0
834,optimizer,75,0.0,1.781334016,4.783632384,16.387805184,3.21169408,0.0
835,forward,75,206.0,1.781334016,4.783386624,16.387805184,3.215478784,0.0
835,backward,75,106.1,1.781334016,4.783386624,16.388063232,3.215478784,0.0
835,optimizer,75,0.0,1.781334016,4.783386624,16.388063232,3.215478784,0.0
836,forward,75,200.3,1.781334016,4.783824896,16.388063232,3.21931264,0.0
836,backward,75,77.4,1.781334016,4.783824896,16.388063232,3.21931264,0.0
836,optimizer,75,516.4,1.781334016,4.783824896,16.388063232,3.219345408,0.0
837,forward,75,159.7,1.781334016,4.783886336,16.388063232,3.223212032,0.0
837,backward,73,105.6,1.781334016,4.783886336,16.388063232,3.223212032,0.0
837,optimizer,73,0.0,1.781334016,4.783886336,16.388063232,3.223212032,0.0
838,forward,73,218.8,1.781334016,4.783427584,16.388063232,3.22701312,0.0
838,backward,73,79.2,1.781334016,4.783427584,16.388063232,3.22701312,0.0
838,optimizer,73,535.6,1.781334016,4.783427584,16.388063232,3.22701312,0.0
839,forward,73,201.2,1.781334016,4.7839232,16.388063232,3.230879744,0.0
839,backward,73,105.7,1.781334016,4.7839232,16.388063232,3.230879744,0.0
839,optimizer,73,0.0,1.781334016,4.7839232,16.388063232,3.230912512,0.0
840,forward,76,191.9,1.781334016,4.783927296,16.388063232,3.234746368,0.0
840,backward,76,106.7,1.781334016,4.783927296,16.388063232,3.234746368,0.0
840,optimizer,76,0.0,1.781334016,4.783927296,16.388063232,3.234746368,0.0
841,forward,76,211.5,1.781334016,4.783702016,16.388063232,3.238588416,0.0
841,backward,76,78.4,1.781334016,4.783702016,16.388063232,3.238588416,0.0
841,optimizer,76,0.0,1.781334016,4.783702016,16.388063232,3.238612992,0.0
842,forward,76,186.3,1.781334016,4.783730688,16.388063232,3.242471424,0.0
842,backward,76,106.1,1.781334016,4.783730688,16.388063232,3.242471424,0.0
842,optimizer,76,0.0,1.781334016,4.783730688,16.388063232,3.242471424,0.0
843,forward,78,193.7,1.781334016,4.7839232,16.388063232,3.24630528,0.0
843,backward,78,104.6,1.781334016,4.7839232,16.388063232,3.24630528,0.0
843,optimizer,78,0.0,1.781334016,4.7839232,16.388063232,3.246338048,0.0
844,forward,78,186.7,1.781334016,4.783927296,16.388063232,3.250171904,0.0
844,backward,78,105.3,1.781334016,4.783927296,16.388063232,3.250171904,0.0
844,optimizer,78,0.0,1.781334016,4.783927296,16.388063232,3.250200576,0.0
845,forward,78,205.7,1.781334016,4.78343168,16.388063232,3.254001664,0.0
845,backward,72,106.1,1.781334016,4.78343168,16.387805184,3.254001664,0.0
845,optimizer,72,0.0,1.781334016,4.78343168,16.387805184,3.254030336,0.0
846,forward,72,194.1,1.781334016,4.783669248,16.387805184,3.25789696,0.0
846,backward,72,103.8,1.781334016,4.783669248,16.387805184,3.25789696,0.0
846,optimizer,72,0.0,1.781334016,4.783669248,16.387805184,3.25789696,0.0
847,forward,72,158.8,1.781334016,4.783685632,16.387805184,3.261779968,0.0
847,backward,72,104.9,1.781334016,4.783685632,16.387805184,3.261779968,0.0
847,optimizer,72,0.0,1.781334016,4.783685632,16.387805184,3.261796352,0.0
848,forward,72,184.7,1.781334016,4.78302208,16.387805184,3.265630208,0.0
848,backward,73,106.4,1.781334016,4.78302208,16.387805184,3.265630208,0.0
848,optimizer,73,0.0,1.781334016,4.78302208,16.387805184,3.265630208,0.0
849,forward,73,217.3,1.781334016,4.782538752,16.387805184,3.269496832,0.0
849,backward,73,105.1,1.781334016,4.782538752,16.387805184,3.269496832,0.0
849,optimizer,73,0.0,1.781334016,4.782538752,16.387805184,3.269496832,0.0
850,forward,73,226.7,1.781334016,4.783632384,16.387805184,3.273314304,0.0
850,backward,73,78.9,1.781334016,4.783632384,16.387805184,3.273314304,0.0
850,optimizer,73,0.0,1.781334016,4.783632384,16.387805184,3.273347072,0.0
851,forward,73,163.9,1.781334016,4.783599616,16.387805184,3.277213696,0.0
851,backward,73,105.6,1.781334016,4.783599616,16.387805184,3.277213696,0.0
851,optimizer,73,0.0,1.781334016,4.783599616,16.387805184,3.277213696,0.0
852,forward,73,218.5,1.781334016,4.782968832,16.387805184,3.281031168,0.0
852,backward,73,104.9,1.781334016,4.782968832,16.387805184,3.281031168,0.0
852,optimizer,73,0.0,1.781334016,4.782968832,16.387805184,3.281031168,0.0
853,forward,73,190.7,1.781334016,4.781801472,16.387805184,3.284865024,0.0
853,backward,73,133.3,1.781334016,4.781801472,16.387805184,3.284865024,0.0
853,optimizer,73,0.0,1.781334016,4.781801472,16.387805184,3.284901888,0.0
854,forward,80,163.8,1.781334016,4.783316992,16.387805184,3.28876032,0.0
854,backward,80,103.4,1.781334016,4.783316992,16.387805184,3.28876032,0.0
854,optimizer,80,0.0,1.781334016,4.783316992,16.387805184,3.288793088,0.0
855,forward,80,207.6,1.781334016,4.782067712,16.387805184,3.292626944,0.0
855,backward,80,105.4,1.781334016,4.782067712,16.387805184,3.292626944,0.0
855,optimizer,80,0.0,1.781334016,4.782067712,16.387805184,3.292626944,0.0
856,forward,80,161.2,1.781334016,4.782559232,16.387805184,3.296493568,0.0
856,backward,73,105.6,1.781334016,4.782559232,16.387805184,3.296493568,0.0
856,optimizer,73,0.0,1.781334016,4.782559232,16.387805184,3.296530432,0.0
857,forward,73,185.1,1.781334016,4.782501888,16.387805184,3.300347904,0.0
857,backward,73,104.5,1.781334016,4.782501888,16.387805184,3.300347904,0.0
857,optimizer,73,0.0,1.781334016,4.782501888,16.387805184,3.300347904,0.0
858,forward,73,216.2,1.781334016,4.781932544,16.387805184,3.304218624,0.0
858,backward,73,106.1,1.781334016,4.781932544,16.387805184,3.304218624,0.0
858,optimizer,73,0.0,1.781334016,4.781932544,16.387805184,3.304251392,0.0
859,forward,73,203.4,1.781334016,4.783054848,16.387289088,3.308068864,0.0
859,backward,73,103.2,1.781334016,4.783054848,16.387289088,3.308068864,0.0
859,optimizer,73,0.0,1.781334016,4.783054848,16.387289088,3.308068864,0.0
860,forward,73,179.3,1.781334016,4.782669824,16.387289088,3.311919104,0.0
860,backward,73,131.2,1.781334016,4.782669824,16.387289088,3.311919104,0.0
860,optimizer,73,0.0,1.781334016,4.782669824,16.387289088,3.311935488,0.0
861,forward,73,158.7,1.781334016,4.782907392,16.387289088,3.315802112,0.0
861,backward,73,106.8,1.781334016,4.782907392,16.387289088,3.315802112,0.0
861,optimizer,73,0.0,1.781334016,4.782907392,16.387289088,3.315826688,0.0
862,forward,70,198.2,1.781334016,4.78191616,16.387227648,3.319660544,0.0
862,backward,70,103.7,1.781334016,4.78191616,16.387227648,3.319660544,0.0
862,optimizer,70,0.0,1.781334016,4.78191616,16.387227648,3.319660544,0.0
863,forward,70,198.6,1.781334016,4.782583808,16.387227648,3.323461632,0.0
863,backward,70,105.1,1.781334016,4.782583808,16.387227648,3.323461632,0.0
863,optimizer,70,0.0,1.781334016,4.782583808,16.387227648,3.323461632,0.0
864,forward,70,193.2,1.781334016,4.781461504,16.386711552,3.327328256,0.0
864,backward,70,107.0,1.781334016,4.781461504,16.386711552,3.327328256,0.0
864,optimizer,70,0.0,1.781334016,4.781461504,16.386711552,3.327328256,0.0
865,forward,77,200.0,1.781334016,4.781969408,16.386711552,3.331129344,0.0
865,backward,77,105.3,1.781334016,4.781969408,16.386711552,3.331129344,0.0
865,optimizer,77,0.0,1.781334016,4.781969408,16.386711552,3.331178496,0.0
866,forward,77,181.2,1.781334016,4.781899776,16.386711552,3.33504512,0.0
866,backward,77,104.3,1.781334016,4.781899776,16.386711552,3.33504512,0.0
866,optimizer,77,0.0,1.781334016,4.781899776,16.386711552,3.335069696,0.0
867,forward,77,203.0,1.781334016,4.78242816,16.386711552,3.33889536,0.0
867,backward,74,106.3,1.781334016,4.78242816,16.386711552,3.33889536,0.0
867,optimizer,74,0.0,1.781334016,4.78242816,16.386711552,3.33889536,0.0
868,forward,74,154.6,1.781334016,4.780855296,16.386711552,3.342737408,0.0
868,backward,74,104.5,1.781334016,4.780855296,16.386711552,3.342737408,0.0
868,optimizer,74,537.5,1.781334016,4.780855296,16.386711552,3.342737408,0.0
869,forward,74,211.4,1.781334016,4.78119936,16.386711552,3.346604032,0.0
869,backward,74,105.6,1.781334016,4.78119936,16.386711552,3.346604032,0.0
869,optimizer,74,0.0,1.781334016,4.78119936,16.386711552,3.3466368,0.0
870,forward,74,161.2,1.781334016,4.781129728,16.386711552,3.350470656,0.0
870,backward,72,105.6,1.781334016,4.781129728,16.386711552,3.350503424,0.0
870,optimizer,72,0.0,1.781334016,4.781129728,16.386711552,3.350503424,0.0
871,forward,72,192.8,1.781334016,4.781707264,16.386711552,3.354370048,0.0
871,backward,72,105.1,1.781334016,4.781707264,16.386711552,3.354370048,0.0
871,optimizer,72,0.0,1.781334016,4.781707264,16.386711552,3.354370048,0.0
872,forward,72,181.9,1.781334016,4.781010944,16.386711552,3.358236672,0.0
872,backward,72,106.4,1.781334016,4.781010944,16.386711552,3.358236672,0.0
872,optimizer,72,0.0,1.781334016,4.781010944,16.386711552,3.35826944,0.0
873,forward,73,225.0,1.781334016,4.780716032,16.386711552,3.362136064,0.0
873,backward,73,77.4,1.781334016,4.780716032,16.386711552,3.362136064,0.0
873,optimizer,73,537.4,1.781334016,4.780716032,16.386711552,3.362136064,0.0
874,forward,73,177.7,1.781334016,4.78158848,16.386711552,3.365961728,0.0
874,backward,73,105.4,1.781334016,4.78158848,16.386711552,3.365961728,0.0
874,optimizer,73,0.0,1.781334016,4.78158848,16.386711552,3.365961728,0.0
875,forward,73,186.6,1.781334016,4.781576192,16.386711552,3.369746432,0.0
875,backward,73,106.8,1.781334016,4.781576192,16.386711552,3.369746432,0.0
875,optimizer,73,0.0,1.781334016,4.781576192,16.386711552,3.369771008,0.0
876,forward,80,179.5,1.781334016,4.7801344,16.387227648,3.373641728,0.0
876,backward,80,103.4,1.781334016,4.7801344,16.387227648,3.373641728,0.0
876,optimizer,80,0.0,1.781334016,4.7801344,16.387227648,3.373674496,0.0
877,forward,80,200.3,1.781334016,4.780982272,16.387227648,3.37752064,0.0
877,backward,80,105.5,1.781334016,4.780982272,16.387227648,3.37752064,0.0
877,optimizer,80,0.0,1.781334016,4.780982272,16.387227648,3.377537024,0.0
878,forward,80,188.8,1.781334016,4.780326912,16.387227648,3.38141184,0.0
878,backward,73,105.4,1.781334016,4.780326912,16.387227648,3.38141184,0.0
878,optimizer,73,0.0,1.781334016,4.780326912,16.387227648,3.38141184,0.0
879,forward,73,191.4,1.781334016,4.780773376,16.387227648,3.3852416,0.0
879,backward,73,105.2,1.781334016,4.780773376,16.3869696,3.3852416,0.0
879,optimizer,73,0.0,1.781334016,4.780773376,16.3869696,3.3852416,0.0
880,forward,73,186.1,1.781334016,4.780986368,16.3869696,3.389083648,0.0
880,backward,73,106.4,1.781334016,4.780986368,16.3869696,3.389083648,0.0
880,optimizer,73,0.0,1.781334016,4.780986368,16.3869696,3.389083648,0.0
881,forward,73,214.4,1.781334016,4.781010944,16.3869696,3.392974848,0.0
881,backward,72,104.6,1.781334016,4.781010944,16.3869696,3.392974848,0.0
881,optimizer,72,0.0,1.781334016,4.781010944,16.3869696,3.392974848,0.0
882,forward,72,185.8,1.781334016,4.781252608,16.387485696,3.396816896,0.0
882,backward,72,105.4,1.781334016,4.781252608,16.387485696,3.396816896,0.0
882,optimizer,72,0.0,1.781334016,4.781252608,16.387485696,3.396816896,0.0
883,forward,72,215.5,1.781334016,4.780404736,16.387485696,3.400634368,0.0
883,backward,72,106.0,1.781334016,4.780404736,16.387485696,3.400634368,0.0
883,optimizer,72,0.0,1.781334016,4.780404736,16.387485696,3.400646656,0.0
884,forward,72,199.9,1.781334016,4.780670976,16.3869696,3.404480512,0.0
884,backward,73,79.2,1.781334016,4.780670976,16.3869696,3.404480512,0.0
884,optimizer,73,465.2,1.781334016,4.780670976,16.3869696,3.40451328,0.0
885,forward,73,180.7,1.781334016,4.780965888,16.387485696,3.408379904,0.0
885,backward,73,79.5,1.781334016,4.780965888,16.387485696,3.408379904,0.0
885,optimizer,73,543.8,1.781334016,4.780965888,16.387485696,3.408379904,0.0
886,forward,73,188.9,1.781334016,4.781101056,16.3869696,3.412197376,0.0
886,backward,73,80.1,1.781334016,4.781101056,16.387227648,3.412197376,0.0
886,optimizer,73,549.3,1.781334016,4.781101056,16.387227648,3.412197376,0.0
887,forward,77,185.9,1.781334016,4.780146688,16.387227648,3.416064,0.0
887,backward,77,103.7,1.781334016,4.780146688,16.387227648,3.416064,0.0
887,optimizer,77,0.0,1.781334016,4.780146688,16.387227648,3.416096768,0.0
888,forward,77,185.3,1.781334016,4.779401216,16.387227648,3.419947008,0.0
888,backward,77,105.7,1.781334016,4.779401216,16.3869696,3.419947008,0.0
888,optimizer,77,0.0,1.781334016,4.779401216,16.3869696,3.419947008,0.0
889,forward,77,196.1,1.781334016,4.780187648,16.387485696,3.423748096,0.0
889,backward,71,107.2,1.781334016,4.780187648,16.387485696,3.423748096,0.0
889,optimizer,71,0.0,1.781334016,4.780187648,16.387485696,3.423748096,0.0
890,forward,71,193.5,1.781334016,4.780527616,16.387485696,3.427672064,0.0
890,backward,71,104.1,1.781334016,4.780527616,16.387485696,3.427672064,0.0
890,optimizer,71,0.0,1.781334016,4.780527616,16.387485696,3.427688448,0.0
891,forward,71,224.9,1.781334016,4.779700224,16.387485696,3.431489536,0.0
891,backward,71,105.6,1.781334016,4.779700224,16.387485696,3.431489536,0.0
891,optimizer,71,0.0,1.781334016,4.779700224,16.387485696,3.431510016,0.0
892,forward,71,187.6,1.781334016,4.779352064,16.3869696,3.43537664,0.0
892,backward,71,106.3,1.781334016,4.779352064,16.387227648,3.43537664,0.0
892,optimizer,71,0.0,1.781334016,4.779352064,16.387227648,3.43537664,0.0
893,forward,71,164.7,1.781334016,4.780261376,16.387227648,3.439210496,0.0
893,backward,71,104.9,1.781334016,4.780261376,16.387227648,3.439210496,0.0
893,optimizer,71,0.0,1.781334016,4.780261376,16.387227648,3.439210496,0.0
894,forward,71,211.2,1.781334016,4.780118016,16.387227648,3.443011584,0.0
894,backward,71,106.2,1.781334016,4.780118016,16.387227648,3.443011584,0.0
894,optimizer,71,0.0,1.781334016,4.780118016,16.387227648,3.443027968,0.0
895,forward,73,187.4,1.781334016,4.779360256,16.387227648,3.446861824,0.0
895,backward,73,103.7,1.781334016,4.779360256,16.387485696,3.446861824,0.0
895,optimizer,73,0.0,1.781334016,4.779360256,16.387485696,3.446861824,0.0
896,forward,73,167.7,1.781334016,4.78007296,16.387743744,3.450720256,0.0
896,backward,73,105.3,1.781334016,4.78007296,16.387743744,3.450720256,0.0
896,optimizer,73,0.0,1.781334016,4.78007296,16.387743744,3.450720256,0.0
897,forward,73,191.3,1.781334016,4.779757568,16.387743744,3.454578688,0.0
897,backward,73,105.4,1.781334016,4.779757568,16.387743744,3.454578688,0.0
897,optimizer,73,0.0,1.781334016,4.77999104,16.387743744,3.454578688,0.0
898,forward,81,187.1,1.781334016,4.779597824,16.387227648,3.45839616,0.0
898,backward,81,103.2,1.781334016,4.779597824,16.387227648,3.45839616,0.0
898,optimizer,81,0.0,1.781334016,4.779597824,16.387227648,3.45839616,0.0
899,forward,81,205.5,1.781334016,4.779483136,16.387227648,3.462230016,0.0
899,backward,81,104.2,1.781334016,4.779483136,16.387227648,3.462230016,0.0
899,optimizer,81,0.0,1.781334016,4.779483136,16.387227648,3.462230016,0.0
900,forward,81,206.9,1.781334016,4.780183552,16.387743744,3.46609664,0.0
900,backward,69,79.4,1.781334016,4.780183552,16.387743744,3.46609664,0.0
900,optimizer,69,542.7,1.781334016,4.780183552,16.387743744,3.46609664,0.0
901,forward,69,178.2,1.781334016,4.779708416,16.387743744,3.469930496,0.0
901,backward,69,105.3,1.781334016,4.779708416,16.387743744,3.469930496,0.0
901,optimizer,69,0.0,1.781334016,4.779708416,16.387743744,3.469930496,0.0
902,forward,69,206.0,1.781334016,4.778692608,16.387743744,3.47379712,0.0
902,backward,69,104.6,1.781334016,4.778692608,16.387743744,3.47379712,0.0
902,optimizer,69,0.0,1.781334016,4.778692608,16.387743744,3.47379712,0.0
903,forward,69,196.2,1.781334016,4.77919232,16.387743744,3.477598208,0.0
903,backward,72,106.1,1.781334016,4.77919232,16.387743744,3.477598208,0.0
903,optimizer,72,0.0,1.781334016,4.77919232,16.387743744,3.477598208,0.0
904,forward,72,192.9,1.781334016,4.779012096,16.387743744,3.481444352,0.0
904,backward,72,103.3,1.781334016,4.779012096,16.387743744,3.481444352,0.0
904,optimizer,72,0.0,1.781334016,4.779012096,16.387743744,3.481444352,0.0
905,forward,72,192.7,1.781334016,4.779708416,16.387743744,3.48526592,0.0
905,backward,72,79.1,1.781334016,4.779708416,16.387743744,3.48526592,0.0
905,optimizer,72,0.0,1.781334016,4.779708416,16.387743744,3.48526592,0.0
906,forward,75,206.2,1.781334016,4.779237376,16.387743744,3.489099776,0.0
906,backward,75,106.6,1.781334016,4.779237376,16.387940352,3.489099776,0.0
906,optimizer,75,0.0,1.781334016,4.779237376,16.387940352,3.489099776,0.0
907,forward,75,176.1,1.781334016,4.778909696,16.387940352,3.492950016,0.0
907,backward,75,104.4,1.781334016,4.778909696,16.387682304,3.492950016,0.0
907,optimizer,75,0.0,1.781334016,4.778909696,16.387682304,3.492950016,0.0
908,forward,75,219.9,1.781334016,4.779188224,16.387682304,3.496767488,0.0
908,backward,75,79.1,1.781334016,4.779188224,16.387682304,3.496767488,0.0
908,optimizer,75,535.8,1.781334016,4.779188224,16.387682304,3.496767488,0.0
909,forward,78,149.5,1.781334016,4.77927424,16.387682304,3.500568576,0.0
909,backward,78,106.7,1.781334016,4.77927424,16.387682304,3.500568576,0.0
909,optimizer,78,0.0,1.781334016,4.77927424,16.387682304,3.500568576,0.0
910,forward,78,209.9,1.781334016,4.778184704,16.387682304,3.504402432,0.0
910,backward,78,104.4,1.781334016,4.778184704,16.387682304,3.504402432,0.0
910,optimizer,78,0.0,1.781334016,4.778184704,16.387682304,3.504431104,0.0
911,forward,78,181.3,1.781334016,4.778336256,16.387682304,3.508232192,0.0
911,backward,70,105.6,1.781334016,4.778336256,16.387682304,3.508232192,0.0
911,optimizer,70,0.0,1.781334016,4.778336256,16.387682304,3.508232192,0.0
912,forward,70,194.4,1.781334016,4.779044864,16.387682304,3.512098816,0.0
912,backward,70,131.5,1.781334016,4.779044864,16.387682304,3.512098816,0.0
912,optimizer,70,0.0,1.781334016,4.779044864,16.387682304,3.512098816,0.0
913,forward,70,177.0,1.781334016,4.77888512,16.387682304,3.515932672,0.0
913,backward,70,104.9,1.781334016,4.77888512,16.387682304,3.515932672,0.0
913,optimizer,70,0.0,1.781334016,4.77888512,16.387682304,3.515932672,0.0
914,forward,70,186.8,1.781334016,4.778381312,16.387682304,3.519700992,0.0
914,backward,72,105.8,1.781334016,4.778381312,16.387682304,3.519700992,0.0
914,optimizer,72,0.0,1.781334016,4.778381312,16.387682304,3.519700992,0.0
915,forward,72,186.0,1.781334016,4.778668032,16.387682304,3.523534848,0.0
915,backward,72,104.5,1.781334016,4.778668032,16.387682304,3.523534848,0.0
915,optimizer,72,0.0,1.781334016,4.778668032,16.387682304,3.523534848,0.0
916,forward,72,236.9,1.781334016,4.777984,16.387682304,3.527368704,0.0
916,backward,72,78.4,1.781334016,4.777984,16.387682304,3.527368704,0.0
916,optimizer,72,537.2,1.781334016,4.777984,16.387682304,3.527368704,0.0
917,forward,75,189.8,1.781334016,4.778479616,16.387682304,3.531186176,0.0
917,backward,75,105.7,1.781334016,4.778479616,16.387682304,3.531186176,0.0
917,optimizer,75,0.0,1.781334016,4.778479616,16.387682304,3.531198464,0.0
918,forward,75,196.5,1.781334016,4.778467328,16.387682304,3.53503232,0.0
918,backward,75,102.8,1.781334016,4.778467328,16.387682304,3.53503232,0.0
918,optimizer,75,0.0,1.781334016,4.778467328,16.387682304,3.53503232,0.0
919,forward,75,180.7,1.781334016,4.778401792,16.387682304,3.538849792,0.0
919,backward,75,78.7,1.781334016,4.778401792,16.387682304,3.538849792,0.0
919,optimizer,75,545.6,1.781334016,4.778401792,16.387682304,3.538849792,0.0
920,forward,78,194.6,1.781334016,4.77882368,16.387166208,3.542683648,0.0
920,backward,78,105.9,1.781334016,4.77882368,16.387424256,3.542683648,0.0
920,optimizer,78,0.0,1.781334016,4.77882368,16.387424256,3.542683648,0.0
921,forward,78,155.3,1.781334016,4.777775104,16.387391488,3.546517504,0.0
921,backward,78,103.9,1.781334016,4.777775104,16.38713344,3.546517504,0.0
921,optimizer,78,0.0,1.781334016,4.777775104,16.38713344,3.546517504,0.0
922,forward,78,184.0,1.781334016,4.777750528,16.38713344,3.550343168,0.0
922,backward,67,105.5,1.781334016,4.777750528,16.387391488,3.550343168,0.0
922,optimizer,67,0.0,1.781334016,4.777750528,16.387391488,3.550343168,0.0
923,forward,67,199.9,1.781334016,4.777623552,16.387391488,3.554185216,0.0
923,backward,67,79.3,1.781334016,4.777623552,16.387391488,3.554185216,0.0
923,optimizer,67,541.5,1.781334016,4.77786112,16.387391488,3.554185216,0.0
924,forward,67,186.7,1.781334016,4.776935424,16.387391488,3.558019072,0.0
924,backward,67,105.1,1.781334016,4.776935424,16.387391488,3.558019072,0.0
924,optimizer,67,0.0,1.781334016,4.776935424,16.387391488,3.558019072,0.0
925,forward,67,196.0,1.781334016,4.777050112,16.387391488,3.5618816,0.0
925,backward,75,105.2,1.781334016,4.777050112,16.38713344,3.5618816,0.0
925,optimizer,75,0.0,1.781334016,4.777050112,16.38713344,3.5618816,0.0
926,forward,75,193.9,1.781334016,4.777099264,16.38713344,3.565666304,0.0
926,backward,75,106.0,1.781334016,4.777099264,16.38713344,3.565666304,0.0
926,optimizer,75,0.0,1.781334016,4.777099264,16.38713344,3.565666304,0.0
927,forward,75,193.5,1.781334016,4.777725952,16.38713344,3.569573888,0.0
927,backward,75,104.6,1.781334016,4.777725952,16.387391488,3.569573888,0.0
927,optimizer,75,0.0,1.781334016,4.777725952,16.387391488,3.569594368,0.0
928,forward,77,195.6,1.781334016,4.7776768,16.387391488,3.573362688,0.0
928,backward,77,79.2,1.781334016,4.7776768,16.387391488,3.573362688,0.0
928,optimizer,77,541.8,1.781334016,4.7776768,16.387391488,3.573362688,0.0
929,forward,77,209.3,1.781334016,4.776513536,16.387391488,3.577229312,0.0
929,backward,77,103.6,1.781334016,4.776513536,16.387391488,3.577229312,0.0
929,optimizer,77,0.0,1.781334016,4.776513536,16.387391488,3.577229312,0.0
930,forward,77,163.5,1.781334016,4.776595456,16.387391488,3.5810304,0.0
930,backward,77,104.7,1.781334016,4.776595456,16.387391488,3.5810304,0.0
930,optimizer,77,0.0,1.781334016,4.776595456,16.387391488,3.581059072,0.0
931,forward,78,200.1,1.781334016,4.777345024,16.387391488,3.584876544,0.0
931,backward,78,106.5,1.781334016,4.777345024,16.387391488,3.584876544,0.0
931,optimizer,78,0.0,1.781334016,4.777345024,16.387391488,3.584876544,0.0
932,forward,78,194.5,1.781334016,4.77779968,16.387391488,3.588726784,0.0
932,backward,78,103.3,1.781334016,4.77779968,16.387391488,3.588726784,0.0
932,optimizer,78,0.0,1.781334016,4.77779968,16.387391488,3.588726784,0.0
933,forward,78,221.3,1.781334016,4.776640512,16.387391488,3.59256064,0.0
933,backward,69,105.4,1.781334016,4.776640512,16.387391488,3.59256064,0.0
933,optimizer,69,0.0,1.781334016,4.776640512,16.387391488,3.59256064,0.0
934,forward,69,172.7,1.781334016,4.776521728,16.387391488,3.596394496,0.0
934,backward,69,79.2,1.781334016,4.776521728,16.387391488,3.596394496,0.0
934,optimizer,69,534.3,1.781334016,4.776521728,16.387391488,3.596394496,0.0
935,forward,69,173.8,1.781334016,4.777541632,16.387391488,3.600195584,0.0
935,backward,69,106.2,1.781334016,4.777541632,16.387391488,3.600195584,0.0
935,optimizer,69,0.0,1.781334016,4.777541632,16.387391488,3.600195584,0.0
936,forward,68,183.5,1.781334016,4.77696,16.387391488,3.60402944,0.0
936,backward,68,105.4,1.781334016,4.77696,16.387391488,3.60402944,0.0
936,optimizer,68,0.0,1.781334016,4.77696,16.387391488,3.60402944,0.0
937,forward,68,186.7,1.781334016,4.776517632,16.387391488,3.607896064,0.0
937,backward,68,106.5,1.781334016,4.776517632,16.387391488,3.607896064,0.0
937,optimizer,68,0.0,1.781334016,4.776517632,16.387391488,3.607896064,0.0
938,forward,68,211.1,1.781334016,4.777418752,16.387391488,3.611697152,0.0
938,backward,68,102.4,1.781334016,4.777418752,16.387391488,3.611697152,0.0
938,optimizer,74,0.0,1.781334016,4.777418752,16.387391488,3.611697152,0.0
939,forward,74,206.3,1.781334016,4.776656896,16.387391488,3.61549824,0.0
939,backward,74,104.8,1.781334016,4.776656896,16.387391488,3.61549824,0.0
939,optimizer,74,0.0,1.781334016,4.776656896,16.387391488,3.61549824,0.0
940,forward,74,182.9,1.781334016,4.776538112,16.387391488,3.619344384,0.0
940,backward,74,106.2,1.781334016,4.776538112,16.387391488,3.619344384,0.0
940,optimizer,74,0.0,1.781334016,4.776538112,16.387391488,3.619377152,0.0
941,forward,74,160.7,1.781334016,4.775538688,16.387391488,3.62317824,0.0
941,backward,71,103.7,1.781334016,4.775538688,16.387391488,3.62317824,0.0
941,optimizer,71,0.0,1.781334016,4.775538688,16.387391488,3.62317824,0.0
942,forward,71,182.9,1.781334016,4.776259584,16.387391488,3.626979328,0.0
942,backward,71,104.4,1.781334016,4.776259584,16.387391488,3.626979328,0.0
942,optimizer,71,0.0,1.781334016,4.776259584,16.387391488,3.626979328,0.0
943,forward,71,196.1,1.781334016,4.776706048,16.387391488,3.63087872,0.0
943,backward,71,105.2,1.781334016,4.776706048,16.38713344,3.63087872,0.0
943,optimizer,71,0.0,1.781334016,4.776706048,16.38713344,3.630895104,0.0
944,forward,71,185.9,1.781334016,4.776239104,16.38713344,3.634696192,0.0
944,backward,71,105.7,1.781334016,4.776239104,16.38713344,3.634696192,0.0
944,optimizer,71,0.0,1.781334016,4.776239104,16.38713344,3.634696192,0.0
945,forward,71,219.0,1.781334016,4.775706624,16.38713344,3.638530048,0.0
945,backward,71,79.7,1.781334016,4.775706624,16.38713344,3.638530048,0.0
945,optimizer,71,0.0,1.781334016,4.775706624,16.38713344,3.638530048,0.0
946,forward,71,189.7,1.781334016,4.775714816,16.38713344,3.642343424,0.0
946,backward,71,104.3,1.781334016,4.775714816,16.38713344,3.642343424,0.0
946,optimizer,71,0.0,1.781334016,4.775714816,16.38713344,3.642343424,0.0
947,forward,76,208.0,1.781334016,4.7762432,16.38713344,3.646193664,0.0
947,backward,76,107.4,1.781334016,4.7762432,16.38713344,3.646193664,0.0
947,optimizer,76,0.0,1.781334016,4.7762432,16.38713344,3.646193664,0.0
948,forward,76,214.2,1.781334016,4.775911424,16.38713344,3.650011136,0.0
948,backward,76,80.2,1.781334016,4.775911424,16.38713344,3.650011136,0.0
948,optimizer,76,544.8,1.781334016,4.775911424,16.38713344,3.650011136,0.0
949,forward,76,177.8,1.781334016,4.775272448,16.38713344,3.653812224,0.0
949,backward,59,104.5,1.781334016,4.775272448,16.38713344,3.653812224,0.0
949,optimizer,59,0.0,1.781334016,4.775272448,16.38713344,3.653812224,0.0
950,forward,59,196.2,1.781334016,4.775264256,16.38713344,3.657662464,0.0
950,backward,59,105.9,1.781334016,4.775264256,16.38713344,3.657662464,0.0
950,optimizer,59,0.0,1.781334016,4.775264256,16.38713344,3.657662464,0.0
951,forward,59,196.8,1.781334016,4.775899136,16.38713344,3.661512704,0.0
951,backward,59,105.7,1.781334016,4.775899136,16.38713344,3.661512704,0.0
951,optimizer,59,0.0,1.781334016,4.775899136,16.38713344,3.661512704,0.0
952,forward,75,193.6,1.781334016,4.776443904,16.38713344,3.665330176,0.0
952,backward,75,79.5,1.781334016,4.776443904,16.38713344,3.665330176,0.0
952,optimizer,75,544.0,1.781334016,4.776443904,16.38713344,3.665330176,0.0
953,forward,75,140.5,1.781334016,4.776538112,16.38713344,3.669164032,0.0
953,backward,75,133.6,1.781334016,4.776538112,16.38713344,3.669164032,0.0
953,optimizer,75,0.0,1.781334016,4.776538112,16.38713344,3.669164032,0.0
954,forward,75,157.6,1.781334016,4.776484864,16.38713344,3.672981504,0.0
954,backward,67,104.2,1.781334016,4.776484864,16.38713344,3.672981504,0.0
954,optimizer,67,0.0,1.781334016,4.776484864,16.38713344,3.672981504,0.0
955,forward,67,194.3,1.781334016,4.776308736,16.38713344,3.676782592,0.0
955,backward,67,104.9,1.781334016,4.776308736,16.38713344,3.676782592,0.0
955,optimizer,67,0.0,1.781334016,4.776308736,16.38713344,3.676782592,0.0
956,forward,67,193.5,1.781334016,4.776271872,16.38713344,3.680616448,0.0
956,backward,67,105.6,1.781334016,4.776271872,16.38713344,3.680616448,0.0
956,optimizer,67,0.0,1.781334016,4.776271872,16.38713344,3.680616448,0.0
957,forward,71,199.1,1.781334016,4.775374848,16.38713344,3.684450304,0.0
957,backward,71,107.4,1.781334016,4.775374848,16.38713344,3.684450304,0.0
957,optimizer,71,0.0,1.781334016,4.775374848,16.38713344,3.684462592,0.0
958,forward,71,175.9,1.781334016,4.77571072,16.38713344,3.6883456,0.0
958,backward,71,107.4,1.781334016,4.77571072,16.38713344,3.6883456,0.0
958,optimizer,71,0.0,1.781334016,4.77571072,16.38713344,3.6883456,0.0
959,forward,71,187.0,1.781334016,4.77575168,16.38713344,3.692146688,0.0
959,backward,71,103.9,1.781334016,4.77575168,16.38713344,3.692146688,0.0
959,optimizer,71,0.0,1.781334016,4.77575168,16.38713344,3.692146688,0.0
960,forward,73,231.7,1.781334016,4.775616512,16.38713344,3.695996928,0.0
960,backward,73,105.9,1.781334016,4.775616512,16.38713344,3.695996928,0.0
960,optimizer,73,0.0,1.781334016,4.775616512,16.38713344,3.695996928,0.0
961,forward,73,191.0,1.781334016,4.775440384,16.38713344,3.699798016,0.0
961,backward,73,105.2,1.781334016,4.775440384,16.38713344,3.699798016,0.0
961,optimizer,73,0.0,1.781334016,4.775440384,16.38713344,3.699798016,0.0
962,forward,73,224.1,1.781334016,4.775378944,16.38713344,3.703615488,0.0
962,backward,72,105.3,1.781334016,4.775378944,16.38713344,3.703615488,0.0
962,optimizer,72,0.0,1.781334016,4.77560832,16.38713344,3.703627776,0.0
963,forward,72,168.0,1.781334016,4.77538304,16.38713344,3.707478016,0.0
963,backward,72,104.9,1.781334016,4.77538304,16.38713344,3.707478016,0.0
963,optimizer,72,0.0,1.781334016,4.77538304,16.38713344,3.707478016,0.0
964,forward,72,168.2,1.781334016,4.776005632,16.38713344,3.711311872,0.0
964,backward,72,131.1,1.781334016,4.776005632,16.38713344,3.711311872,0.0
964,optimizer,72,0.0,1.781334016,4.776005632,16.38713344,3.711311872,0.0
965,forward,70,193.8,1.781334016,4.774924288,16.38713344,3.715096576,0.0
965,backward,70,106.1,1.781334016,4.774924288,16.38713344,3.715096576,0.0
965,optimizer,70,0.0,1.781334016,4.774924288,16.38713344,3.715096576,0.0
966,forward,70,188.2,1.781334016,4.774858752,16.38713344,3.718946816,0.0
966,backward,70,105.8,1.781334016,4.774858752,16.38713344,3.718946816,0.0
966,optimizer,70,0.0,1.781334016,4.774858752,16.38713344,3.718946816,0.0
967,forward,70,161.1,1.781334016,4.774965248,16.38713344,3.722747904,0.0
967,backward,70,105.7,1.781334016,4.774965248,16.38713344,3.722747904,0.0
967,optimizer,70,0.0,1.781334016,4.774965248,16.38713344,3.722747904,0.0
968,forward,76,201.7,1.781334016,4.775862272,16.387649536,3.72658176,0.0
968,backward,76,105.7,1.781334016,4.775862272,16.387649536,3.72658176,0.0
968,optimizer,76,0.0,1.781334016,4.775862272,16.387649536,3.72658176,0.0
969,forward,76,191.9,1.781334016,4.77526016,16.387649536,3.730415616,0.0
969,backward,76,105.0,1.781334016,4.77526016,16.387649536,3.730415616,0.0
969,optimizer,76,0.0,1.781334016,4.77526016,16.387649536,3.730415616,0.0
970,forward,76,194.9,1.781334016,4.774903808,16.387649536,3.734249472,0.0
970,backward,75,107.1,1.781334016,4.774903808,16.387649536,3.734249472,0.0
970,optimizer,75,0.0,1.781334016,4.774903808,16.387649536,3.734249472,0.0
971,forward,75,188.6,1.781334016,4.77472768,16.387649536,3.738066944,0.0
971,backward,75,103.8,1.781334016,4.77472768,16.387649536,3.738066944,0.0
971,optimizer,75,0.0,1.781334016,4.77472768,16.387649536,3.738066944,0.0
972,forward,75,193.0,1.781334016,4.775165952,16.387649536,3.741917184,0.0
972,backward,75,106.1,1.781334016,4.775165952,16.387649536,3.741917184,0.0
972,optimizer,75,0.0,1.781334016,4.775165952,16.387649536,3.741917184,0.0
973,forward,75,194.9,1.781334016,4.775120896,16.387649536,3.745718272,0.0
973,backward,74,77.7,1.781334016,4.775120896,16.387649536,3.745718272,0.0
973,optimizer,74,560.8,1.781334016,4.775120896,16.387649536,3.745718272,0.0
974,forward,74,185.2,1.781334016,4.77489152,16.387616768,3.749552128,0.0
974,backward,74,105.5,1.781334016,4.77489152,16.387616768,3.749552128,0.0
974,optimizer,74,0.0,1.781334016,4.77489152,16.387616768,3.749576704,0.0
975,forward,74,225.0,1.781334016,4.775063552,16.387616768,3.753394176,0.0
975,backward,74,106.2,1.781334016,4.775063552,16.387616768,3.753394176,0.0
975,optimizer,74,0.0,1.781334016,4.775063552,16.387616768,3.753394176,0.0
976,forward,74,190.0,1.781334016,4.775235584,16.387616768,3.757228032,0.0
976,backward,73,78.8,1.781334016,4.775235584,16.38735872,3.757228032,0.0
976,optimizer,73,558.0,1.781334016,4.775235584,16.38735872,3.757228032,0.0
977,forward,73,156.3,1.781334016,4.77505536,16.38735872,3.761078272,0.0
977,backward,73,106.1,1.781334016,4.77505536,16.387100672,3.761078272,0.0
977,optimizer,73,0.0,1.781334016,4.77505536,16.387100672,3.761078272,0.0
978,forward,73,215.8,1.781334016,4.773515264,16.387100672,3.764846592,0.0
978,backward,73,104.3,1.781334016,4.773515264,16.387100672,3.764846592,0.0
978,optimizer,73,0.0,1.781334016,4.773515264,16.387100672,3.764846592,0.0
979,forward,78,197.2,1.781334016,4.774289408,16.387100672,3.768713216,0.0
979,backward,78,105.5,1.781334016,4.774289408,16.386842624,3.768713216,0.0
979,optimizer,78,0.0,1.781334016,4.774289408,16.386842624,3.768713216,0.0
980,forward,78,188.0,1.781334016,4.775378944,16.386842624,3.772514304,0.0
980,backward,78,107.1,1.781334016,4.775378944,16.386842624,3.772514304,0.0
980,optimizer,78,0.0,1.781334016,4.775378944,16.386842624,3.772514304,0.0
981,forward,78,181.1,1.781334016,4.773892096,16.386842624,3.77634816,0.0
981,backward,78,103.5,1.781334016,4.773892096,16.386842624,3.77634816,0.0
981,optimizer,78,0.0,1.781334016,4.773892096,16.386842624,3.77634816,0.0
982,forward,73,178.5,1.781334016,4.774608896,16.386842624,3.780182016,0.0
982,backward,73,78.1,1.781334016,4.774608896,16.386842624,3.780182016,0.0
982,optimizer,73,557.6,1.781334016,4.774608896,16.386842624,3.780182016,0.0
983,forward,73,203.8,1.781334016,4.775030784,16.386842624,3.783983104,0.0
983,backward,73,79.1,1.781334016,4.775030784,16.386842624,3.783983104,0.0
983,optimizer,73,558.9,1.781334016,4.775030784,16.386842624,3.783983104,0.0
984,forward,73,190.9,1.781334016,4.775235584,16.386842624,3.787800576,0.0
984,backward,71,78.9,1.781334016,4.775235584,16.386842624,3.787800576,0.0
984,optimizer,71,0.0,1.781334016,4.775235584,16.386842624,3.787800576,0.0
985,forward,71,194.2,1.781334016,4.775436288,16.38735872,3.791634432,0.0
985,backward,71,105.3,1.781334016,4.775436288,16.38735872,3.791634432,0.0
985,optimizer,71,0.0,1.781334016,4.775436288,16.38735872,3.791650816,0.0
986,forward,71,192.9,1.781334016,4.774555648,16.386842624,3.795468288,0.0
986,backward,71,106.3,1.781334016,4.774555648,16.386842624,3.795468288,0.0
986,optimizer,71,0.0,1.781334016,4.774555648,16.386842624,3.79549696,0.0
987,forward,71,200.1,1.781334016,4.77456384,16.386842624,3.799330816,0.0
987,backward,75,104.9,1.781334016,4.77456384,16.386842624,3.799330816,0.0
987,optimizer,75,0.0,1.781334016,4.77456384,16.386842624,3.799359488,0.0
988,forward,75,177.1,1.781334016,4.775440384,16.386842624,3.803160576,0.0
988,backward,75,105.4,1.781334016,4.775440384,16.386842624,3.803160576,0.0
988,optimizer,75,0.0,1.781334016,4.775440384,16.386842624,3.803160576,0.0
989,forward,75,181.5,1.781334016,4.774653952,16.386842624,3.807031296,0.0
989,backward,75,105.3,1.781334016,4.774653952,16.386584576,3.807031296,0.0
989,optimizer,75,0.0,1.781334016,4.774653952,16.386584576,3.807031296,0.0
990,forward,78,215.6,1.781334016,4.774285312,16.386584576,3.810656256,0.0
990,backward,78,105.5,1.781334016,4.774285312,16.386584576,3.810656256,0.0
990,optimizer,78,0.0,1.781334016,4.774285312,16.386584576,3.810656256,0.0
991,forward,78,191.7,1.781334016,4.77448192,16.386584576,3.814506496,0.0
991,backward,78,80.3,1.781334016,4.77448192,16.386326528,3.814506496,0.0
991,optimizer,78,0.0,1.781334016,4.77448192,16.386326528,3.814506496,0.0
992,forward,78,209.0,1.781334016,4.775292928,16.386842624,3.81825024,0.0
992,backward,78,79.6,1.781334016,4.775292928,16.386842624,3.81825024,0.0
992,optimizer,78,0.0,1.781334016,4.775292928,16.386842624,3.81825024,0.0
993,forward,72,176.0,1.781334016,4.77478912,16.386842624,3.821989888,0.0
993,backward,72,105.2,1.781334016,4.77478912,16.386842624,3.821989888,0.0
993,optimizer,72,0.0,1.781334016,4.77478912,16.386842624,3.821989888,0.0
994,forward,72,210.2,1.781334016,4.774019072,16.386842624,3.825819648,0.0
994,backward,72,106.2,1.781334016,4.774019072,16.386842624,3.825819648,0.0
994,optimizer,72,0.0,1.781334016,4.774019072,16.386842624,3.825819648,0.0
995,forward,72,190.1,1.781334016,4.774535168,16.386584576,3.829690368,0.0
995,backward,71,79.1,1.781334016,4.774535168,16.386584576,3.829690368,0.0
995,optimizer,71,551.9,1.781334016,4.774535168,16.386584576,3.829690368,0.0
996,forward,71,190.4,1.781334016,4.775182336,16.386584576,3.833483264,0.0
996,backward,71,79.4,1.781334016,4.775182336,16.386584576,3.833483264,0.0
996,optimizer,71,558.8,1.781334016,4.775182336,16.386584576,3.833483264,0.0
997,forward,71,170.7,1.781334016,4.775149568,16.386584576,3.837284352,0.0
997,backward,71,106.8,1.781334016,4.775149568,16.386584576,3.837284352,0.0
997,optimizer,71,0.0,1.781334016,4.775149568,16.386584576,3.837284352,0.0
998,forward,71,210.3,1.781334016,4.774137856,16.386584576,3.841052672,0.0
998,backward,71,78.5,1.781334016,4.774137856,16.386584576,3.841052672,0.0
998,optimizer,71,555.6,1.781334016,4.774137856,16.386584576,3.841052672,0.0
999,forward,71,163.0,1.781334016,4.77485056,16.386584576,3.84483328,0.0
999,backward,71,105.6,1.781334016,4.77485056,16.386584576,3.84483328,0.0
999,optimizer,71,0.0,1.781334016,4.77485056,16.386584576,3.84483328,0.0
1000,forward,71,213.3,1.781334016,4.773527552,16.38735872,3.848613888,0.0
1000,backward,71,79.9,1.781334016,4.773527552,16.38735872,3.848613888,0.0
1000,optimizer,71,561.9,1.781334016,4.773527552,16.38735872,3.848613888,0.0
1001,forward,81,165.4,1.781334016,4.77528064,16.387616768,3.852447744,0.0
1001,backward,81,105.7,1.781334016,4.77528064,16.387616768,3.852447744,0.0
1001,optimizer,81,0.0,1.781334016,4.77528064,16.387616768,3.852460032,0.0
1002,forward,81,188.2,1.781334016,4.774699008,16.387616768,3.856232448,0.0
1002,backward,81,106.7,1.781334016,4.774699008,16.38735872,3.856232448,0.0
1002,optimizer,81,0.0,1.781334016,4.774699008,16.38735872,3.856232448,0.0
1003,forward,81,171.1,1.781334016,4.775190528,16.38735872,3.859902464,0.0
1003,backward,81,104.0,1.781334016,4.775190528,16.38735872,3.859902464,0.0
1003,optimizer,81,0.0,1.781334016,4.775190528,16.38735872,3.859902464,0.0
1004,forward,76,193.7,1.781334016,4.774977536,16.38735872,3.863621632,0.0
1004,backward,76,106.4,1.781334016,4.774977536,16.38735872,3.863621632,0.0
1004,optimizer,76,0.0,1.781334016,4.774977536,16.38735872,3.863621632,0.0
1005,forward,76,192.1,1.781334016,4.775636992,16.387616768,3.867324416,0.0
1005,backward,76,103.2,1.781334016,4.775636992,16.387616768,3.867324416,0.0
1005,optimizer,76,0.0,1.781334016,4.775636992,16.387616768,3.867324416,0.0
1006,forward,76,222.6,1.781334016,4.775407616,16.387616768,3.871051776,0.0
1006,backward,74,79.2,1.781334016,4.775407616,16.387874816,3.871051776,0.0
1006,optimizer,74,0.0,1.781334016,4.775407616,16.387874816,3.871051776,0.0
1007,forward,74,178.7,1.781334016,4.77517824,16.388390912,3.87485696,0.0
1007,backward,74,79.6,1.781334016,4.77517824,16.388390912,3.87485696,0.0
1007,optimizer,74,562.9,1.781334016,4.77517824,16.388390912,3.87485696,0.0
1008,forward,74,164.1,1.781334016,4.767502336,16.387874816,3.878637568,0.0
1008,backward,74,105.4,1.781334016,4.767502336,16.387874816,3.878637568,0.0
1008,optimizer,74,0.0,1.781334016,4.767502336,16.387874816,3.878637568,0.0
1009,forward,74,196.7,1.781334016,4.76739584,16.387874816,3.882504192,0.0
1009,backward,74,106.4,1.781334016,4.76739584,16.387874816,3.882504192,0.0
1009,optimizer,74,0.0,1.781334016,4.76739584,16.387874816,3.882504192,0.0
1010,forward,74,163.4,1.781334016,4.768141312,16.387874816,3.886309376,0.0
1010,backward,74,105.2,1.781334016,4.768141312,16.387874816,3.886309376,0.0
1010,optimizer,74,0.0,1.781334016,4.768141312,16.387874816,3.88632576,0.0
1011,forward,74,218.4,1.781334016,4.7712256,16.387874816,3.890143232,0.0
1011,backward,74,106.5,1.781334016,4.7712256,16.387874816,3.890143232,0.0
1011,optimizer,74,0.0,1.781334016,4.7712256,16.387874816,3.890143232,0.0
1012,forward,74,183.9,1.781334016,4.772990976,16.388390912,3.893956608,0.0
1012,backward,73,103.7,1.781334016,4.772990976,16.388132864,3.893956608,0.0
1012,optimizer,73,0.0,1.781334016,4.772990976,16.388132864,3.893981184,0.0
1013,forward,73,195.4,1.781334016,4.772007936,16.387616768,3.897831424,0.0
1013,backward,73,105.5,1.781334016,4.772007936,16.387874816,3.897831424,0.0
1013,optimizer,73,0.0,1.781334016,4.772007936,16.387874816,3.897831424,0.0
1014,forward,73,179.6,1.781334016,4.772159488,16.387874816,3.901673472,0.0
1014,backward,73,106.8,1.781334016,4.772159488,16.387874816,3.901673472,0.0
1014,optimizer,73,0.0,1.781334016,4.772159488,16.387874816,3.901673472,0.0
1015,forward,81,205.5,1.781334016,4.77220864,16.387874816,3.905486848,0.0
1015,backward,81,104.4,1.781334016,4.77220864,16.388071424,3.905486848,0.0
1015,optimizer,81,0.0,1.781334016,4.77220864,16.388071424,3.905486848,0.0
1016,forward,81,210.3,1.781334016,4.77147136,16.387555328,3.909152768,0.0
1016,backward,81,105.5,1.781334016,4.77147136,16.387424256,3.909152768,0.0
1016,optimizer,81,0.0,1.781334016,4.77147136,16.387424256,3.909152768,0.0
1017,forward,81,166.8,1.781334016,4.772057088,16.387424256,3.912916992,0.0
1017,backward,81,105.0,1.781334016,4.772057088,16.387424256,3.912916992,0.0
1017,optimizer,81,0.0,1.781334016,4.772057088,16.387424256,3.912916992,0.0
1018,forward,73,184.9,1.781334016,4.7721472,16.387424256,3.91677952,0.0
1018,backward,73,78.9,1.781334016,4.7721472,16.387424256,3.91677952,0.0
1018,optimizer,73,555.7,1.781334016,4.7721472,16.387424256,3.91677952,0.0
1019,forward,73,209.4,1.781334016,4.771229696,16.387940352,3.92060928,0.0
1019,backward,73,105.9,1.781334016,4.771229696,16.3881984,3.92060928,0.0
1019,optimizer,73,0.0,1.781334016,4.771229696,16.3881984,3.92060928,0.0
1020,forward,73,162.4,1.781334016,4.771946496,16.387682304,3.92441856,0.0
1020,backward,73,102.6,1.781334016,4.771946496,16.387682304,3.92441856,0.0
1020,optimizer,73,0.0,1.781334016,4.771946496,16.387682304,3.92441856,0.0
1021,forward,73,218.7,1.781334016,4.77208576,16.387682304,3.928162304,0.0
1021,backward,73,79.0,1.781334016,4.77208576,16.387940352,3.928162304,0.0
1021,optimizer,73,0.0,1.781334016,4.77208576,16.387940352,3.928162304,0.0
1022,forward,73,153.2,1.781334016,4.76991488,16.387940352,3.931926528,0.0
1022,backward,73,106.4,1.781334016,4.76991488,16.387940352,3.931926528,0.0
1022,optimizer,73,0.0,1.781334016,4.76991488,16.387940352,3.931926528,0.0
1023,forward,73,213.1,1.781334016,4.769759232,16.387940352,3.935735808,0.0
1023,backward,72,78.8,1.781334016,4.769759232,16.387940352,3.935735808,0.0
1023,optimizer,72,0.0,1.781334016,4.769759232,16.387940352,3.935735808,0.0
1024,forward,72,161.5,1.781334016,4.77032448,16.387424256,3.939377152,0.0
1024,backward,72,106.1,1.781334016,4.77032448,16.387424256,3.939377152,0.0
1024,optimizer,72,0.0,1.781334016,4.77032448,16.387424256,3.939377152,0.0
1025,forward,72,210.8,1.781334016,4.767100928,16.387424256,3.943108608,0.0
1025,backward,72,104.8,1.781334016,4.767100928,16.387424256,3.943108608,0.0
1025,optimizer,72,0.0,1.781334016,4.767100928,16.387424256,3.943108608,0.0
1026,forward,79,206.8,1.781334016,4.766937088,16.387424256,3.9469056,0.0
1026,backward,79,104.7,1.781334016,4.766937088,16.387424256,3.9469056,0.0
1026,optimizer,79,0.0,1.781334016,4.766937088,16.387424256,3.9469056,0.0
1027,forward,79,157.6,1.781334016,4.76672,16.387424256,3.950706688,0.0
1027,backward,79,106.3,1.781334016,4.76672,16.387424256,3.950706688,0.0
1027,optimizer,79,0.0,1.781334016,4.76672,16.387424256,3.950706688,0.0
1028,forward,79,216.8,1.781334016,4.766519296,16.387424256,3.954552832,0.0
1028,backward,79,103.0,1.781334016,4.766519296,16.387424256,3.954552832,0.0
1028,optimizer,79,0.0,1.781334016,4.766519296,16.387424256,3.954552832,0.0
1029,forward,74,187.0,1.781334016,4.766547968,16.387424256,3.958321152,0.0
1029,backward,74,105.0,1.781334016,4.766547968,16.387424256,3.958321152,0.0
1029,optimizer,74,0.0,1.781334016,4.766547968,16.387424256,3.958321152,0.0
1030,forward,74,156.1,1.781334016,4.766470144,16.387424256,3.962109952,0.0
1030,backward,74,106.3,1.781334016,4.766470144,16.387424256,3.962109952,0.0
1030,optimizer,74,0.0,1.781334016,4.766470144,16.387424256,3.962109952,0.0
1031,forward,74,231.2,1.781334016,4.765937664,16.387424256,3.965923328,0.0
1031,backward,72,104.4,1.781334016,4.765937664,16.387424256,3.965923328,0.0
1031,optimizer,72,0.0,1.781334016,4.765937664,16.387424256,3.965923328,0.0
1032,forward,72,172.2,1.781334016,4.766994432,16.387424256,3.969626112,0.0
1032,backward,72,78.9,1.781334016,4.766994432,16.387166208,3.969626112,0.0
1032,optimizer,72,559.8,1.781334016,4.766994432,16.387166208,3.969626112,0.0
1033,forward,72,192.0,1.781334016,4.766420992,16.387166208,3.973496832,0.0
1033,backward,72,103.5,1.781334016,4.766420992,16.387166208,3.973496832,0.0
1033,optimizer,72,0.0,1.781334016,4.766420992,16.387166208,3.97350912,0.0
1034,forward,72,176.4,1.781334016,4.767182848,16.387166208,3.977302016,0.0
1034,backward,71,103.6,1.781334016,4.767182848,16.387166208,3.977302016,0.0
1034,optimizer,71,0.0,1.781334016,4.767182848,16.387166208,3.977302016,0.0
1035,forward,71,189.2,1.781334016,4.766584832,16.387166208,3.981012992,0.0
1035,backward,71,78.9,1.781334016,4.766584832,16.387166208,3.981012992,0.0
1035,optimizer,71,1119.2,1.781334016,4.766584832,16.387166208,3.981012992,0.0
1036,forward,71,160.1,1.781334016,4.766281728,16.387166208,3.984736256,0.0
1036,backward,71,106.1,1.781334016,4.766281728,16.387166208,3.984736256,0.0
1036,optimizer,71,0.0,1.781334016,4.766281728,16.387166208,3.984736256,0.0
1037,forward,81,196.7,1.781334016,4.767547392,16.387166208,3.98860288,0.0
1037,backward,81,79.0,1.781334016,4.767547392,16.387166208,3.98860288,0.0
1037,optimizer,81,0.0,1.781334016,4.767547392,16.387166208,3.98860288,0.0
1038,forward,81,178.4,1.781334016,4.766486528,16.387166208,3.9923712,0.0
1038,backward,81,106.5,1.781334016,4.766486528,16.387166208,3.9923712,0.0
1038,optimizer,81,0.0,1.781334016,4.766486528,16.387166208,3.9923712,0.0
1039,forward,81,219.3,1.781334016,4.767019008,16.387166208,3.99622144,0.0
1039,backward,81,77.7,1.781334016,4.767019008,16.387166208,3.99622144,0.0
1039,optimizer,81,488.1,1.781334016,4.767019008,16.387166208,3.996237824,0.0
1040,forward,74,178.0,1.781334016,4.767117312,16.387166208,3.999981568,0.0
1040,backward,74,105.5,1.781334016,4.767117312,16.387166208,3.999981568,0.0
1040,optimizer,74,0.0,1.781334016,4.767117312,16.387166208,3.999981568,0.0
1041,forward,74,201.3,1.781334016,4.767064064,16.387166208,4.003786752,0.0
1041,backward,74,106.1,1.781334016,4.767064064,16.387166208,4.003786752,0.0
1041,optimizer,74,0.0,1.781334016,4.767064064,16.387166208,4.003786752,0.0
1042,forward,74,208.8,1.781334016,4.766814208,16.387166208,4.007636992,0.0
1042,backward,70,79.0,1.781334016,4.766814208,16.387166208,4.007636992,0.0
1042,optimizer,70,553.7,1.781334016,4.766814208,16.387166208,4.007636992,0.0
1043,forward,70,181.7,1.781334016,4.76686336,16.387166208,4.011384832,0.0
1043,backward,70,78.5,1.781334016,4.76686336,16.387166208,4.011384832,0.0
1043,optimizer,70,558.7,1.781334016,4.76686336,16.387166208,4.011384832,0.0
1044,forward,70,185.6,1.781334016,4.767133696,16.387166208,4.015202304,0.0
1044,backward,70,79.3,1.781334016,4.767133696,16.387166208,4.015202304,0.0
1044,optimizer,70,557.1,1.781334016,4.767133696,16.387166208,4.015202304,0.0
1045,forward,70,171.7,1.781334016,4.76731392,16.387166208,4.01907712,0.0
1045,backward,72,105.8,1.781334016,4.76731392,16.387166208,4.01907712,0.0
1045,optimizer,72,0.0,1.781334016,4.76731392,16.387166208,4.01907712,0.0
1046,forward,72,199.8,1.781334016,4.766810112,16.387166208,4.02280448,0.0
1046,backward,72,104.5,1.781334016,4.766810112,16.387166208,4.02280448,0.0
1046,optimizer,72,0.0,1.781334016,4.766810112,16.387166208,4.02280448,0.0
1047,forward,72,180.7,1.781334016,4.766113792,16.387166208,4.026720256,0.0
1047,backward,72,79.3,1.781334016,4.766113792,16.387166208,4.026720256,0.0
1047,optimizer,72,479.4,1.781334016,4.766113792,16.387166208,4.026748928,0.0
1048,forward,78,165.5,1.781334016,4.76672,16.387166208,4.030459904,0.0
1048,backward,78,104.9,1.781334016,4.76672,16.38690816,4.030459904,0.0
1048,optimizer,78,0.0,1.781334016,4.76672,16.38690816,4.030459904,0.0
1049,forward,78,198.1,1.781334016,4.766334976,16.38690816,4.034277376,0.0
1049,backward,78,79.3,1.781334016,4.766334976,16.38690816,4.034277376,0.0
1049,optimizer,78,553.2,1.781334016,4.766334976,16.38690816,4.034277376,0.0
1050,forward,78,192.6,1.781334016,4.766031872,16.387166208,4.038094848,0.0
1050,backward,70,105.9,1.781334016,4.766031872,16.38690816,4.038094848,0.0
1050,optimizer,70,0.0,1.781334016,4.766031872,16.38690816,4.038094848,0.0
1051,forward,70,163.1,1.781334016,4.766560256,16.38690816,4.04185088,0.0
1051,backward,70,106.2,1.781334016,4.766560256,16.38690816,4.04185088,0.0
1051,optimizer,70,0.0,1.781334016,4.766560256,16.38690816,4.04185088,0.0
1052,forward,70,188.1,1.781334016,4.7663104,16.38690816,4.045668352,0.0
1052,backward,70,104.1,1.781334016,4.7663104,16.38690816,4.045668352,0.0
1052,optimizer,70,0.0,1.781334016,4.7663104,16.38690816,4.045668352,0.0
1053,forward,70,188.2,1.781334016,4.767236096,16.38690816,4.049395712,0.0
1053,backward,74,106.0,1.781334016,4.767236096,16.386650112,4.049395712,0.0
1053,optimizer,74,0.0,1.781334016,4.767236096,16.386650112,4.049395712,0.0
1054,forward,74,198.6,1.781334016,4.767285248,16.387166208,4.053184512,0.0
1054,backward,74,105.9,1.781334016,4.767285248,16.387166208,4.053184512,0.0
1054,optimizer,74,0.0,1.781334016,4.767285248,16.387166208,4.053184512,0.0
1055,forward,74,185.7,1.781334016,4.767039488,16.387166208,4.0569856,0.0
1055,backward,74,104.4,1.781334016,4.767039488,16.387166208,4.0569856,0.0
1055,optimizer,74,0.0,1.781334016,4.767039488,16.387166208,4.0569856,0.0
1056,forward,75,168.4,1.781334016,4.766855168,16.387166208,4.060717056,0.0
1056,backward,75,105.8,1.781334016,4.766855168,16.387166208,4.060717056,0.0
1056,optimizer,75,0.0,1.781334016,4.766855168,16.387166208,4.060717056,0.0
1057,forward,75,185.4,1.781334016,4.765671424,16.387166208,4.064473088,0.0
1057,backward,75,79.3,1.781334016,4.765671424,16.387166208,4.064473088,0.0
1057,optimizer,75,557.8,1.781334016,4.765671424,16.387166208,4.064473088,0.0
1058,forward,75,184.4,1.781334016,4.766224384,16.387166208,4.06822912,0.0
1058,backward,75,104.3,1.781334016,4.766224384,16.387166208,4.06822912,0.0
1058,optimizer,75,0.0,1.781334016,4.766224384,16.387166208,4.06822912,0.0
1059,forward,76,188.2,1.781334016,4.766457856,16.387166208,4.072042496,0.0
1059,backward,76,105.5,1.781334016,4.766457856,16.387166208,4.072042496,0.0
1059,optimizer,76,0.0,1.781334016,4.766457856,16.387166208,4.072042496,0.0
1060,forward,76,193.2,1.781334016,4.766294016,16.387166208,4.075798528,0.0
1060,backward,76,106.9,1.781334016,4.766294016,16.387166208,4.075798528,0.0
1060,optimizer,76,0.0,1.781334016,4.766294016,16.387166208,4.075798528,0.0
1061,forward,76,154.2,1.781334016,4.766179328,16.387166208,4.079611904,0.0
1061,backward,68,105.1,1.781334016,4.766179328,16.387231744,4.079611904,0.0
1061,optimizer,68,0.0,1.781334016,4.766179328,16.387231744,4.079611904,0.0
1062,forward,68,222.7,1.781334016,4.76622848,16.387231744,4.083412992,0.0
1062,backward,68,79.4,1.781334016,4.76622848,16.387231744,4.083412992,0.0
1062,optimizer,68,559.5,1.781334016,4.76622848,16.387231744,4.083412992,0.0
1063,forward,68,157.1,1.781334016,4.766744576,16.387166208,4.087279616,0.0
1063,backward,68,104.0,1.781334016,4.766744576,16.387166208,4.087279616,0.0
1063,optimizer,68,0.0,1.781334016,4.766744576,16.387166208,4.087296,0.0
1064,forward,72,215.1,1.781334016,4.766400512,16.387166208,4.090978304,0.0
1064,backward,72,105.1,1.781334016,4.766400512,16.387166208,4.090978304,0.0
1064,optimizer,72,0.0,1.781334016,4.766400512,16.387166208,4.091006976,0.0
1065,forward,72,191.2,1.781334016,4.766531584,16.387166208,4.094824448,0.0
1065,backward,72,106.4,1.781334016,4.766531584,16.387166208,4.094824448,0.0
1065,optimizer,72,0.0,1.781334016,4.766531584,16.387166208,4.094857216,0.0
1066,forward,72,187.3,1.781334016,4.766666752,16.387166208,4.098646016,0.0
1066,backward,72,103.1,1.781334016,4.766666752,16.387166208,4.098646016,0.0
1066,optimizer,72,0.0,1.781334016,4.766666752,16.387166208,4.098646016,0.0
1067,forward,75,187.8,1.781334016,4.765888512,16.387166208,4.102483968,0.0
1067,backward,75,104.8,1.781334016,4.765888512,16.387166208,4.102483968,0.0
1067,optimizer,75,0.0,1.781334016,4.765888512,16.387166208,4.102483968,0.0
1068,forward,75,200.1,1.781334016,4.76676096,16.387166208,4.106334208,0.0
1068,backward,75,78.9,1.781334016,4.76676096,16.387166208,4.106334208,0.0
1068,optimizer,75,550.8,1.781334016,4.76676096,16.387166208,4.106334208,0.0
1069,forward,75,159.4,1.781334016,4.766511104,16.387166208,4.110127104,0.0
1069,backward,69,105.8,1.781334016,4.766511104,16.387166208,4.110127104,0.0
1069,optimizer,69,0.0,1.781334016,4.766511104,16.387166208,4.110127104,0.0
1070,forward,69,213.4,1.781334016,4.765884416,16.387166208,4.113825792,0.0
1070,backward,69,78.3,1.781334016,4.765884416,16.38752256,4.113825792,0.0
1070,optimizer,69,560.8,1.781334016,4.765884416,16.38752256,4.113825792,0.0
1071,forward,69,158.6,1.781334016,4.7661056,16.38752256,4.117618688,0.0
1071,backward,69,106.2,1.781334016,4.7661056,16.38752256,4.117618688,0.0
1071,optimizer,69,0.0,1.781334016,4.7661056,16.38752256,4.11764736,0.0
1072,forward,69,197.5,1.781334016,4.766601216,16.38752256,4.121391104,0.0
1072,backward,74,103.1,1.781334016,4.766601216,16.38752256,4.121391104,0.0
1072,optimizer,74,0.0,1.781334016,4.766601216,16.38752256,4.121391104,0.0
1073,forward,74,216.0,1.781334016,4.76565504,16.38752256,4.125253632,0.0
1073,backward,74,79.0,1.781334016,4.76565504,16.38752256,4.125253632,0.0
1073,optimizer,74,556.8,1.781334016,4.76565504,16.38752256,4.125253632,0.0
1074,forward,74,159.7,1.781334016,4.767309824,16.38752256,4.129062912,0.0
1074,backward,74,79.2,1.781334016,4.767309824,16.38752256,4.129062912,0.0
1074,optimizer,74,558.1,1.781334016,4.767309824,16.38752256,4.129062912,0.0
1075,forward,80,184.5,1.781334016,4.766715904,16.387006464,4.132872192,0.0
1075,backward,80,79.0,1.781334016,4.766715904,16.387006464,4.132872192,0.0
1075,optimizer,80,554.0,1.781334016,4.766715904,16.387006464,4.132872192,0.0
1076,forward,80,158.7,1.781334016,4.766625792,16.387006464,4.136656896,0.0
1076,backward,80,106.7,1.781334016,4.766625792,16.387006464,4.136656896,0.0
1076,optimizer,80,0.0,1.781334016,4.766625792,16.387006464,4.136656896,0.0
1077,forward,80,244.7,1.781334016,4.766543872,16.38752256,4.1403392,0.0
1077,backward,80,77.4,1.781334016,4.766543872,16.38752256,4.1403392,0.0
1077,optimizer,80,555.7,1.781334016,4.766543872,16.38752256,4.1403392,0.0
1078,forward,74,153.3,1.781334016,4.76680192,16.38752256,4.144136192,0.0
1078,backward,74,104.6,1.781334016,4.76680192,16.38752256,4.144136192,0.0
1078,optimizer,74,0.0,1.781334016,4.76680192,16.38752256,4.144136192,0.0
1079,forward,74,209.1,1.781334016,4.766216192,16.38752256,4.147871744,0.0
1079,backward,74,133.9,1.781334016,4.766216192,16.38752256,4.147871744,0.0
1079,optimizer,74,0.0,1.781334016,4.766216192,16.38752256,4.147871744,0.0
1080,forward,74,187.2,1.781334016,4.766642176,16.38752256,4.15168512,0.0
1080,backward,72,77.7,1.781334016,4.766642176,16.38752256,4.15168512,0.0
1080,optimizer,72,555.4,1.781334016,4.766642176,16.38752256,4.15168512,0.0
1081,forward,72,176.6,1.781334016,4.766367744,16.38752256,4.155531264,0.0
1081,backward,72,105.3,1.781334016,4.766367744,16.38752256,4.155531264,0.0
1081,optimizer,72,0.0,1.781334016,4.766367744,16.38752256,4.155531264,0.0
1082,forward,72,218.9,1.781334016,4.767023104,16.388038656,4.159315968,0.0
1082,backward,72,79.6,1.781334016,4.767023104,16.388038656,4.159315968,0.0
1082,optimizer,72,556.5,1.781334016,4.767023104,16.388038656,4.159315968,0.0
1083,forward,72,142.2,1.781334016,4.766457856,16.388038656,4.163100672,0.0
1083,backward,70,134.0,1.781334016,4.766457856,16.388038656,4.163100672,0.0
1083,optimizer,70,0.0,1.781334016,4.766457856,16.388038656,4.163100672,0.0
1084,forward,70,189.9,1.781334016,4.766625792,16.388038656,4.166905856,0.0
1084,backward,70,103.4,1.781334016,4.766625792,16.388038656,4.166905856,0.0
1084,optimizer,70,0.0,1.781334016,4.766625792,16.388038656,4.166905856,0.0
1085,forward,70,191.0,1.781334016,4.767145984,16.388038656,4.170612736,0.0
1085,backward,70,105.2,1.781334016,4.767145984,16.388038656,4.170612736,0.0
1085,optimizer,70,0.0,1.781334016,4.767145984,16.388038656,4.170612736,0.0
1086,forward,79,184.7,1.781334016,4.766224384,16.388038656,4.174462976,0.0
1086,backward,79,105.1,1.781334016,4.766449664,16.388038656,4.174462976,0.0
1086,optimizer,79,0.0,1.781334016,4.766449664,16.388038656,4.174462976,0.0
1087,forward,79,190.0,1.781334016,4.766552064,16.388038656,4.178345984,0.0
1087,backward,79,104.8,1.781334016,4.766552064,16.388038656,4.178345984,0.0
1087,optimizer,79,0.0,1.781334016,4.766552064,16.388038656,4.178345984,0.0
1088,forward,79,213.7,1.781334016,4.766138368,16.38752256,4.182212608,0.0
1088,backward,79,106.1,1.781334016,4.766138368,16.387780608,4.182212608,0.0
1088,optimizer,70,0.0,1.781334016,4.766138368,16.387780608,4.182212608,0.0
1089,forward,70,189.4,1.781334016,4.766244864,16.387780608,4.185894912,0.0
1089,backward,70,105.8,1.781334016,4.766244864,16.387780608,4.185894912,0.0
1089,optimizer,70,0.0,1.781334016,4.766244864,16.387780608,4.18592768,0.0
1090,forward,70,218.9,1.781334016,4.766056448,16.387780608,4.189843456,0.0
1090,backward,70,78.2,1.781334016,4.766056448,16.387780608,4.189843456,0.0
1090,optimizer,70,549.0,1.781334016,4.766056448,16.387780608,4.189843456,0.0
1091,forward,70,163.9,1.781334016,4.76680192,16.387780608,4.193673216,0.0
1091,backward,74,106.3,1.781334016,4.76680192,16.387780608,4.193673216,0.0
1091,optimizer,74,0.0,1.781334016,4.76680192,16.387780608,4.193673216,0.0
1092,forward,74,181.4,1.781334016,4.766900224,16.387780608,4.197371904,0.0
1092,backward,74,104.6,1.781334016,4.766900224,16.387780608,4.197371904,0.0
1092,optimizer,74,0.0,1.781334016,4.766900224,16.387780608,4.197371904,0.0
1093,forward,74,173.6,1.781334016,4.767330304,16.387264512,4.201234432,0.0
1093,backward,74,78.8,1.781334016,4.767330304,16.387006464,4.201234432,0.0
1093,optimizer,74,494.3,1.781334016,4.767330304,16.387006464,4.201250816,0.0
1094,forward,74,172.5,1.781334016,4.767285248,16.387006464,4.205056,0.0
1094,backward,78,104.6,1.781334016,4.767285248,16.387264512,4.205056,0.0
1094,optimizer,78,0.0,1.781334016,4.767285248,16.387264512,4.205056,0.0
1095,forward,78,148.6,1.781334016,4.766875648,16.387264512,4.208881664,0.0
1095,backward,78,102.5,1.781334016,4.766875648,16.387006464,4.208881664,0.0
1095,optimizer,78,0.0,1.781334016,4.766875648,16.387006464,4.208881664,0.0
1096,forward,78,208.3,1.781334016,4.767219712,16.387006464,4.212690944,0.0
1096,backward,78,105.3,1.781334016,4.767219712,16.387006464,4.212690944,0.0
1096,optimizer,78,0.0,1.781334016,4.767219712,16.387006464,4.212690944,0.0
1097,forward,78,187.5,1.781334016,4.767309824,16.387006464,4.216459264,0.0
1097,backward,80,103.1,1.781334016,4.767309824,16.387006464,4.216459264,0.0
1097,optimizer,80,0.0,1.781334016,4.767309824,16.387006464,4.216459264,0.0
1098,forward,80,181.2,1.781334016,4.767367168,16.387006464,4.22023168,0.0
1098,backward,80,79.4,1.781334016,4.767367168,16.387006464,4.22023168,0.0
1098,optimizer,80,564.8,1.781334016,4.767367168,16.387006464,4.22023168,0.0
1099,forward,80,178.3,1.781334016,4.767629312,16.386490368,4.224028672,0.0
1099,backward,80,104.9,1.781334016,4.767629312,16.386490368,4.224028672,0.0
1099,optimizer,80,0.0,1.781334016,4.767629312,16.386490368,4.224028672,0.0
1100,forward,80,144.8,1.781334016,4.767649792,16.386490368,4.227784704,0.0
1100,backward,80,103.0,1.781334016,4.767649792,16.38623232,4.227784704,0.0
1100,optimizer,80,0.0,1.781334016,4.767649792,16.38623232,4.227784704,0.0
1101,forward,80,201.1,1.781334016,4.767576064,16.38623232,4.23165952,0.0
1101,backward,80,105.0,1.781334016,4.767576064,16.38623232,4.23165952,0.0
1101,optimizer,80,0.0,1.781334016,4.767576064,16.38623232,4.23165952,0.0
1102,forward,80,180.6,1.781334016,4.767670272,16.38623232,4.23540736,0.0
1102,backward,80,102.1,1.781334016,4.767670272,16.38623232,4.23540736,0.0
1102,optimizer,80,0.0,1.781334016,4.767670272,16.38623232,4.23540736,0.0
1103,forward,80,177.3,1.781334016,4.767531008,16.386748416,4.239163392,0.0
1103,backward,82,105.1,1.781334016,4.767531008,16.386490368,4.239163392,0.0
1103,optimizer,82,0.0,1.781334016,4.767531008,16.386490368,4.23919616,0.0
1104,forward,82,172.4,1.781334016,4.767940608,16.386490368,4.243083264,0.0
1104,backward,82,102.9,1.781334016,4.767940608,16.386490368,4.243083264,0.0
1104,optimizer,82,0.0,1.781334016,4.767940608,16.386490368,4.243083264,0.0
1105,forward,82,180.6,1.781334016,4.768079872,16.386490368,4.246904832,0.0
1105,backward,82,79.3,1.781334016,4.768079872,16.386748416,4.246904832,0.0
1105,optimizer,82,566.7,1.781334016,4.768079872,16.386748416,4.246904832,0.0
1106,forward,81,142.4,1.781334016,4.767858688,16.386748416,4.250673152,0.0
1106,backward,81,104.8,1.781334016,4.767858688,16.386748416,4.250673152,0.0
1106,optimizer,81,0.0,1.781334016,4.767858688,16.386748416,4.25070592,0.0
1107,forward,81,180.9,1.781334016,4.767727616,16.386748416,4.254572544,0.0
1107,backward,81,105.1,1.781334016,4.767727616,16.386748416,4.254572544,0.0
1107,optimizer,81,0.0,1.781334016,4.767727616,16.386748416,4.254572544,0.0
1108,forward,81,216.6,1.781334016,4.76776448,16.386748416,4.258299904,0.0
1108,backward,81,105.4,1.781334016,4.76776448,16.387006464,4.258299904,0.0
1108,optimizer,81,0.0,1.781334016,4.76776448,16.387006464,4.258299904,0.0
1109,forward,80,144.2,1.781334016,4.767862784,16.386490368,4.262170624,0.0
1109,backward,80,102.7,1.781334016,4.767862784,16.386748416,4.262170624,0.0
1109,optimizer,80,0.0,1.781334016,4.767862784,16.386748416,4.262170624,0.0
1110,forward,80,218.2,1.781334016,4.76823552,16.386748416,4.265816064,0.0
1110,backward,80,105.5,1.781334016,4.76823552,16.386748416,4.265816064,0.0
1110,optimizer,80,0.0,1.781334016,4.76823552,16.386748416,4.265816064,0.0
1111,forward,80,178.7,1.781334016,4.76831744,16.387264512,4.269592576,0.0
1111,backward,80,104.7,1.781334016,4.76831744,16.387264512,4.269592576,0.0
1111,optimizer,80,0.0,1.781334016,4.76831744,16.387264512,4.269592576,0.0
1112,forward,80,183.1,1.781334016,4.768325632,16.387006464,4.27343872,0.0
1112,backward,80,104.7,1.781334016,4.768325632,16.387006464,4.27343872,0.0
1112,optimizer,80,0.0,1.781334016,4.768325632,16.387006464,4.27343872,0.0
1113,forward,80,169.0,1.781334016,4.76817408,16.387006464,4.277260288,0.0
1113,backward,80,104.7,1.781334016,4.76817408,16.387006464,4.277260288,0.0
1113,optimizer,80,0.0,1.781334016,4.76817408,16.387006464,4.277260288,0.0
1114,forward,80,143.4,1.781334016,4.76813312,16.387006464,4.281065472,0.0
1114,backward,80,103.6,1.781334016,4.76813312,16.387006464,4.281065472,0.0
1114,optimizer,80,0.0,1.781334016,4.76813312,16.387006464,4.281065472,0.0
1115,forward,79,188.4,1.781334016,4.768272384,16.387006464,4.284809216,0.0
1115,backward,79,105.3,1.781334016,4.768272384,16.387006464,4.284809216,0.0
1115,optimizer,79,0.0,1.781334016,4.768272384,16.387006464,4.284809216,0.0
1116,forward,79,180.8,1.781334016,4.768120832,16.386748416,4.288577536,0.0
1116,backward,79,103.7,1.781334016,4.768120832,16.386748416,4.288577536,0.0
1116,optimizer,79,0.0,1.781334016,4.768120832,16.386748416,4.288577536,0.0
1117,forward,79,216.8,1.781334016,4.768600064,16.386748416,4.292308992,0.0
1117,backward,79,79.1,1.781334016,4.768620544,16.386748416,4.292308992,0.0
1117,optimizer,79,556.0,1.781334016,4.768620544,16.386748416,4.292308992,0.0
1118,forward,80,143.0,1.781334016,4.76864512,16.38623232,4.296175616,0.0
1118,backward,80,105.0,1.781334016,4.76864512,16.38623232,4.296175616,0.0
1118,optimizer,80,0.0,1.781334016,4.76864512,16.38623232,4.296175616,0.0
1119,forward,80,178.3,1.781334016,4.768632832,16.38623232,4.299943936,0.0
1119,backward,80,102.3,1.781334016,4.768632832,16.385974272,4.299943936,0.0
1119,optimizer,80,0.0,1.781334016,4.768632832,16.385974272,4.299943936,0.0
1120,forward,80,214.8,1.781334016,4.76839936,16.386490368,4.303765504,0.0
1120,backward,80,105.2,1.781334016,4.76839936,16.386490368,4.303765504,0.0
1120,optimizer,80,0.0,1.781334016,4.76839936,16.386490368,4.303765504,0.0
1121,forward,79,144.8,1.781334016,4.76874752,16.386490368,4.307656704,0.0
1121,backward,79,103.7,1.781334016,4.76874752,16.386490368,4.307656704,0.0
1121,optimizer,79,0.0,1.781334016,4.76874752,16.386490368,4.307673088,0.0
1122,forward,79,182.4,1.781334016,4.76864512,16.386490368,4.311384064,0.0
1122,backward,79,105.5,1.781334016,4.76864512,16.386490368,4.311384064,0.0
1122,optimizer,79,0.0,1.781334016,4.76864512,16.386490368,4.311384064,0.0
1123,forward,79,179.4,1.781334016,4.768657408,16.386490368,4.315144192,0.0
1123,backward,79,105.0,1.781334016,4.768657408,16.38623232,4.315144192,0.0
1123,optimizer,79,0.0,1.781334016,4.768657408,16.38623232,4.315144192,0.0
1124,forward,80,206.0,1.781334016,4.768751616,16.38623232,4.318982144,0.0
1124,backward,80,104.7,1.781334016,4.768751616,16.38623232,4.318982144,0.0
1124,optimizer,80,0.0,1.781334016,4.768751616,16.38623232,4.318982144,0.0
1125,forward,80,176.5,1.781334016,4.768628736,16.38623232,4.322873344,0.0
1125,backward,80,105.1,1.781334016,4.768628736,16.38623232,4.322873344,0.0
1125,optimizer,80,0.0,1.781334016,4.768628736,16.38623232,4.322873344,0.0
1126,forward,80,182.8,1.781334016,4.76882944,16.38623232,4.3267072,0.0
1126,backward,79,102.1,1.781334016,4.76882944,16.38623232,4.3267072,0.0
1126,optimizer,79,0.0,1.781334016,4.76882944,16.38623232,4.3267072,0.0
1127,forward,79,177.8,1.781334016,4.768841728,16.386748416,4.330479616,0.0
1127,backward,79,105.4,1.781334016,4.768841728,16.386748416,4.330479616,0.0
1127,optimizer,79,0.0,1.781334016,4.768841728,16.386748416,4.330479616,0.0
1128,forward,79,145.0,1.781334016,4.769079296,16.386748416,4.334256128,0.0
1128,backward,79,103.8,1.781334016,4.769079296,16.386748416,4.334256128,0.0
1128,optimizer,79,0.0,1.781334016,4.769079296,16.386748416,4.334256128,0.0
1129,forward,79,179.4,1.781334016,4.769026048,16.386748416,4.338065408,0.0
1129,backward,79,105.7,1.781334016,4.769026048,16.386748416,4.338065408,0.0
1129,optimizer,79,0.0,1.781334016,4.769026048,16.386748416,4.338065408,0.0
1130,forward,79,179.1,1.781334016,4.768854016,16.386748416,4.341858304,0.0
1130,backward,79,104.7,1.781334016,4.768854016,16.386748416,4.341858304,0.0
1130,optimizer,79,0.0,1.781334016,4.768854016,16.386748416,4.341874688,0.0
1131,forward,79,172.2,1.781334016,4.769153024,16.386748416,4.345659392,0.0
1131,backward,79,104.0,1.781334016,4.769153024,16.386748416,4.345659392,0.0
1131,optimizer,79,0.0,1.781334016,4.769153024,16.386748416,4.345659392,0.0
1132,forward,79,142.4,1.781334016,4.768960512,16.386748416,4.349472768,0.0
1132,backward,79,105.3,1.781334016,4.768960512,16.386748416,4.349472768,0.0
1132,optimizer,79,0.0,1.781334016,4.768960512,16.386748416,4.349472768,0.0
1133,forward,79,179.2,1.781334016,4.7688704,16.386748416,4.353339392,0.0
1133,backward,79,102.7,1.781334016,4.7688704,16.386748416,4.353339392,0.0
1133,optimizer,79,0.0,1.781334016,4.7688704,16.386748416,4.353339392,0.0
1134,forward,79,209.8,1.781334016,4.768772096,16.386748416,4.357124096,0.0
1134,backward,79,79.3,1.781334016,4.768772096,16.386748416,4.357124096,0.0
1134,optimizer,79,557.4,1.781334016,4.768772096,16.386748416,4.357124096,0.0
1135,forward,79,146.6,1.781334016,4.769308672,16.386748416,4.360925184,0.0
1135,backward,79,104.4,1.781334016,4.769308672,16.386748416,4.360925184,0.0
1135,optimizer,79,0.0,1.781334016,4.769308672,16.386748416,4.360933376,0.0
1136,forward,79,178.3,1.781334016,4.769378304,16.386748416,4.364795904,0.0
1136,backward,79,105.4,1.781334016,4.769378304,16.386748416,4.364795904,0.0
1136,optimizer,79,0.0,1.781334016,4.769378304,16.386748416,4.364795904,0.0
1137,forward,79,179.9,1.781334016,4.76940288,16.386748416,4.36856832,0.0
1137,backward,79,104.8,1.781334016,4.76940288,16.386748416,4.36856832,0.0
1137,optimizer,79,0.0,1.781334016,4.76940288,16.386748416,4.36856832,0.0
1138,forward,79,180.7,1.781334016,4.769427456,16.386748416,4.372385792,0.0
1138,backward,79,102.7,1.781334016,4.769427456,16.386748416,4.372385792,0.0
1138,optimizer,79,0.0,1.781334016,4.769427456,16.386748416,4.372385792,0.0
1139,forward,79,175.1,1.781334016,4.769292288,16.386748416,4.37612544,0.0
1139,backward,79,105.2,1.781334016,4.769292288,16.386748416,4.37612544,0.0
1139,optimizer,79,0.0,1.781334016,4.769292288,16.386748416,4.37612544,0.0
1140,forward,79,181.6,1.781334016,4.76930048,16.386748416,4.379922432,0.0
1140,backward,79,103.4,1.781334016,4.76930048,16.386748416,4.379922432,0.0
1140,optimizer,79,0.0,1.781334016,4.76930048,16.386748416,4.379922432,0.0
1141,forward,79,182.8,1.781334016,4.769370112,16.386748416,4.383748096,0.0
1141,backward,81,105.8,1.781334016,4.769370112,16.386748416,4.383748096,0.0
1141,optimizer,81,0.0,1.781334016,4.769370112,16.386748416,4.383748096,0.0
1142,forward,81,174.4,1.781334016,4.769304576,16.387264512,4.387618816,0.0
1142,backward,81,104.6,1.781334016,4.769304576,16.387264512,4.387618816,0.0
1142,optimizer,81,0.0,1.781334016,4.769304576,16.387264512,4.387618816,0.0
1143,forward,81,195.6,1.781334016,4.769517568,16.387264512,4.391448576,0.0
1143,backward,81,105.4,1.781334016,4.769517568,16.387264512,4.391448576,0.0
1143,optimizer,81,0.0,1.781334016,4.769517568,16.387264512,4.391448576,0.0
1144,forward,81,178.3,1.781334016,4.769497088,16.387264512,4.395327488,0.0
1144,backward,81,105.8,1.781334016,4.769497088,16.38752256,4.395327488,0.0
1144,optimizer,81,0.0,1.781334016,4.769497088,16.38752256,4.395327488,0.0
1145,forward,81,176.6,1.781334016,4.76956672,16.38752256,4.399104,0.0
1145,backward,81,104.9,1.781334016,4.76956672,16.38752256,4.399104,0.0
1145,optimizer,81,0.0,1.781334016,4.76956672,16.38752256,4.399104,0.0
1146,forward,81,181.2,1.781334016,4.769583104,16.38752256,4.402692096,0.0
1146,backward,81,103.2,1.781334016,4.769583104,16.38752256,4.402692096,0.0
1146,optimizer,81,0.0,1.781334016,4.769583104,16.38752256,4.402692096,0.0
1147,forward,74,185.2,1.781334016,4.769947648,16.38752256,4.406513664,0.0
1147,backward,74,105.2,1.781334016,4.769947648,16.38752256,4.406513664,0.0
1147,optimizer,74,0.0,1.781334016,4.769947648,16.38752256,4.406513664,0.0
1148,forward,74,181.9,1.781334016,4.769804288,16.38752256,4.410359808,0.0
1148,backward,74,102.9,1.781334016,4.769804288,16.38752256,4.410359808,0.0
1148,optimizer,74,0.0,1.781334016,4.769804288,16.38752256,4.410359808,0.0
1149,forward,74,145.3,1.781334016,4.769828864,16.38752256,4.414066688,0.0
1149,backward,74,105.6,1.781334016,4.769828864,16.38752256,4.414066688,0.0
1149,optimizer,74,0.0,1.781334016,4.769828864,16.38752256,4.414066688,0.0
1150,forward,78,211.2,1.781334016,4.76975104,16.38752256,4.41786368,0.0
1150,backward,78,77.2,1.781334016,4.76975104,16.38752256,4.41786368,0.0
1150,optimizer,78,558.5,1.781334016,4.76975104,16.38752256,4.41786368,0.0
1151,forward,78,145.6,1.781334016,4.769718272,16.38752256,4.421697536,0.0
1151,backward,78,105.6,1.781334016,4.769718272,16.38752256,4.421697536,0.0
1151,optimizer,78,0.0,1.781334016,4.769718272,16.38752256,4.421697536,0.0
1152,forward,78,173.3,1.781334016,4.7700992,16.38752256,4.42544128,0.0
1152,backward,78,105.2,1.781334016,4.7700992,16.38752256,4.42544128,0.0
1152,optimizer,78,0.0,1.781334016,4.7700992,16.38752256,4.42544128,0.0
1153,forward,79,219.6,1.781334016,4.770328576,16.38752256,4.429238272,0.0
1153,backward,79,77.8,1.781334016,4.770328576,16.38752256,4.429238272,0.0
1153,optimizer,79,560.8,1.781334016,4.770328576,16.38752256,4.429238272,0.0
1154,forward,79,143.0,1.781334016,4.770463744,16.38752256,4.433006592,0.0
1154,backward,79,105.6,1.781334016,4.770463744,16.38752256,4.433006592,0.0
1154,optimizer,79,0.0,1.781334016,4.770463744,16.38752256,4.433006592,0.0
1155,forward,79,218.8,1.781334016,4.770291712,16.387006464,4.436832256,0.0
1155,backward,80,77.2,1.781334016,4.770291712,16.387006464,4.436832256,0.0
1155,optimizer,80,560.7,1.781334016,4.770291712,16.387006464,4.436832256,0.0
1156,forward,80,142.2,1.781334016,4.770279424,16.387006464,4.440629248,0.0
1156,backward,80,105.5,1.781334016,4.770279424,16.386748416,4.440629248,0.0
1156,optimizer,80,0.0,1.781334016,4.770279424,16.386748416,4.440629248,0.0
1157,forward,80,208.5,1.781334016,4.770144256,16.386748416,4.444442624,0.0
1157,backward,80,78.3,1.781334016,4.770144256,16.38674432,4.444442624,0.0
1157,optimizer,80,557.6,1.781334016,4.770144256,16.38674432,4.444442624,0.0
1158,forward,80,142.7,1.781334016,4.770234368,16.38674432,4.448309248,0.0
1158,backward,79,106.0,1.781334016,4.770234368,16.38674432,4.448309248,0.0
1158,optimizer,79,0.0,1.781334016,4.770234368,16.38674432,4.448354304,0.0
1159,forward,79,178.7,1.781334016,4.770304,16.38674432,4.452216832,0.0
1159,backward,79,104.6,1.781334016,4.770304,16.38674432,4.452216832,0.0
1159,optimizer,79,0.0,1.781334016,4.770304,16.38674432,4.452216832,0.0
1160,forward,79,218.1,1.781334016,4.770525184,16.387002368,4.455972864,0.0
1160,backward,79,103.2,1.781334016,4.770525184,16.387002368,4.455972864,0.0
1160,optimizer,79,0.0,1.781334016,4.770525184,16.387002368,4.455972864,0.0
1161,forward,79,144.6,1.781334016,4.770349056,16.387002368,4.45976576,0.0
1161,backward,80,104.9,1.781334016,4.770349056,16.387002368,4.45976576,0.0
1161,optimizer,80,0.0,1.781334016,4.770349056,16.387002368,4.45976576,0.0
1162,forward,80,180.5,1.781334016,4.770189312,16.387002368,4.463566848,0.0
1162,backward,80,103.4,1.781334016,4.770189312,16.387002368,4.463566848,0.0
1162,optimizer,80,0.0,1.781334016,4.770189312,16.387002368,4.463566848,0.0
1163,forward,80,178.3,1.781334016,4.770123776,16.387002368,4.467277824,0.0
1163,backward,80,105.6,1.781334016,4.770123776,16.387002368,4.467277824,0.0
1163,optimizer,80,0.0,1.781334016,4.770123776,16.387002368,4.467277824,0.0
1164,forward,80,177.3,1.781334016,4.770381824,16.387002368,4.471058432,0.0
1164,backward,79,104.6,1.781334016,4.770381824,16.387002368,4.471058432,0.0
1164,optimizer,79,0.0,1.781334016,4.770607104,16.387002368,4.471058432,0.0
1165,forward,79,177.7,1.781334016,4.770885632,16.387002368,4.474867712,0.0
1165,backward,79,104.2,1.781334016,4.770885632,16.387002368,4.474867712,0.0
1165,optimizer,79,0.0,1.781334016,4.770885632,16.387002368,4.474867712,0.0
1166,forward,79,177.8,1.781334016,4.770983936,16.387002368,4.478697472,0.0
1166,backward,79,105.2,1.781334016,4.770983936,16.387002368,4.478697472,0.0
1166,optimizer,79,0.0,1.781334016,4.770983936,16.387002368,4.478697472,0.0
1167,forward,79,216.3,1.781334016,4.770725888,16.387002368,4.482568192,0.0
1167,backward,79,77.0,1.781334016,4.770725888,16.387002368,4.482568192,0.0
1167,optimizer,79,556.5,1.781334016,4.770725888,16.387002368,4.482568192,0.0
1168,forward,79,136.1,1.781334016,4.77073408,16.387002368,4.486311936,0.0
1168,backward,79,104.8,1.781334016,4.77073408,16.387002368,4.486340608,0.0
1168,optimizer,79,0.0,1.781334016,4.77073408,16.387002368,4.486340608,0.0
1169,forward,79,162.8,1.781334016,4.770902016,16.387002368,4.490174464,0.0
1169,backward,79,107.2,1.781334016,4.770902016,16.387002368,4.490174464,0.0
1169,optimizer,79,0.0,1.781334016,4.770902016,16.387002368,4.490174464,0.0
1170,forward,79,182.9,1.781334016,4.77104128,16.387002368,4.49400832,0.0
1170,backward,80,104.4,1.781334016,4.77104128,16.387002368,4.49400832,0.0
1170,optimizer,80,0.0,1.781334016,4.77104128,16.387002368,4.494041088,0.0
1171,forward,80,196.0,1.781334016,4.770758656,16.387002368,4.497866752,0.0
1171,backward,80,105.9,1.781334016,4.770758656,16.387002368,4.497866752,0.0
1171,optimizer,80,0.0,1.781334016,4.770758656,16.387002368,4.497866752,0.0
1172,forward,80,179.3,1.781334016,4.770840576,16.387002368,4.501618688,0.0
1172,backward,80,76.9,1.781334016,4.770840576,16.387002368,4.501651456,0.0
1172,optimizer,80,0.0,1.781334016,4.770840576,16.387002368,4.501651456,0.0
1173,forward,76,178.5,1.781334016,4.770844672,16.387002368,4.505489408,0.0
1173,backward,76,105.9,1.781334016,4.770844672,16.387002368,4.505489408,0.0
1173,optimizer,76,0.0,1.781334016,4.770844672,16.387002368,4.50551808,0.0
1174,forward,76,168.7,1.781334016,4.770603008,16.387002368,4.50936832,0.0
1174,backward,76,104.0,1.781334016,4.770603008,16.387002368,4.50936832,0.0
1174,optimizer,76,0.0,1.781334016,4.77083648,16.387002368,4.50936832,0.0
1175,forward,76,178.3,1.781334016,4.770807808,16.38803456,4.513255424,0.0
1175,backward,76,132.1,1.781334016,4.770807808,16.38545408,4.513255424,0.0
1175,optimizer,76,0.0,1.781334016,4.770807808,16.38545408,4.513255424,0.0
1176,forward,78,179.0,1.781334016,4.770844672,16.38545408,4.517040128,0.0
1176,backward,78,78.4,1.781334016,4.770844672,16.38545408,4.517040128,0.0
1176,optimizer,78,0.0,1.781334016,4.770844672,16.38545408,4.517040128,0.0
1177,forward,78,183.0,1.781334016,4.77110272,16.38545408,4.520824832,0.0
1177,backward,78,102.3,1.781334016,4.77110272,16.38545408,4.520824832,0.0
1177,optimizer,78,0.0,1.781334016,4.77110272,16.38545408,4.520824832,0.0
1178,forward,78,179.0,1.781334016,4.770942976,16.385712128,4.52462592,0.0
1178,backward,78,78.8,1.781334016,4.770942976,16.385712128,4.52462592,0.0
1178,optimizer,78,0.0,1.781334016,4.770942976,16.385712128,4.52462592,0.0
1179,forward,80,175.6,1.781334016,4.771176448,16.385712128,4.528369664,0.0
1179,backward,80,102.8,1.781334016,4.771176448,16.385712128,4.528369664,0.0
1179,optimizer,80,0.0,1.781334016,4.771176448,16.385712128,4.528369664,0.0
1180,forward,80,180.2,1.781334016,4.771110912,16.385712128,4.532248576,0.0
1180,backward,80,105.5,1.781334016,4.771110912,16.385712128,4.532248576,0.0
1180,optimizer,80,0.0,1.781334016,4.771110912,16.385712128,4.532248576,0.0
1181,forward,80,177.4,1.781334016,4.771332096,16.385712128,4.536082432,0.0
1181,backward,80,78.4,1.781334016,4.771332096,16.385568768,4.536082432,0.0
1181,optimizer,80,563.3,1.781334016,4.771332096,16.385568768,4.536082432,0.0
1182,forward,79,174.8,1.781334016,4.771254272,16.385568768,4.539887616,0.0
1182,backward,79,105.4,1.781334016,4.771254272,16.385568768,4.539887616,0.0
1182,optimizer,79,0.0,1.781334016,4.771254272,16.385568768,4.539887616,0.0
1183,forward,79,142.8,1.781334016,4.771094528,16.385568768,4.543598592,0.0
1183,backward,79,104.7,1.781334016,4.771094528,16.385568768,4.543598592,0.0
1183,optimizer,79,0.0,1.781334016,4.771094528,16.385568768,4.543598592,0.0
1184,forward,79,181.0,1.781334016,4.771241984,16.385568768,4.547387392,0.0
1184,backward,79,102.6,1.781334016,4.771241984,16.385568768,4.547387392,0.0
1184,optimizer,79,0.0,1.781334016,4.771241984,16.385568768,4.547387392,0.0
1185,forward,79,145.4,1.781334016,4.771377152,16.385568768,4.551168,0.0
1185,backward,79,104.9,1.781334016,4.771377152,16.38531072,4.551168,0.0
1185,optimizer,79,0.0,1.781334016,4.771377152,16.38531072,4.551168,0.0
1186,forward,79,185.7,1.781334016,4.771602432,16.385048576,4.555026432,0.0
1186,backward,79,78.7,1.781334016,4.771602432,16.385048576,4.555026432,0.0
1186,optimizer,79,553.9,1.781334016,4.771602432,16.385048576,4.555026432,0.0
1187,forward,79,148.4,1.781334016,4.771631104,16.385048576,4.558794752,0.0
1187,backward,72,132.0,1.781334016,4.771631104,16.385048576,4.558794752,0.0
1187,optimizer,72,0.0,1.781334016,4.771631104,16.385048576,4.55882752,0.0
1188,forward,72,143.0,1.781334016,4.77161472,16.385048576,4.56267776,0.0
1188,backward,72,104.7,1.781334016,4.77161472,16.385048576,4.56267776,0.0
1188,optimizer,72,0.0,1.781334016,4.77161472,16.385048576,4.56267776,0.0
1189,forward,72,175.1,1.781334016,4.771438592,16.385048576,4.566417408,0.0
1189,backward,72,104.0,1.781334016,4.771438592,16.385048576,4.566417408,0.0
1189,optimizer,72,0.0,1.781334016,4.771438592,16.385048576,4.566417408,0.0
1190,forward,72,182.0,1.781334016,4.771598336,16.385048576,4.57025536,0.0
1190,backward,82,78.9,1.781334016,4.771598336,16.385048576,4.57025536,0.0
1190,optimizer,82,560.5,1.781334016,4.771598336,16.385048576,4.57025536,0.0
1191,forward,82,184.5,1.781334016,4.771762176,16.385048576,4.574056448,0.0
1191,backward,82,77.8,1.781334016,4.771762176,16.385048576,4.574056448,0.0
1191,optimizer,82,481.3,1.781334016,4.771762176,16.385048576,4.574089216,0.0
1192,forward,82,177.4,1.781334016,4.771586048,16.385048576,4.577972224,0.0
1192,backward,82,79.3,1.781334016,4.771586048,16.385048576,4.577972224,0.0
1192,optimizer,82,562.2,1.781334016,4.771586048,16.385048576,4.577972224,0.0
1193,forward,82,179.7,1.781334016,4.771713024,16.385048576,4.581789696,0.0
1193,backward,81,78.3,1.781334016,4.771713024,16.385048576,4.581789696,0.0
1193,optimizer,81,0.0,1.781334016,4.771713024,16.385048576,4.581789696,0.0
1194,forward,81,147.1,1.781334016,4.77151232,16.385048576,4.585607168,0.0
1194,backward,81,103.2,1.781334016,4.77151232,16.384790528,4.585607168,0.0
1194,optimizer,81,0.0,1.781334016,4.77151232,16.384790528,4.585607168,0.0
1195,forward,81,199.9,1.781334016,4.771586048,16.385306624,4.589355008,0.0
1195,backward,81,103.4,1.781334016,4.771586048,16.385048576,4.589355008,0.0
1195,optimizer,81,0.0,1.781334016,4.771586048,16.385048576,4.589355008,0.0
1196,forward,77,175.2,1.781334016,4.771897344,16.385048576,4.593225728,0.0
1196,backward,77,105.8,1.781334016,4.771897344,16.385048576,4.593225728,0.0
1196,optimizer,77,0.0,1.781334016,4.771897344,16.385048576,4.593225728,0.0
1197,forward,77,180.3,1.781334016,4.771741696,16.385048576,4.597010432,0.0
1197,backward,77,104.6,1.781334016,4.771741696,16.385048576,4.597010432,0.0
1197,optimizer,77,0.0,1.781334016,4.771741696,16.385048576,4.597010432,0.0
1198,forward,77,179.2,1.781334016,4.771811328,16.385048576,4.600762368,0.0
1198,backward,77,103.8,1.781334016,4.771811328,16.385048576,4.600762368,0.0
1198,optimizer,77,0.0,1.781334016,4.772040704,16.385048576,4.600795136,0.0
1199,forward,79,185.2,1.781334016,4.77206528,16.385564672,4.604608512,0.0
1199,backward,79,104.5,1.781334016,4.77206528,16.385564672,4.604628992,0.0
1199,optimizer,79,0.0,1.781334016,4.77206528,16.385564672,4.604628992,0.0
1200,forward,79,181.0,1.781334016,4.771803136,16.385564672,4.608454656,0.0
1200,backward,79,77.1,1.781334016,4.771803136,16.385564672,4.608454656,0.0
1200,optimizer,79,559.5,1.781334016,4.771803136,16.385564672,4.608454656,0.0
1201,forward,79,205.1,1.781334016,4.771643392,16.385564672,4.612288512,0.0
1201,backward,79,79.0,1.781334016,4.771643392,16.385564672,4.612288512,0.0
1201,optimizer,79,453.8,1.781334016,4.771643392,16.385564672,4.612313088,0.0
1202,forward,79,156.3,1.781334016,4.772171776,16.385564672,4.616040448,0.0
1202,backward,79,80.4,1.781334016,4.772171776,16.385564672,4.616040448,0.0
1202,optimizer,79,0.0,1.781334016,4.772171776,16.385564672,4.616040448,0.0
1203,forward,79,144.3,1.781334016,4.772134912,16.385564672,4.61985792,0.0
1203,backward,79,104.1,1.781334016,4.772134912,16.385564672,4.61985792,0.0
1203,optimizer,79,0.0,1.781334016,4.772134912,16.385564672,4.61985792,0.0
1204,forward,79,179.0,1.781334016,4.771999744,16.385564672,4.623740928,0.0
1204,backward,74,104.8,1.781334016,4.771999744,16.385564672,4.623740928,0.0
1204,optimizer,74,0.0,1.781334016,4.771999744,16.385564672,4.62374912,0.0
1205,forward,74,176.6,1.781334016,4.772192256,16.385306624,4.627451904,0.0
1205,backward,74,104.9,1.781334016,4.772192256,16.385048576,4.627451904,0.0
1205,optimizer,74,0.0,1.781334016,4.772192256,16.385048576,4.627451904,0.0
1206,forward,74,183.0,1.781334016,4.77208576,16.385048576,4.631293952,0.0
1206,backward,74,101.9,1.781334016,4.77208576,16.385048576,4.631293952,0.0
1206,optimizer,74,0.0,1.781334016,4.77208576,16.385048576,4.631293952,0.0
1207,forward,74,218.5,1.781334016,4.772503552,16.384790528,4.635041792,0.0
1207,backward,80,78.8,1.781334016,4.772503552,16.384790528,4.635041792,0.0
1207,optimizer,80,556.2,1.781334016,4.772503552,16.384790528,4.635041792,0.0
1208,forward,80,176.9,1.781334016,4.7724544,16.384790528,4.638797824,0.0
1208,backward,80,103.7,1.781334016,4.7724544,16.384790528,4.638797824,0.0
1208,optimizer,80,0.0,1.781334016,4.7724544,16.384790528,4.638814208,0.0
1209,forward,80,143.1,1.781334016,4.772184064,16.384790528,4.642689024,0.0
1209,backward,80,79.2,1.781334016,4.772184064,16.384790528,4.642689024,0.0
1209,optimizer,80,1119.6,1.781334016,4.772184064,16.384790528,4.642689024,0.0
1210,forward,80,141.0,1.781334016,4.772052992,16.384790528,4.646514688,0.0
1210,backward,79,104.3,1.781334016,4.772192256,16.384790528,4.646514688,0.0
1210,optimizer,79,0.0,1.781334016,4.772196352,16.384790528,4.646531072,0.0
1211,forward,79,181.1,1.781334016,4.772323328,16.384790528,4.650287104,0.0
1211,backward,79,103.8,1.781334016,4.772323328,16.384790528,4.650287104,0.0
1211,optimizer,79,0.0,1.781334016,4.772323328,16.384790528,4.650287104,0.0
1212,forward,79,175.7,1.781334016,4.772855808,16.384790528,4.65408,0.0
1212,backward,79,105.0,1.781334016,4.772855808,16.384790528,4.65408,0.0
1212,optimizer,79,0.0,1.781334016,4.772855808,16.384790528,4.65408,0.0
1213,forward,79,184.6,1.781334016,4.772532224,16.384790528,4.6578688,0.0
1213,backward,79,102.5,1.781334016,4.772532224,16.384790528,4.6578688,0.0
1213,optimizer,79,0.0,1.781334016,4.772532224,16.384790528,4.6578688,0.0
1214,forward,79,186.1,1.781334016,4.772794368,16.384790528,4.661551104,0.0
1214,backward,79,105.2,1.781334016,4.772794368,16.384790528,4.661551104,0.0
1214,optimizer,79,0.0,1.781334016,4.772794368,16.384790528,4.661551104,0.0
1215,forward,79,156.4,1.781334016,4.772646912,16.384790528,4.665417728,0.0
1215,backward,79,106.4,1.781334016,4.772646912,16.384790528,4.665417728,0.0
1215,optimizer,79,0.0,1.781334016,4.772646912,16.384790528,4.665417728,0.0
1216,forward,79,184.0,1.781334016,4.772728832,16.384790528,4.669251584,0.0
1216,backward,80,104.8,1.781334016,4.772728832,16.384790528,4.669251584,0.0
1216,optimizer,80,0.0,1.781334016,4.772728832,16.384790528,4.669251584,0.0
1217,forward,80,182.9,1.781334016,4.772814848,16.384790528,4.673015808,0.0
1217,backward,80,77.0,1.781334016,4.772814848,16.384790528,4.673015808,0.0
1217,optimizer,80,551.7,1.781334016,4.772814848,16.384790528,4.673015808,0.0
1218,forward,80,169.1,1.781334016,4.773228544,16.384790528,4.67673088,0.0
1218,backward,80,107.2,1.781334016,4.773228544,16.384790528,4.67673088,0.0
1218,optimizer,80,0.0,1.781334016,4.773228544,16.384790528,4.67673088,0.0
1219,forward,71,173.1,1.781334016,4.77298688,16.384790528,4.680548352,0.0
1219,backward,71,103.3,1.781334016,4.77298688,16.384790528,4.680548352,0.0
1219,optimizer,71,0.0,1.781334016,4.77298688,16.384790528,4.68056064,0.0
1220,forward,71,180.7,1.781334016,4.772970496,16.384790528,4.684271616,0.0
1220,backward,71,105.5,1.781334016,4.772970496,16.384790528,4.684271616,0.0
1220,optimizer,71,0.0,1.781334016,4.772970496,16.384790528,4.684292096,0.0
1221,forward,71,182.7,1.781334016,4.77310976,16.384790528,4.688125952,0.0
1221,backward,71,104.5,1.781334016,4.77310976,16.384790528,4.688142336,0.0
1221,optimizer,71,0.0,1.781334016,4.77310976,16.384790528,4.688142336,0.0
1222,forward,79,145.1,1.781334016,4.77329408,16.384790528,4.691976192,0.0
1222,backward,79,102.8,1.781334016,4.77329408,16.384790528,4.691976192,0.0
1222,optimizer,79,0.0,1.781334016,4.77329408,16.384790528,4.691976192,0.0
1223,forward,79,211.4,1.781334016,4.773330944,16.384790528,4.695732224,0.0
1223,backward,79,104.9,1.781334016,4.773330944,16.384790528,4.695732224,0.0
1223,optimizer,79,0.0,1.781334016,4.773330944,16.384790528,4.695732224,0.0
1224,forward,79,146.1,1.781334016,4.773343232,16.384790528,4.699508736,0.0
1224,backward,79,128.8,1.781334016,4.773343232,16.384790528,4.699508736,0.0
1224,optimizer,79,0.0,1.781334016,4.773343232,16.384790528,4.699508736,0.0
1225,forward,79,178.4,1.781334016,4.773072896,16.384790528,4.703358976,0.0
1225,backward,79,79.1,1.781334016,4.773072896,16.384790528,4.703358976,0.0
1225,optimizer,79,559.6,1.781334016,4.773072896,16.384790528,4.703358976,0.0
1226,forward,79,178.1,1.781334016,4.773175296,16.384790528,4.70720512,0.0
1226,backward,79,104.1,1.781334016,4.773175296,16.384790528,4.70720512,0.0
1226,optimizer,79,0.0,1.781334016,4.773175296,16.384790528,4.70720512,0.0
1227,forward,79,176.7,1.781334016,4.7735808,16.384790528,4.710879232,0.0
1227,backward,79,105.1,1.781334016,4.7735808,16.384790528,4.710879232,0.0
1227,optimizer,79,0.0,1.781334016,4.7735808,16.384790528,4.710879232,0.0
1228,forward,79,180.7,1.781334016,4.773699584,16.384790528,4.714647552,0.0
1228,backward,79,78.8,1.781334016,4.773699584,16.384790528,4.714647552,0.0
1228,optimizer,79,556.4,1.781334016,4.773699584,16.384790528,4.714647552,0.0
1229,forward,79,175.4,1.781334016,4.773306368,16.385048576,4.718505984,0.0
1229,backward,79,102.6,1.781334016,4.773306368,16.385048576,4.718522368,0.0
1229,optimizer,79,0.0,1.781334016,4.773306368,16.385048576,4.718522368,0.0
1230,forward,79,178.3,1.781334016,4.773261312,16.385048576,4.722331648,0.0
1230,backward,79,104.9,1.781334016,4.773261312,16.385048576,4.722331648,0.0
1230,optimizer,79,0.0,1.781334016,4.773261312,16.385048576,4.722331648,0.0
1231,forward,79,178.5,1.781334016,4.773740544,16.385048576,4.726124544,0.0
1231,backward,79,103.3,1.781334016,4.773740544,16.385048576,4.726124544,0.0
1231,optimizer,79,0.0,1.781334016,4.773748736,16.385048576,4.726124544,0.0
1232,forward,79,188.3,1.781334016,4.773658624,16.385048576,4.72999936,0.0
1232,backward,79,79.5,1.781334016,4.773658624,16.385048576,4.72999936,0.0
1232,optimizer,79,550.4,1.781334016,4.773658624,16.385048576,4.72999936,0.0
1233,forward,79,144.1,1.781334016,4.773543936,16.385048576,4.733759488,0.0
1233,backward,75,104.6,1.781334016,4.773543936,16.385048576,4.733759488,0.0
1233,optimizer,75,0.0,1.781334016,4.773543936,16.385048576,4.733759488,0.0
1234,forward,75,177.9,1.781334016,4.773855232,16.385048576,4.73759744,0.0
1234,backward,75,105.0,1.781334016,4.773855232,16.385048576,4.73759744,0.0
1234,optimizer,75,0.0,1.781334016,4.773855232,16.385048576,4.73759744,0.0
1235,forward,75,179.3,1.781334016,4.773900288,16.385048576,4.741361664,0.0
1235,backward,75,102.0,1.781334016,4.773900288,16.385048576,4.741361664,0.0
1235,optimizer,75,0.0,1.781334016,4.773900288,16.385048576,4.741378048,0.0
1236,forward,75,186.6,1.781334016,4.773752832,16.385048576,4.745138176,0.0
1236,backward,82,104.3,1.781334016,4.773752832,16.385048576,4.745138176,0.0
1236,optimizer,82,0.0,1.781334016,4.773752832,16.385048576,4.745138176,0.0
1237,forward,82,176.6,1.781334016,4.773879808,16.385048576,4.74898432,0.0
1237,backward,82,105.4,1.781334016,4.773879808,16.385048576,4.74898432,0.0
1237,optimizer,82,0.0,1.781334016,4.773879808,16.385048576,4.74898432,0.0
1238,forward,82,179.4,1.781334016,4.773752832,16.385048576,4.752818176,0.0
1238,backward,82,77.5,1.781334016,4.773752832,16.385048576,4.752842752,0.0
1238,optimizer,82,0.0,1.781334016,4.773752832,16.385048576,4.752842752,0.0
1239,forward,77,173.7,1.781334016,4.773572608,16.385048576,4.756639744,0.0
1239,backward,77,105.4,1.781334016,4.773572608,16.385048576,4.756639744,0.0
1239,optimizer,77,0.0,1.781334016,4.773572608,16.385048576,4.756639744,0.0
1240,forward,77,177.0,1.781334016,4.77401088,16.385048576,4.760543232,0.0
1240,backward,77,101.8,1.781334016,4.77401088,16.385048576,4.760547328,0.0
1240,optimizer,77,0.0,1.781334016,4.77401088,16.385048576,4.760547328,0.0
1241,forward,77,172.8,1.781334016,4.773974016,16.385048576,4.764332032,0.0
1241,backward,77,104.7,1.781334016,4.773974016,16.385048576,4.764332032,0.0
1241,optimizer,77,0.0,1.781334016,4.773974016,16.385048576,4.764332032,0.0
1242,forward,75,180.0,1.781334016,4.773982208,16.385048576,4.768206848,0.0
1242,backward,75,103.6,1.781334016,4.773982208,16.385048576,4.768206848,0.0
1242,optimizer,75,0.0,1.781334016,4.773982208,16.385048576,4.768206848,0.0
1243,forward,75,210.7,1.781334016,4.774096896,16.385048576,4.77200384,0.0
1243,backward,75,106.1,1.781334016,4.774096896,16.384790528,4.77200384,0.0
1243,optimizer,75,0.0,1.781334016,4.774096896,16.384790528,4.77200384,0.0
1244,forward,75,180.6,1.781334016,4.774158336,16.384790528,4.775796736,0.0
1244,backward,75,104.5,1.781334016,4.774158336,16.384790528,4.775796736,0.0
1244,optimizer,75,0.0,1.781334016,4.774158336,16.384790528,4.775796736,0.0
1245,forward,79,179.0,1.781334016,4.774129664,16.384790528,4.779565056,0.0
1245,backward,79,103.8,1.781334016,4.774129664,16.384790528,4.779565056,0.0
1245,optimizer,79,0.0,1.781334016,4.773998592,16.384790528,4.779593728,0.0
1246,forward,79,141.5,1.781334016,4.773605376,16.384790528,4.783456256,0.0
1246,backward,79,105.3,1.781334016,4.773605376,16.384790528,4.783456256,0.0
1246,optimizer,79,0.0,1.781334016,4.773605376,16.384790528,4.783456256,0.0
1247,forward,79,223.4,1.781334016,4.774170624,16.384790528,4.787150848,0.0
1247,backward,71,103.3,1.781334016,4.774170624,16.38453248,4.787150848,0.0
1247,optimizer,71,0.0,1.781334016,4.774170624,16.38453248,4.787150848,0.0
1248,forward,71,175.1,1.781334016,4.774117376,16.38453248,4.790996992,0.0
1248,backward,71,105.6,1.781334016,4.774117376,16.38453248,4.790996992,0.0
1248,optimizer,71,0.0,1.781334016,4.774117376,16.38453248,4.790996992,0.0
1249,forward,71,178.4,1.781334016,4.774354944,16.38453248,4.794748928,0.0
1249,backward,71,104.4,1.781334016,4.774354944,16.384274432,4.794748928,0.0
1249,optimizer,71,0.0,1.781334016,4.774354944,16.384274432,4.794748928,0.0
1250,forward,71,143.0,1.781334016,4.774477824,16.384274432,4.798590976,0.0
1250,backward,79,102.7,1.781334016,4.774477824,16.384274432,4.798590976,0.0
1250,optimizer,79,0.0,1.781334016,4.774477824,16.384274432,4.798590976,0.0
1251,forward,79,175.8,1.781334016,4.774555648,16.384274432,4.802404352,0.0
1251,backward,79,105.1,1.781334016,4.774555648,16.384274432,4.802404352,0.0
1251,optimizer,79,0.0,1.781334016,4.774555648,16.384274432,4.802404352,0.0
1252,forward,79,216.9,1.781334016,4.774506496,16.384274432,4.806234112,0.0
1252,backward,79,102.0,1.781334016,4.774506496,16.384274432,4.806234112,0.0
1252,optimizer,79,0.0,1.781334016,4.774506496,16.384274432,4.806238208,0.0
1253,forward,79,181.0,1.781334016,4.774367232,16.38453248,4.810047488,0.0
1253,backward,82,105.1,1.781334016,4.774367232,16.384274432,4.810047488,0.0
1253,optimizer,82,0.0,1.781334016,4.7746048,16.384274432,4.810047488,0.0
1254,forward,82,191.3,1.781334016,4.774633472,16.384274432,4.813750272,0.0
1254,backward,82,79.5,1.781334016,4.774633472,16.384274432,4.813750272,0.0
1254,optimizer,82,563.5,1.781334016,4.774633472,16.384274432,4.813750272,0.0
1255,forward,82,180.5,1.781334016,4.774526976,16.384274432,4.817588224,0.0
1255,backward,82,104.8,1.781334016,4.774526976,16.384274432,4.817588224,0.0
1255,optimizer,82,0.0,1.781334016,4.774526976,16.384274432,4.817588224,0.0
1256,forward,82,179.1,1.781334016,4.77464576,16.384274432,4.821344256,0.0
1256,backward,78,102.5,1.781334016,4.77464576,16.384274432,4.821344256,0.0
1256,optimizer,78,0.0,1.781334016,4.77464576,16.384274432,4.821344256,0.0
1257,forward,78,179.4,1.781334016,4.7745024,16.384274432,4.825174016,0.0
1257,backward,78,104.6,1.781334016,4.7745024,16.384274432,4.825174016,0.0
1257,optimizer,78,0.0,1.781334016,4.7745024,16.384274432,4.825174016,0.0
1258,forward,78,181.2,1.781334016,4.77489152,16.384274432,4.829016064,0.0
1258,backward,78,102.8,1.781334016,4.77489152,16.384274432,4.829016064,0.0
1258,optimizer,78,0.0,1.781334016,4.77489152,16.384274432,4.829016064,0.0
1259,forward,80,180.0,1.781334016,4.774862848,16.384016384,4.832718848,0.0
1259,backward,80,105.6,1.781334016,4.774862848,16.384274432,4.832718848,0.0
1259,optimizer,80,0.0,1.781334016,4.774862848,16.384274432,4.832718848,0.0
1260,forward,80,182.9,1.781334016,4.774948864,16.384274432,4.83653632,0.0
1260,backward,80,104.3,1.781334016,4.774948864,16.38453248,4.83653632,0.0
1260,optimizer,80,0.0,1.781334016,4.774948864,16.38453248,4.83653632,0.0
1261,forward,80,217.2,1.781334016,4.775235584,16.38453248,4.84030464,0.0
1261,backward,80,77.3,1.781334016,4.775235584,16.38453248,4.84030464,0.0
1261,optimizer,80,561.2,1.781334016,4.775235584,16.38453248,4.84030464,0.0
1262,forward,80,141.9,1.781334016,4.77493248,16.38453248,4.844142592,0.0
1262,backward,80,105.0,1.781334016,4.77493248,16.38453248,4.844142592,0.0
1262,optimizer,80,0.0,1.781334016,4.77493248,16.38453248,4.844142592,0.0
1263,forward,80,174.1,1.781334016,4.774780928,16.38453248,4.848001024,0.0
1263,backward,80,102.0,1.781334016,4.774780928,16.38453248,4.848001024,0.0
1263,optimizer,80,0.0,1.781334016,4.774780928,16.38453248,4.848001024,0.0
1264,forward,80,208.4,1.781334016,4.774711296,16.38453248,4.851769344,0.0
1264,backward,80,78.5,1.781334016,4.774711296,16.38453248,4.851769344,0.0
1264,optimizer,80,559.4,1.781334016,4.774711296,16.38453248,4.851769344,0.0
1265,forward,79,142.1,1.781334016,4.775043072,16.38453248,4.855590912,0.0
1265,backward,79,102.8,1.781334016,4.775043072,16.384274432,4.855590912,0.0
1265,optimizer,79,562.7,1.781334016,4.775043072,16.384274432,4.855590912,0.0
1266,forward,79,174.6,1.781334016,4.775153664,16.383758336,4.859437056,0.0
1266,backward,79,105.5,1.781334016,4.775153664,16.383758336,4.859437056,0.0
1266,optimizer,79,0.0,1.781334016,4.775153664,16.383758336,4.859441152,0.0
1267,forward,79,168.8,1.781334016,4.774969344,16.383758336,4.863176704,0.0
1267,backward,79,78.9,1.781334016,4.774969344,16.383758336,4.863176704,0.0
1267,optimizer,75,560.5,1.781334016,4.774969344,16.383758336,4.863176704,0.0
1268,forward,75,177.8,1.781334016,4.775329792,16.383500288,4.866932736,0.0
1268,backward,75,104.9,1.781334016,4.775329792,16.383500288,4.866932736,0.0
1268,optimizer,75,0.0,1.781334016,4.775329792,16.383500288,4.866932736,0.0
1269,forward,75,183.1,1.781334016,4.775149568,16.383500288,4.870774784,0.0
1269,backward,75,76.6,1.781334016,4.775149568,16.383500288,4.870774784,0.0
1269,optimizer,75,554.6,1.781334016,4.775149568,16.383500288,4.870774784,0.0
1270,forward,75,173.8,1.781334016,4.775268352,16.383500288,4.874584064,0.0
1270,backward,80,78.4,1.781334016,4.775268352,16.383500288,4.874584064,0.0
1270,optimizer,80,517.5,1.781334016,4.775497728,16.383500288,4.87458816,0.0
1271,forward,80,178.0,1.781334016,4.775501824,16.383500288,4.87827456,0.0
1271,backward,80,77.0,1.781334016,4.775501824,16.383500288,4.87827456,0.0
1271,optimizer,80,1122.7,1.781334016,4.775501824,16.383500288,4.87827456,0.0
1272,forward,80,176.1,1.781334016,4.775616512,16.383758336,4.882026496,0.0
1272,backward,80,79.1,1.781334016,4.775616512,16.383500288,4.882026496,0.0
1272,optimizer,80,0.0,1.781334016,4.775616512,16.383500288,4.88204288,0.0
1273,forward,80,157.4,1.781334016,4.775563264,16.382984192,4.885786624,0.0
1273,backward,76,79.8,1.781334016,4.775563264,16.38324224,4.885786624,0.0
1273,optimizer,76,555.9,1.781334016,4.775563264,16.38324224,4.885786624,0.0
1274,forward,76,174.7,1.781334016,4.775387136,16.383758336,4.88962048,0.0
1274,backward,76,105.3,1.781334016,4.775387136,16.383758336,4.88962048,0.0
1274,optimizer,76,0.0,1.781334016,4.775387136,16.383758336,4.889624576,0.0
1275,forward,76,141.5,1.781334016,4.775424,16.383758336,4.893487104,0.0
1275,backward,76,104.1,1.781334016,4.775424,16.383758336,4.893487104,0.0
1275,optimizer,76,0.0,1.781334016,4.775424,16.383758336,4.893487104,0.0
1276,forward,76,217.0,1.781334016,4.775763968,16.384274432,4.89734144,0.0
1276,backward,81,105.1,1.781334016,4.775763968,16.384274432,4.89734144,0.0
1276,optimizer,81,0.0,1.781334016,4.775763968,16.384274432,4.89734144,0.0
1277,forward,81,171.1,1.781334016,4.775870464,16.384274432,4.90125312,0.0
1277,backward,81,102.0,1.781334016,4.775870464,16.384274432,4.90125312,0.0
1277,optimizer,81,0.0,1.781334016,4.775870464,16.384274432,4.90125312,0.0
1278,forward,81,141.9,1.781334016,4.775829504,16.384274432,4.90498048,0.0
1278,backward,81,104.4,1.781334016,4.775829504,16.384274432,4.90498048,0.0
1278,optimizer,81,0.0,1.781334016,4.775829504,16.384274432,4.90498048,0.0
1279,forward,81,216.2,1.781334016,4.775706624,16.384274432,4.908843008,0.0
1279,backward,81,103.6,1.781334016,4.775706624,16.384016384,4.908843008,0.0
1279,optimizer,81,0.0,1.781334016,4.775706624,16.384016384,4.908843008,0.0
1280,forward,81,185.0,1.781334016,4.775596032,16.384016384,4.912586752,0.0
1280,backward,81,105.5,1.781334016,4.775596032,16.384016384,4.912586752,0.0
1280,optimizer,81,0.0,1.781334016,4.775596032,16.384016384,4.912586752,0.0
1281,forward,81,174.6,1.781334016,4.775583744,16.38453248,4.916371456,0.0
1281,backward,81,104.9,1.781334016,4.775583744,16.38453248,4.916371456,0.0
1281,optimizer,81,0.0,1.781334016,4.775583744,16.38453248,4.916371456,0.0
1282,forward,80,168.6,1.781334016,4.775886848,16.385048576,4.920225792,0.0
1282,backward,80,104.7,1.781334016,4.775886848,16.385048576,4.920225792,0.0
1282,optimizer,80,0.0,1.781334016,4.775886848,16.385048576,4.92023808,0.0
1283,forward,80,211.0,1.781334016,4.776083456,16.385048576,4.92406784,0.0
1283,backward,80,104.6,1.781334016,4.776083456,16.385048576,4.92406784,0.0
1283,optimizer,80,0.0,1.781334016,4.775952384,16.385048576,4.924084224,0.0
1284,forward,80,144.2,1.781334016,4.776157184,16.385048576,4.927787008,0.0
1284,backward,80,102.6,1.781334016,4.776157184,16.385048576,4.927787008,0.0
1284,optimizer,80,0.0,1.781334016,4.776157184,16.385048576,4.927787008,0.0
1285,forward,78,169.7,1.781334016,4.776071168,16.385048576,4.931653632,0.0
1285,backward,78,104.5,1.781334016,4.776071168,16.385048576,4.931653632,0.0
1285,optimizer,78,559.6,1.781334016,4.776071168,16.385048576,4.931653632,0.0
1286,forward,78,152.7,1.781334016,4.77609984,16.385048576,4.93545472,0.0
1286,backward,78,105.8,1.781334016,4.77609984,16.385048576,4.93545472,0.0
1286,optimizer,78,0.0,1.781334016,4.77609984,16.385048576,4.93545472,0.0
1287,forward,78,212.7,1.781334016,4.776083456,16.385564672,4.939259904,0.0
1287,backward,78,78.2,1.781334016,4.776083456,16.385564672,4.939259904,0.0
1287,optimizer,78,555.0,1.781334016,4.776083456,16.385564672,4.939259904,0.0
1288,forward,76,143.3,1.781334016,4.776083456,16.385306624,4.942999552,0.0
1288,backward,76,103.2,1.781334016,4.776083456,16.385306624,4.942999552,0.0
1288,optimizer,76,0.0,1.781334016,4.776083456,16.385306624,4.943015936,0.0
1289,forward,76,184.0,1.781334016,4.776374272,16.38582272,4.946735104,0.0
1289,backward,76,105.4,1.781334016,4.776374272,16.38582272,4.946735104,0.0
1289,optimizer,76,0.0,1.781334016,4.776374272,16.38582272,4.946735104,0.0
1290,forward,76,180.1,1.781334016,4.776296448,16.38582272,4.950634496,0.0
1290,backward,76,128.6,1.781334016,4.776296448,16.38582272,4.950634496,0.0
1290,optimizer,76,0.0,1.781334016,4.776296448,16.38582272,4.950634496,0.0
1291,forward,80,157.3,1.781334016,4.776259584,16.38582272,4.95450112,0.0
1291,backward,80,103.5,1.781334016,4.776259584,16.38582272,4.95450112,0.0
1291,optimizer,80,0.0,1.781334016,4.776259584,16.38582272,4.95450112,0.0
1292,forward,80,184.5,1.781334016,4.776255488,16.385564672,4.958232576,0.0
1292,backward,80,105.1,1.781334016,4.776255488,16.385564672,4.958232576,0.0
1292,optimizer,80,0.0,1.781334016,4.776255488,16.385564672,4.958232576,0.0
1293,forward,80,199.8,1.781334016,4.77607936,16.385564672,4.96211968,0.0
1293,backward,70,105.8,1.781334016,4.77607936,16.385564672,4.96211968,0.0
1293,optimizer,70,0.0,1.781334016,4.77607936,16.385564672,4.96211968,0.0
1294,forward,70,181.6,1.781334016,4.776337408,16.385564672,4.965830656,0.0
1294,backward,70,104.3,1.781334016,4.776337408,16.385306624,4.965830656,0.0
1294,optimizer,70,0.0,1.781334016,4.776337408,16.385306624,4.965830656,0.0
1295,forward,70,178.7,1.781334016,4.776083456,16.385306624,4.969680896,0.0
1295,backward,70,104.8,1.781334016,4.776083456,16.385306624,4.969680896,0.0
1295,optimizer,70,0.0,1.781334016,4.776312832,16.385306624,4.969680896,0.0
1296,forward,70,217.3,1.781334016,4.776783872,16.385306624,4.973346816,0.0
1296,backward,78,102.2,1.781334016,4.776783872,16.385306624,4.973346816,0.0
1296,optimizer,78,0.0,1.781334016,4.776783872,16.385306624,4.973346816,0.0
1297,forward,78,173.2,1.781334016,4.776902656,16.385306624,4.977164288,0.0
1297,backward,78,104.5,1.781334016,4.776902656,16.385306624,4.977164288,0.0
1297,optimizer,78,0.0,1.781334016,4.776902656,16.385306624,4.977164288,0.0
1298,forward,78,208.3,1.781334016,4.77671424,16.385306624,4.980973568,0.0
1298,backward,78,78.9,1.781334016,4.77671424,16.385306624,4.980973568,0.0
1298,optimizer,78,475.2,1.781334016,4.77671424,16.385306624,4.981006336,0.0
1299,forward,76,145.8,1.781334016,4.776587264,16.385306624,4.984733696,0.0
1299,backward,76,104.4,1.781334016,4.776587264,16.385306624,4.984733696,0.0
1299,optimizer,76,0.0,1.781334016,4.776587264,16.385306624,4.984733696,0.0
1300,forward,76,183.3,1.781334016,4.77677568,16.385306624,4.988444672,0.0
1300,backward,76,101.8,1.781334016,4.77677568,16.385306624,4.988444672,0.0
1300,optimizer,76,0.0,1.781334016,4.77677568,16.385306624,4.988444672,0.0
1301,forward,76,181.3,1.781334016,4.776771584,16.384790528,4.992126976,0.0
1301,backward,76,104.8,1.781334016,4.776771584,16.384790528,4.992126976,0.0
1301,optimizer,76,0.0,1.781334016,4.776771584,16.384790528,4.992126976,0.0
1302,forward,80,177.8,1.781334016,4.7773696,16.384790528,4.99595264,0.0
1302,backward,80,103.6,1.781334016,4.7773696,16.384790528,4.99595264,0.0
1302,optimizer,80,0.0,1.781334016,4.7773696,16.384790528,4.99595264,0.0
1303,forward,80,203.1,1.781334016,4.777291776,16.384790528,4.999798784,0.0
1303,backward,80,105.2,1.781334016,4.777291776,16.384790528,4.999798784,0.0
1303,optimizer,80,0.0,1.781334016,4.777291776,16.384790528,4.999798784,0.0
1304,forward,80,190.7,1.781334016,4.777029632,16.384790528,5.003538432,0.0
1304,backward,80,78.7,1.781334016,4.777029632,16.385048576,5.003538432,0.0
1304,optimizer,80,0.0,1.781334016,4.777029632,16.385048576,5.003538432,0.0
1305,forward,74,219.0,1.781334016,4.777132032,16.385048576,5.007323136,0.0
1305,backward,74,104.8,1.781334016,4.777132032,16.385048576,5.007323136,0.0
1305,optimizer,74,0.0,1.781334016,4.777132032,16.385048576,5.007323136,0.0
1306,forward,74,141.1,1.781334016,4.777418752,16.385048576,5.011185664,0.0
1306,backward,74,102.1,1.781334016,4.777418752,16.385048576,5.011185664,0.0
1306,optimizer,74,0.0,1.781334016,4.777418752,16.385048576,5.011185664,0.0
1307,forward,74,181.9,1.781334016,4.777357312,16.385048576,5.014884352,0.0
1307,backward,80,104.6,1.781334016,4.777357312,16.385048576,5.014884352,0.0
1307,optimizer,80,0.0,1.781334016,4.777357312,16.385048576,5.014884352,0.0
1308,forward,80,182.8,1.781334016,4.777381888,16.385048576,5.01866496,0.0
1308,backward,80,103.3,1.781334016,4.777381888,16.385048576,5.01866496,0.0
1308,optimizer,80,0.0,1.781334016,4.777381888,16.385048576,5.01866496,0.0
1309,forward,80,181.1,1.781334016,4.77718528,16.385048576,5.022498816,0.0
1309,backward,80,105.4,1.781334016,4.77718528,16.385048576,5.022498816,0.0
1309,optimizer,80,0.0,1.781334016,4.77718528,16.385048576,5.022498816,0.0
1310,forward,80,176.2,1.781334016,4.777402368,16.385048576,5.026422784,0.0
1310,backward,80,104.5,1.781334016,4.777402368,16.384790528,5.026422784,0.0
1310,optimizer,80,0.0,1.781334016,4.777402368,16.384790528,5.026422784,0.0
1311,forward,80,179.0,1.781334016,4.77751296,16.384790528,5.030158336,0.0
1311,backward,80,102.6,1.781334016,4.77751296,16.384790528,5.030158336,0.0
1311,optimizer,80,558.8,1.781334016,4.77751296,16.384790528,5.030158336,0.0
1312,forward,80,142.9,1.781334016,4.777467904,16.384790528,5.034012672,0.0
1312,backward,80,78.7,1.781334016,4.777467904,16.384790528,5.034012672,0.0
1312,optimizer,80,560.8,1.781334016,4.777467904,16.384790528,5.034012672,0.0
1313,forward,80,180.7,1.781334016,4.7776768,16.384790528,5.037768704,0.0
1313,backward,80,102.9,1.781334016,4.7776768,16.384790528,5.037768704,0.0
1313,optimizer,80,0.0,1.781334016,4.7776768,16.384790528,5.037801472,0.0
1314,forward,80,158.2,1.781334016,4.777684992,16.384790528,5.04162304,0.0
1314,backward,80,103.6,1.781334016,4.777684992,16.385048576,5.04162304,0.0
1314,optimizer,80,0.0,1.781334016,4.777684992,16.385048576,5.04162304,0.0
1315,forward,80,176.2,1.781334016,4.777803776,16.385048576,5.04537088,0.0
1315,backward,80,105.5,1.781334016,4.777803776,16.385306624,5.04537088,0.0
1315,optimizer,80,0.0,1.781334016,4.777803776,16.385306624,5.04537088,0.0
1316,forward,80,180.9,1.781334016,4.777934848,16.385306624,5.049176064,0.0
1316,backward,80,104.2,1.781334016,4.777934848,16.385564672,5.049176064,0.0
1316,optimizer,80,0.0,1.781334016,4.777934848,16.385564672,5.049204736,0.0
1317,forward,80,175.6,1.781334016,4.777979904,16.385564672,5.053001728,0.0
1317,backward,80,104.6,1.781334016,4.777979904,16.38582272,5.053001728,0.0
1317,optimizer,80,0.0,1.781334016,4.777979904,16.38582272,5.053001728,0.0
1318,forward,80,183.9,1.781334016,4.777947136,16.38582272,5.056823296,0.0
1318,backward,80,104.5,1.781334016,4.777947136,16.38582272,5.056823296,0.0
1318,optimizer,80,0.0,1.781334016,4.777947136,16.38582272,5.056823296,0.0
1319,forward,80,144.6,1.781334016,4.777672704,16.38582272,5.060624384,0.0
1319,backward,80,101.9,1.781334016,4.777672704,16.38582272,5.060624384,0.0
1319,optimizer,80,0.0,1.781334016,4.777672704,16.38582272,5.060624384,0.0
1320,forward,80,188.5,1.781334016,4.777824256,16.38582272,5.064359936,0.0
1320,backward,80,104.0,1.781334016,4.777824256,16.38582272,5.064359936,0.0
1320,optimizer,80,0.0,1.781334016,4.777824256,16.38582272,5.064359936,0.0
1321,forward,80,208.8,1.781334016,4.777725952,16.38582272,5.06820608,0.0
1321,backward,80,106.0,1.781334016,4.777725952,16.38582272,5.06820608,0.0
1321,optimizer,80,0.0,1.781334016,4.777725952,16.38582272,5.06820608,0.0
1322,forward,74,176.5,1.781334016,4.778172416,16.38582272,5.072113664,0.0
1322,backward,74,104.7,1.781334016,4.778172416,16.385564672,5.072113664,0.0
1322,optimizer,74,0.0,1.781334016,4.778172416,16.385564672,5.072113664,0.0
1323,forward,74,145.9,1.781334016,4.778303488,16.385564672,5.075849216,0.0
1323,backward,74,104.0,1.781334016,4.778303488,16.385564672,5.075849216,0.0
1323,optimizer,74,0.0,1.781334016,4.778303488,16.385564672,5.075849216,0.0
1324,forward,74,159.1,1.781334016,4.778135552,16.385564672,5.07973632,0.0
1324,backward,74,103.5,1.781334016,4.778135552,16.385564672,5.07973632,0.0
1324,optimizer,74,0.0,1.781334016,4.778135552,16.385564672,5.07973632,0.0
1325,forward,74,178.0,1.781334016,4.777975808,16.385564672,5.083516928,0.0
1325,backward,74,104.9,1.781334016,4.777975808,16.385564672,5.083516928,0.0
1325,optimizer,74,0.0,1.781334016,4.777975808,16.385564672,5.083516928,0.0
1326,forward,74,189.4,1.781334016,4.777828352,16.385564672,5.087318016,0.0
1326,backward,74,106.6,1.781334016,4.777828352,16.385564672,5.087318016,0.0
1326,optimizer,74,0.0,1.781334016,4.777828352,16.385564672,5.087318016,0.0
1327,forward,74,177.7,1.781334016,4.7780864,16.385564672,5.09118464,0.0
1327,backward,75,104.7,1.781334016,4.7780864,16.385564672,5.09118464,0.0
1327,optimizer,75,0.0,1.781334016,4.7780864,16.385564672,5.09118464,0.0
1328,forward,75,151.4,1.781334016,4.77796352,16.385564672,5.094879232,0.0
1328,backward,75,102.5,1.781334016,4.77796352,16.385564672,5.094879232,0.0
1328,optimizer,75,558.5,1.781334016,4.77796352,16.385564672,5.094879232,0.0
1329,forward,75,171.2,1.781334016,4.778582016,16.385564672,5.098594304,0.0
1329,backward,75,78.2,1.781334016,4.778582016,16.385564672,5.098594304,0.0
1329,optimizer,75,559.5,1.781334016,4.778582016,16.385564672,5.098594304,0.0
1330,forward,75,184.4,1.781334016,4.778430464,16.385564672,5.102321664,0.0
1330,backward,80,101.9,1.781334016,4.778430464,16.385564672,5.102321664,0.0
1330,optimizer,80,0.0,1.781334016,4.778430464,16.385564672,5.102321664,0.0
1331,forward,80,210.3,1.781334016,4.77835264,16.385564672,5.10611456,0.0
1331,backward,80,78.7,1.781334016,4.77835264,16.385564672,5.10611456,0.0
1331,optimizer,80,0.0,1.781334016,4.77835264,16.385564672,5.10611456,0.0
1332,forward,80,149.7,1.781334016,4.778983424,16.385564672,5.109809152,0.0
1332,backward,80,129.4,1.781334016,4.778983424,16.385564672,5.109809152,0.0
1332,optimizer,80,0.0,1.781334016,4.778983424,16.385564672,5.109809152,0.0
1333,forward,80,177.7,1.781334016,4.778819584,16.385564672,5.113634816,0.0
1333,backward,81,105.5,1.781334016,4.778819584,16.385564672,5.113634816,0.0
1333,optimizer,81,0.0,1.781334016,4.778819584,16.385564672,5.113634816,0.0
1334,forward,81,187.5,1.781334016,4.77894656,16.385564672,5.117415424,0.0
1334,backward,81,104.7,1.781334016,4.77894656,16.385564672,5.117415424,0.0
1334,optimizer,81,0.0,1.781334016,4.77894656,16.385564672,5.117415424,0.0
1335,forward,81,210.8,1.781334016,4.77908992,16.385564672,5.121069056,0.0
1335,backward,81,78.6,1.781334016,4.77908992,16.385564672,5.121069056,0.0
1335,optimizer,81,558.9,1.781334016,4.77908992,16.385564672,5.121069056,0.0
1336,forward,81,156.7,1.781334016,4.779032576,16.385564672,5.124886528,0.0
1336,backward,79,104.5,1.781334016,4.779032576,16.385564672,5.124886528,0.0
1336,optimizer,79,0.0,1.781334016,4.779032576,16.385564672,5.124886528,0.0
1337,forward,79,214.3,1.781334016,4.779008,16.385564672,5.128740864,0.0
1337,backward,79,78.8,1.781334016,4.779008,16.385564672,5.128740864,0.0
1337,optimizer,79,558.7,1.781334016,4.779008,16.385564672,5.128740864,0.0
1338,forward,79,146.1,1.781334016,4.779012096,16.385564672,5.132480512,0.0
1338,backward,79,101.9,1.781334016,4.779012096,16.385564672,5.132480512,0.0
1338,optimizer,79,0.0,1.781334016,4.77923328,16.385564672,5.132480512,0.0
1339,forward,78,182.4,1.781334016,4.779094016,16.385564672,5.136330752,0.0
1339,backward,78,104.8,1.781334016,4.779094016,16.385564672,5.136330752,0.0
1339,optimizer,78,0.0,1.781334016,4.779094016,16.385564672,5.136330752,0.0
1340,forward,78,212.1,1.781334016,4.779118592,16.385564672,5.140127744,0.0
1340,backward,78,103.8,1.781334016,4.779118592,16.385564672,5.140127744,0.0
1340,optimizer,78,0.0,1.781334016,4.779118592,16.385564672,5.140127744,0.0
1341,forward,78,143.2,1.781334016,4.779323392,16.385564672,5.143908352,0.0
1341,backward,78,105.2,1.781334016,4.779323392,16.385564672,5.143908352,0.0
1341,optimizer,78,0.0,1.781334016,4.779323392,16.385564672,5.143908352,0.0
1342,forward,80,189.1,1.781334016,4.77954048,16.385564672,5.147611136,0.0
1342,backward,80,78.5,1.781334016,4.77954048,16.385564672,5.147611136,0.0
1342,optimizer,80,559.3,1.781334016,4.77954048,16.385564672,5.147611136,0.0
1343,forward,80,175.9,1.781334016,4.779388928,16.385564672,5.151473664,0.0
1343,backward,80,102.6,1.781334016,4.779388928,16.385564672,5.151473664,0.0
1343,optimizer,80,0.0,1.781334016,4.779388928,16.385564672,5.151473664,0.0
1344,forward,80,165.0,1.781334016,4.779352064,16.385564672,5.155332096,0.0
1344,backward,80,104.8,1.781334016,4.779352064,16.385564672,5.155332096,0.0
1344,optimizer,80,0.0,1.781334016,4.779352064,16.385564672,5.155332096,0.0
1345,forward,79,178.8,1.781334016,4.779536384,16.385564672,5.159182336,0.0
1345,backward,79,101.9,1.781334016,4.779536384,16.385564672,5.159182336,0.0
1345,optimizer,79,0.0,1.781334016,4.779536384,16.385564672,5.159182336,0.0
1346,forward,79,180.7,1.781334016,4.779405312,16.385564672,5.163065344,0.0
1346,backward,79,104.6,1.781334016,4.779405312,16.385564672,5.163065344,0.0
1346,optimizer,79,0.0,1.781334016,4.779405312,16.385564672,5.163065344,0.0
1347,forward,79,175.8,1.781334016,4.779290624,16.385564672,5.16691968,0.0
1347,backward,79,103.2,1.781334016,4.779290624,16.385564672,5.16691968,0.0
1347,optimizer,79,0.0,1.781334016,4.779290624,16.385564672,5.16691968,0.0
1348,forward,79,209.3,1.781334016,4.77933568,16.385564672,5.170806784,0.0
1348,backward,79,105.0,1.781334016,4.77933568,16.385564672,5.170806784,0.0
1348,optimizer,79,0.0,1.781334016,4.77933568,16.385564672,5.170806784,0.0
1349,forward,79,178.5,1.781334016,4.779061248,16.385564672,5.174632448,0.0
1349,backward,79,104.2,1.781334016,4.779061248,16.385564672,5.174632448,0.0
1349,optimizer,79,0.0,1.781334016,4.779061248,16.385564672,5.174632448,0.0
1350,forward,79,144.9,1.781334016,4.779425792,16.385564672,5.178466304,0.0
1350,backward,79,104.2,1.781334016,4.779425792,16.385564672,5.178466304,0.0
1350,optimizer,79,0.0,1.781334016,4.779655168,16.385564672,5.178494976,0.0
1351,forward,79,176.5,1.781334016,4.77970432,16.385564672,5.182324736,0.0
1351,backward,79,104.4,1.781334016,4.77970432,16.385564672,5.182324736,0.0
1351,optimizer,79,0.0,1.781334016,4.77970432,16.385564672,5.182324736,0.0
1352,forward,79,177.0,1.781334016,4.779593728,16.386080768,5.18606848,0.0
1352,backward,79,102.4,1.781334016,4.779593728,16.386080768,5.18606848,0.0
1352,optimizer,79,0.0,1.781334016,4.779593728,16.386080768,5.18606848,0.0
1353,forward,79,175.1,1.781334016,4.779446272,16.386080768,5.189922816,0.0
1353,backward,79,105.0,1.781334016,4.779446272,16.386080768,5.189922816,0.0
1353,optimizer,79,0.0,1.781334016,4.779446272,16.386080768,5.189922816,0.0
1354,forward,79,182.9,1.781334016,4.77945856,16.386080768,5.193617408,0.0
1354,backward,79,102.3,1.781334016,4.77945856,16.386080768,5.193617408,0.0
1354,optimizer,79,558.8,1.781334016,4.77945856,16.386080768,5.193617408,0.0
1355,forward,79,146.3,1.781334016,4.78001152,16.386080768,5.19749632,0.0
1355,backward,79,105.1,1.781334016,4.78001152,16.38582272,5.19749632,0.0
1355,optimizer,79,0.0,1.781334016,4.78001152,16.38582272,5.19749632,0.0
1356,forward,79,182.0,1.781334016,4.77990912,16.38582272,5.201248256,0.0
1356,backward,77,79.7,1.781334016,4.77990912,16.38582272,5.201248256,0.0
1356,optimizer,77,562.4,1.781334016,4.77990912,16.38582272,5.201248256,0.0
1357,forward,77,138.3,1.781334016,4.779798528,16.38582272,5.2050944,0.0
1357,backward,77,104.6,1.781334016,4.779798528,16.38582272,5.205123072,0.0
1357,optimizer,77,0.0,1.781334016,4.779798528,16.38582272,5.205123072,0.0
1358,forward,77,185.0,1.781334016,4.779741184,16.386338816,5.208899584,0.0
1358,backward,77,102.4,1.781334016,4.779741184,16.386338816,5.208899584,0.0
1358,optimizer,77,0.0,1.781334016,4.779741184,16.386338816,5.208899584,0.0
1359,forward,77,178.5,1.781334016,4.779536384,16.386338816,5.212782592,0.0
1359,backward,81,78.7,1.781334016,4.779536384,16.386338816,5.212782592,0.0
1359,optimizer,81,558.5,1.781334016,4.779536384,16.386338816,5.212782592,0.0
1360,forward,81,179.8,1.781334016,4.779757568,16.386338816,5.216600064,0.0
1360,backward,81,102.2,1.781334016,4.779757568,16.386338816,5.216600064,0.0
1360,optimizer,81,0.0,1.781334016,4.779757568,16.386338816,5.216600064,0.0
1361,forward,81,143.8,1.781334016,4.779638784,16.386338816,5.22043392,0.0
1361,backward,81,105.4,1.781334016,4.779638784,16.386338816,5.22043392,0.0
1361,optimizer,81,0.0,1.781334016,4.779638784,16.386338816,5.22043392,0.0
1362,forward,81,159.0,1.781334016,4.780068864,16.386338816,5.224333312,0.0
1362,backward,82,106.3,1.781334016,4.780068864,16.386080768,5.224333312,0.0
1362,optimizer,82,0.0,1.781334016,4.779937792,16.386080768,5.224382464,0.0
1363,forward,82,215.9,1.781334016,4.779667456,16.386080768,5.228249088,0.0
1363,backward,82,104.5,1.781334016,4.779667456,16.386080768,5.228249088,0.0
1363,optimizer,82,0.0,1.781334016,4.779667456,16.386080768,5.228261376,0.0
1364,forward,82,181.2,1.781334016,4.779966464,16.386080768,5.231951872,0.0
1364,backward,82,103.0,1.781334016,4.779966464,16.386080768,5.231951872,0.0
1364,optimizer,82,0.0,1.781334016,4.779966464,16.386080768,5.231951872,0.0
1365,forward,74,207.0,1.781334016,4.78001152,16.386080768,5.235716096,0.0
1365,backward,74,78.6,1.781334016,4.78001152,16.386080768,5.235716096,0.0
1365,optimizer,74,525.0,1.781334016,4.78001152,16.386080768,5.235748864,0.0
1366,forward,74,132.9,1.781334016,4.77986816,16.386080768,5.239590912,0.0
1366,backward,74,105.8,1.781334016,4.77986816,16.386080768,5.239590912,0.0
1366,optimizer,74,0.0,1.781334016,4.77986816,16.386080768,5.239590912,0.0
1367,forward,74,182.9,1.781334016,4.779696128,16.38582272,5.243457536,0.0
1367,backward,74,103.1,1.781334016,4.779696128,16.38582272,5.243457536,0.0
1367,optimizer,74,0.0,1.781334016,4.779696128,16.38582272,5.243457536,0.0
1368,forward,74,181.4,1.781334016,4.779720704,16.38582272,5.247238144,0.0
1368,backward,74,105.6,1.781334016,4.779720704,16.38582272,5.247238144,0.0
1368,optimizer,74,0.0,1.781334016,4.779720704,16.38582272,5.247238144,0.0
1369,forward,74,188.8,1.781334016,4.779958272,16.38582272,5.25109248,0.0
1369,backward,74,78.5,1.781334016,4.779958272,16.38582272,5.25109248,0.0
1369,optimizer,74,0.0,1.781334016,4.779958272,16.38582272,5.25109248,0.0
1370,forward,74,142.4,1.781334016,4.780027904,16.38582272,5.254926336,0.0
1370,backward,74,103.9,1.781334016,4.779896832,16.38582272,5.254959104,0.0
1370,optimizer,75,517.8,1.781334016,4.779896832,16.38582272,5.254967296,0.0
1371,forward,75,180.5,1.781334016,4.779769856,16.38582272,5.258739712,0.0
1371,backward,75,102.3,1.781334016,4.779769856,16.38582272,5.258739712,0.0
1371,optimizer,75,0.0,1.781334016,4.779769856,16.38582272,5.258739712,0.0
1372,forward,75,143.0,1.781334016,4.779843584,16.38582272,5.262573568,0.0
1372,backward,75,104.7,1.781334016,4.779843584,16.38582272,5.262573568,0.0
1372,optimizer,75,0.0,1.781334016,4.779843584,16.38582272,5.262573568,0.0
1373,forward,75,208.1,1.781334016,4.77997056,16.38582272,5.266436096,0.0
1373,backward,77,104.7,1.781334016,4.77997056,16.38582272,5.266436096,0.0
1373,optimizer,77,0.0,1.781334016,4.77997056,16.38582272,5.266436096,0.0
1374,forward,77,180.7,1.781334016,4.780208128,16.38582272,5.270192128,0.0
1374,backward,77,105.2,1.781334016,4.780208128,16.38582272,5.270192128,0.0
1374,optimizer,77,0.0,1.781334016,4.780208128,16.38582272,5.270192128,0.0
1375,forward,77,184.3,1.781334016,4.780167168,16.38582272,5.273976832,0.0
1375,backward,77,128.6,1.781334016,4.780167168,16.38582272,5.273976832,0.0
1375,optimizer,77,0.0,1.781334016,4.780167168,16.38582272,5.2740096,0.0
