task_name,timestamp,project_name,run_id,duration,emissions,emissions_rate,cpu_power,gpu_power,ram_power,cpu_energy,gpu_energy,ram_energy,energy_consumed,water_consumed,country_name,country_iso_code,region,cloud_provider,cloud_region,os,python_version,codecarbon_version,cpu_count,cpu_model,gpu_count,gpu_model,longitude,latitude,ram_total_size,tracking_mode,on_cloud
Step #1,2026-02-26T21:49:49,whisper,dd7fdf3d-1b5f-439d-9ecd-dc3f9ba3ae65,0.95618044026196,4.609259489366688e-07,4.699740622121578e-07,360.0,59.663236545499075,10.0,9.808450546115636e-05,1.6255846347235092e-05,2.7245168211973373e-06,0.00011706486862958879,0.0,Canada,CAN,quebec,,,Linux-5.15.0-152-generic-x86_64-with-glibc2.35,3.14.2,3.1.0,4,AMD EPYC 9554 64-Core Processor,1,1 x NVIDIA RTX A5000,,,4,machine,N
Step #2,2026-02-26T21:49:49,whisper,dd7fdf3d-1b5f-439d-9ecd-dc3f9ba3ae65,0.07034280337393284,3.827536487647948e-08,5.425934552578778e-07,360.0,113.80555506547294,10.0,7.233268767595287e-06,2.2869462696917253e-06,2.0087046755684727e-07,9.721085504843857e-06,0.0,Canada,CAN,quebec,,,Linux-5.15.0-152-generic-x86_64-with-glibc2.35,3.14.2,3.1.0,4,AMD EPYC 9554 64-Core Processor,1,1 x NVIDIA RTX A5000,,,4,machine,N
Step #3,2026-02-26T21:49:49,whisper,dd7fdf3d-1b5f-439d-9ecd-dc3f9ba3ae65,0.09508763812482357,4.4600855979325935e-08,4.685432389316382e-07,360.0,62.79013322846158,10.0,9.422330744564527e-06,1.6436124354868298e-06,2.6167540604041693e-07,1.1327618586091768e-05,0.0,Canada,CAN,quebec,,,Linux-5.15.0-152-generic-x86_64-with-glibc2.35,3.14.2,3.1.0,4,AMD EPYC 9554 64-Core Processor,1,1 x NVIDIA RTX A5000,,,4,machine,N
Step #4,2026-02-26T21:49:49,whisper,dd7fdf3d-1b5f-439d-9ecd-dc3f9ba3ae65,0.07212260738015175,3.852736353869938e-08,5.331075013300375e-07,360.0,97.25690778024764,10.0,7.538784295320523e-06,2.0369460713709486e-06,2.093571548660597e-07,9.785087521557522e-06,0.0,Canada,CAN,quebec,,,Linux-5.15.0-152-generic-x86_64-with-glibc2.35,3.14.2,3.1.0,4,AMD EPYC 9554 64-Core Processor,1,1 x NVIDIA RTX A5000,,,4,machine,N
Step #5,2026-02-26T21:49:49,whisper,dd7fdf3d-1b5f-439d-9ecd-dc3f9ba3ae65,0.06852198019623756,3.788991669980236e-08,5.514535458193163e-07,360.0,152.81230321501408,10.0,6.6261274740099995e-06,2.8130578186846833e-06,1.8400500735474959e-07,9.623190300049426e-06,0.0,Canada,CAN,quebec,,,Linux-5.15.0-152-generic-x86_64-with-glibc2.35,3.14.2,3.1.0,4,AMD EPYC 9554 64-Core Processor,1,1 x NVIDIA RTX A5000,,,4,machine,N
Step #6,2026-02-26T21:49:49,whisper,dd7fdf3d-1b5f-439d-9ecd-dc3f9ba3ae65,0.07029192335903645,3.821465828586825e-08,5.420547877330778e-07,360.0,115.73230276816452,10.0,7.193136215209966e-06,2.3127796140443024e-06,1.9975156109366164e-07,9.705667390347918e-06,0.0,Canada,CAN,quebec,,,Linux-5.15.0-152-generic-x86_64-with-glibc2.35,3.14.2,3.1.0,4,AMD EPYC 9554 64-Core Processor,1,1 x NVIDIA RTX A5000,,,4,machine,N
Step #7,2026-02-26T21:49:49,whisper,dd7fdf3d-1b5f-439d-9ecd-dc3f9ba3ae65,0.06548253446817398,3.429939221861979e-08,5.235301240082955e-07,360.0,107.8317538270999,10.0,6.562904454767695e-06,1.9661126913206317e-06,1.8226034525367956e-07,8.711277491342003e-06,0.0,Canada,CAN,quebec,,,Linux-5.15.0-152-generic-x86_64-with-glibc2.35,3.14.2,3.1.0,4,AMD EPYC 9554 64-Core Processor,1,1 x NVIDIA RTX A5000,,,4,machine,N
Step #8,2026-02-26T21:49:49,whisper,dd7fdf3d-1b5f-439d-9ecd-dc3f9ba3ae65,0.07217717543244362,2.9223904522765514e-08,4.0427747578196146e-07,360.0,0.0,10.0,7.221667841076864e-06,0.0,2.0054944066537722e-07,7.422217281742252e-06,0.0,Canada,CAN,quebec,,,Linux-5.15.0-152-generic-x86_64-with-glibc2.35,3.14.2,3.1.0,4,AMD EPYC 9554 64-Core Processor,1,1 x NVIDIA RTX A5000,,,4,machine,N
Step #9,2026-02-26T21:49:49,whisper,dd7fdf3d-1b5f-439d-9ecd-dc3f9ba3ae65,0.06397000327706337,2.597475220912094e-08,4.052270470921323e-07,360.0,0.0,10.0,6.418759562075134e-06,0.0,1.7824579651157057e-07,6.597005358586707e-06,0.0,Canada,CAN,quebec,,,Linux-5.15.0-152-generic-x86_64-with-glibc2.35,3.14.2,3.1.0,4,AMD EPYC 9554 64-Core Processor,1,1 x NVIDIA RTX A5000,,,4,machine,N
Step #10,2026-02-26T21:49:49,whisper,dd7fdf3d-1b5f-439d-9ecd-dc3f9ba3ae65,0.0731172077357769,3.109979817681327e-08,4.249543477517668e-07,360.0,62.52357912277746,10.0,6.574143655598154e-06,1.141945361382568e-06,1.8256324239903047e-07,7.898652259379752e-06,0.0,Canada,CAN,quebec,,,Linux-5.15.0-152-generic-x86_64-with-glibc2.35,3.14.2,3.1.0,4,AMD EPYC 9554 64-Core Processor,1,1 x NVIDIA RTX A5000,,,4,machine,N
Step #11,2026-02-26T21:49:49,whisper,dd7fdf3d-1b5f-439d-9ecd-dc3f9ba3ae65,0.06643349677324295,3.719732122054669e-08,5.596377143376902e-07,360.0,136.64920070403167,10.0,6.712545081973074e-06,2.5483353596200686e-06,1.8640611734655134e-07,9.447286558939683e-06,0.0,Canada,CAN,quebec,,,Linux-5.15.0-152-generic-x86_64-with-glibc2.35,3.14.2,3.1.0,4,AMD EPYC 9554 64-Core Processor,1,1 x NVIDIA RTX A5000,,,4,machine,N
Step #12,2026-02-26T21:49:50,whisper,dd7fdf3d-1b5f-439d-9ecd-dc3f9ba3ae65,0.06429751962423325,3.629709830906605e-08,5.631092352457241e-07,360.0,143.943331646807,10.0,6.4571140334010175e-06,2.58222428328736e-06,1.793117831564616e-07,9.218650099844825e-06,0.0,Canada,CAN,quebec,,,Linux-5.15.0-152-generic-x86_64-with-glibc2.35,3.14.2,3.1.0,4,AMD EPYC 9554 64-Core Processor,1,1 x NVIDIA RTX A5000,,,4,machine,N
Step #13,2026-02-26T21:49:50,whisper,dd7fdf3d-1b5f-439d-9ecd-dc3f9ba3ae65,0.06895509548485279,3.8686036305193916e-08,5.598136910840151e-07,360.0,145.20281850308965,10.0,6.865291483700264e-06,2.769446666661679e-06,1.906487004210554e-07,9.825386850782997e-06,0.0,Canada,CAN,quebec,,,Linux-5.15.0-152-generic-x86_64-with-glibc2.35,3.14.2,3.1.0,4,AMD EPYC 9554 64-Core Processor,1,1 x NVIDIA RTX A5000,,,4,machine,N
Step #14,2026-02-26T21:49:50,whisper,dd7fdf3d-1b5f-439d-9ecd-dc3f9ba3ae65,0.06709991209208965,4.0413669290705834e-08,6.016120244904576e-07,360.0,156.22193119568894,10.0,7.0216704159974965e-06,3.0475024317411226e-06,1.9499409115976788e-07,1.0264166938898396e-05,0.0,Canada,CAN,quebec,,,Linux-5.15.0-152-generic-x86_64-with-glibc2.35,3.14.2,3.1.0,4,AMD EPYC 9554 64-Core Processor,1,1 x NVIDIA RTX A5000,,,4,machine,N
Step #15,2026-02-26T21:49:50,whisper,dd7fdf3d-1b5f-439d-9ecd-dc3f9ba3ae65,0.07080617919564247,3.5376716793355876e-08,4.986806871040699e-07,360.0,88.76074189776371,10.0,7.05048665404319e-06,1.7386124966378702e-06,1.9579465604490713e-07,8.984893806725973e-06,0.0,Canada,CAN,quebec,,,Linux-5.15.0-152-generic-x86_64-with-glibc2.35,3.14.2,3.1.0,4,AMD EPYC 9554 64-Core Processor,1,1 x NVIDIA RTX A5000,,,4,machine,N
Step #16,2026-02-26T21:49:50,whisper,dd7fdf3d-1b5f-439d-9ecd-dc3f9ba3ae65,0.0649880263954401,2.6374323356762233e-08,4.0527667222920064e-07,360.0,0.0,10.0,6.517498008906837e-06,0.0,1.809894728163877e-07,6.698487481723251e-06,0.0,Canada,CAN,quebec,,,Linux-5.15.0-152-generic-x86_64-with-glibc2.35,3.14.2,3.1.0,4,AMD EPYC 9554 64-Core Processor,1,1 x NVIDIA RTX A5000,,,4,machine,N
Step #17,2026-02-26T21:49:50,whisper,dd7fdf3d-1b5f-439d-9ecd-dc3f9ba3ae65,0.06791946478188038,2.621428001864953e-08,3.854097061133268e-07,360.0,0.0,10.0,6.4779484644532294e-06,0.0,1.7989159354733073e-07,6.657840058000512e-06,0.0,Canada,CAN,quebec,,,Linux-5.15.0-152-generic-x86_64-with-glibc2.35,3.14.2,3.1.0,4,AMD EPYC 9554 64-Core Processor,1,1 x NVIDIA RTX A5000,,,4,machine,N
Step #18,2026-02-26T21:49:50,whisper,dd7fdf3d-1b5f-439d-9ecd-dc3f9ba3ae65,0.065052330493927,2.8984351105719393e-08,4.44515133533344e-07,360.0,0.0,10.0,7.162467949092382e-06,0.0,1.9890812950001802e-07,7.361376078592421e-06,0.0,Canada,CAN,quebec,,,Linux-5.15.0-152-generic-x86_64-with-glibc2.35,3.14.2,3.1.0,4,AMD EPYC 9554 64-Core Processor,1,1 x NVIDIA RTX A5000,,,4,machine,N
Step #19,2026-02-26T21:49:50,whisper,dd7fdf3d-1b5f-439d-9ecd-dc3f9ba3ae65,0.06437788903713226,3.91459095982822e-08,6.067988269772426e-07,360.0,182.11052353597847,10.0,6.4824445173144334e-06,3.279724836602327e-06,1.8001501448452446e-07,9.942184368401277e-06,0.0,Canada,CAN,quebec,,,Linux-5.15.0-152-generic-x86_64-with-glibc2.35,3.14.2,3.1.0,4,AMD EPYC 9554 64-Core Processor,1,1 x NVIDIA RTX A5000,,,4,machine,N
Step #20,2026-02-26T21:49:50,whisper,dd7fdf3d-1b5f-439d-9ecd-dc3f9ba3ae65,0.07094789296388626,3.6637324657342324e-08,5.158304028886446e-07,360.0,120.1229324025375,10.0,6.834431923925875e-06,2.2808351616276923e-06,1.897928874111841e-07,9.305059972964725e-06,0.0,Canada,CAN,quebec,,,Linux-5.15.0-152-generic-x86_64-with-glibc2.35,3.14.2,3.1.0,4,AMD EPYC 9554 64-Core Processor,1,1 x NVIDIA RTX A5000,,,4,machine,N
Step #21,2026-02-26T21:49:50,whisper,dd7fdf3d-1b5f-439d-9ecd-dc3f9ba3ae65,0.0711212046444416,4.0696708756237166e-08,5.710680054135172e-07,360.0,151.618298479301,10.0,7.133234851062304e-06,3.0047246184494725e-06,1.9809315498504363e-07,1.0336052624496832e-05,0.0,Canada,CAN,quebec,,,Linux-5.15.0-152-generic-x86_64-with-glibc2.35,3.14.2,3.1.0,4,AMD EPYC 9554 64-Core Processor,1,1 x NVIDIA RTX A5000,,,4,machine,N
Step #22,2026-02-26T21:49:50,whisper,dd7fdf3d-1b5f-439d-9ecd-dc3f9ba3ae65,0.0649413987994194,4.090524826049342e-08,6.293195778721315e-07,360.0,204.51149210726402,10.0,6.509632989764203e-06,3.698614079894469e-06,1.8076991869343662e-07,1.0389016988352102e-05,0.0,Canada,CAN,quebec,,,Linux-5.15.0-152-generic-x86_64-with-glibc2.35,3.14.2,3.1.0,4,AMD EPYC 9554 64-Core Processor,1,1 x NVIDIA RTX A5000,,,4,machine,N
Step #23,2026-02-26T21:49:51,whisper,dd7fdf3d-1b5f-439d-9ecd-dc3f9ba3ae65,0.06523681990802288,2.6493089026710658e-08,4.0522928714564847e-07,360.0,0.0,10.0,6.54684640467168e-06,0.0,1.818048974706064e-07,6.728651302142271e-06,0.0,Canada,CAN,quebec,,,Linux-5.15.0-152-generic-x86_64-with-glibc2.35,3.14.2,3.1.0,4,AMD EPYC 9554 64-Core Processor,1,1 x NVIDIA RTX A5000,,,4,machine,N
Step #24,2026-02-26T21:49:51,whisper,dd7fdf3d-1b5f-439d-9ecd-dc3f9ba3ae65,0.0645728837698698,2.6200218496840522e-08,4.0554416734570606e-07,360.0,0.0,10.0,6.4744735136628155e-06,0.0,1.7979523270494404e-07,6.654268746367751e-06,0.0,Canada,CAN,quebec,,,Linux-5.15.0-152-generic-x86_64-with-glibc2.35,3.14.2,3.1.0,4,AMD EPYC 9554 64-Core Processor,1,1 x NVIDIA RTX A5000,,,4,machine,N
Step #25,2026-02-26T21:49:51,whisper,dd7fdf3d-1b5f-439d-9ecd-dc3f9ba3ae65,0.06896189786493778,3.563812157730487e-08,5.154717835318177e-07,360.0,105.35924723531397,10.0,6.854543276131153e-06,2.0063904884182193e-06,1.9035100316007921e-07,9.051284767709459e-06,0.0,Canada,CAN,quebec,,,Linux-5.15.0-152-generic-x86_64-with-glibc2.35,3.14.2,3.1.0,4,AMD EPYC 9554 64-Core Processor,1,1 x NVIDIA RTX A5000,,,4,machine,N
Step #26,2026-02-26T21:49:51,whisper,dd7fdf3d-1b5f-439d-9ecd-dc3f9ba3ae65,0.06720253638923168,3.76746969535632e-08,5.593227912420362e-07,360.0,134.3093891773402,10.0,6.8302400410175405e-06,2.5486131534080414e-06,1.8967610990835528e-07,9.568529304333924e-06,0.0,Canada,CAN,quebec,,,Linux-5.15.0-152-generic-x86_64-with-glibc2.35,3.14.2,3.1.0,4,AMD EPYC 9554 64-Core Processor,1,1 x NVIDIA RTX A5000,,,4,machine,N
Step #27,2026-02-26T21:49:51,whisper,dd7fdf3d-1b5f-439d-9ecd-dc3f9ba3ae65,0.06802254542708397,3.7182410048104245e-08,5.453930583077742e-07,360.0,153.2911035813813,10.0,6.496426835656162e-06,2.7666688708904985e-06,1.8040374852717006e-07,9.443499455073854e-06,0.0,Canada,CAN,quebec,,,Linux-5.15.0-152-generic-x86_64-with-glibc2.35,3.14.2,3.1.0,4,AMD EPYC 9554 64-Core Processor,1,1 x NVIDIA RTX A5000,,,4,machine,N
Step #28,2026-02-26T21:49:51,whisper,dd7fdf3d-1b5f-439d-9ecd-dc3f9ba3ae65,0.0671559739857912,4.0193780587065346e-08,5.971361215709206e-07,360.0,161.71141602752738,10.0,6.911387853324397e-06,3.105002477354901e-06,1.9192980188462408e-07,1.0208320132563899e-05,0.0,Canada,CAN,quebec,,,Linux-5.15.0-152-generic-x86_64-with-glibc2.35,3.14.2,3.1.0,4,AMD EPYC 9554 64-Core Processor,1,1 x NVIDIA RTX A5000,,,4,machine,N
Step #29,2026-02-26T21:49:51,whisper,dd7fdf3d-1b5f-439d-9ecd-dc3f9ba3ae65,0.06493668630719185,4.0863572749928346e-08,6.273180387164225e-07,360.0,201.48668795401252,10.0,6.53744116425512e-06,3.6594473868944988e-06,1.8154379083878508e-07,1.0378432341988397e-05,0.0,Canada,CAN,quebec,,,Linux-5.15.0-152-generic-x86_64-with-glibc2.35,3.14.2,3.1.0,4,AMD EPYC 9554 64-Core Processor,1,1 x NVIDIA RTX A5000,,,4,machine,N
Step #30,2026-02-26T21:49:51,whisper,dd7fdf3d-1b5f-439d-9ecd-dc3f9ba3ae65,0.06519848294556141,3.2554182000260396e-08,4.979254204990169e-07,360.0,84.69114041792055,10.0,6.545977294445022e-06,1.5402790154439572e-06,1.8177686983512488e-07,8.268033179724128e-06,0.0,Canada,CAN,quebec,,,Linux-5.15.0-152-generic-x86_64-with-glibc2.35,3.14.2,3.1.0,4,AMD EPYC 9554 64-Core Processor,1,1 x NVIDIA RTX A5000,,,4,machine,N
Step #31,2026-02-26T21:49:51,whisper,dd7fdf3d-1b5f-439d-9ecd-dc3f9ba3ae65,0.06975962780416012,2.803955045965671e-08,4.012694292621826e-07,360.0,0.0,10.0,6.929000094532971e-06,0.0,1.9241777869562323e-07,7.121417873228602e-06,0.0,Canada,CAN,quebec,,,Linux-5.15.0-152-generic-x86_64-with-glibc2.35,3.14.2,3.1.0,4,AMD EPYC 9554 64-Core Processor,1,1 x NVIDIA RTX A5000,,,4,machine,N
Step #32,2026-02-26T21:49:51,whisper,dd7fdf3d-1b5f-439d-9ecd-dc3f9ba3ae65,0.06511200778186321,2.6654418607817002e-08,4.0860485869788017e-07,360.0,0.0,10.0,6.586713716387742e-06,0.0,1.8291168639229464e-07,6.769625402780022e-06,0.0,Canada,CAN,quebec,,,Linux-5.15.0-152-generic-x86_64-with-glibc2.35,3.14.2,3.1.0,4,AMD EPYC 9554 64-Core Processor,1,1 x NVIDIA RTX A5000,,,4,machine,N
Step #33,2026-02-26T21:49:51,whisper,dd7fdf3d-1b5f-439d-9ecd-dc3f9ba3ae65,0.06553497351706028,4.058521783735722e-08,6.178830144441562e-07,360.0,193.2522235705845,10.0,6.587846018373965e-06,3.5369472755064635e-06,1.8294313405122978e-07,1.0307736427931638e-05,0.0,Canada,CAN,quebec,,,Linux-5.15.0-152-generic-x86_64-with-glibc2.35,3.14.2,3.1.0,4,AMD EPYC 9554 64-Core Processor,1,1 x NVIDIA RTX A5000,,,4,machine,N
Step #34,2026-02-26T21:49:51,whisper,dd7fdf3d-1b5f-439d-9ecd-dc3f9ba3ae65,0.06431074999272823,3.8456677373256296e-08,5.971125782418714e-07,360.0,175.14508641750254,10.0,6.4496912062168344e-06,3.138335856078811e-06,1.791077562504349e-07,9.767134818546074e-06,0.0,Canada,CAN,quebec,,,Linux-5.15.0-152-generic-x86_64-with-glibc2.35,3.14.2,3.1.0,4,AMD EPYC 9554 64-Core Processor,1,1 x NVIDIA RTX A5000,,,4,machine,N
Step #35,2026-02-26T21:49:52,whisper,dd7fdf3d-1b5f-439d-9ecd-dc3f9ba3ae65,0.07222480699419975,4.0891380604238756e-08,5.654578967407503e-07,360.0,146.35115780234537,10.0,7.2405237704515355e-06,2.943891232121132e-06,2.0107991165585014e-07,1.038549491422854e-05,0.0,Canada,CAN,quebec,,,Linux-5.15.0-152-generic-x86_64-with-glibc2.35,3.14.2,3.1.0,4,AMD EPYC 9554 64-Core Processor,1,1 x NVIDIA RTX A5000,,,4,machine,N
Step #36,2026-02-26T21:49:52,whisper,dd7fdf3d-1b5f-439d-9ecd-dc3f9ba3ae65,0.0645167026668787,4.115184816720637e-08,6.359531045536137e-07,360.0,210.05908377477726,10.0,6.486247666180145e-06,3.785280796364532e-06,1.8011937952703944e-07,1.0451647842071735e-05,0.0,Canada,CAN,quebec,,,Linux-5.15.0-152-generic-x86_64-with-glibc2.35,3.14.2,3.1.0,4,AMD EPYC 9554 64-Core Processor,1,1 x NVIDIA RTX A5000,,,4,machine,N
Step #37,2026-02-26T21:49:52,whisper,dd7fdf3d-1b5f-439d-9ecd-dc3f9ba3ae65,0.06633652560412884,2.6973187158976387e-08,4.050238765095543e-07,360.0,0.0,10.0,6.665488891303517e-06,0.0,1.8509658467438522e-07,6.850585475977897e-06,0.0,Canada,CAN,quebec,,,Linux-5.15.0-152-generic-x86_64-with-glibc2.35,3.14.2,3.1.0,4,AMD EPYC 9554 64-Core Processor,1,1 x NVIDIA RTX A5000,,,4,machine,N
Step #38,2026-02-26T21:49:52,whisper,dd7fdf3d-1b5f-439d-9ecd-dc3f9ba3ae65,0.06487582810223103,2.633996075730481e-08,4.053850315850031e-07,360.0,0.0,10.0,6.509010121226314e-06,0.0,1.8075002978245423e-07,6.689760151008751e-06,0.0,Canada,CAN,quebec,,,Linux-5.15.0-152-generic-x86_64-with-glibc2.35,3.14.2,3.1.0,4,AMD EPYC 9554 64-Core Processor,1,1 x NVIDIA RTX A5000,,,4,machine,N
Step #39,2026-02-26T21:49:52,whisper,dd7fdf3d-1b5f-439d-9ecd-dc3f9ba3ae65,0.06828303448855877,3.581507749238353e-08,5.240692870127392e-07,360.0,128.96833976823663,10.0,6.562605500221247e-06,2.351390762100891e-06,1.8223134490350963e-07,9.096227607225651e-06,0.0,Canada,CAN,quebec,,,Linux-5.15.0-152-generic-x86_64-with-glibc2.35,3.14.2,3.1.0,4,AMD EPYC 9554 64-Core Processor,1,1 x NVIDIA RTX A5000,,,4,machine,N
Step #40,2026-02-26T21:49:52,whisper,dd7fdf3d-1b5f-439d-9ecd-dc3f9ba3ae65,0.06772906333208084,3.7896879876337637e-08,5.585914716726989e-07,360.0,125.7822424205719,10.0,6.988657638430618e-06,2.4422241864385796e-06,1.9407696608040043e-07,9.62495879094959e-06,0.0,Canada,CAN,quebec,,,Linux-5.15.0-152-generic-x86_64-with-glibc2.35,3.14.2,3.1.0,4,AMD EPYC 9554 64-Core Processor,1,1 x NVIDIA RTX A5000,,,4,machine,N
Step #41,2026-02-26T21:49:52,whisper,dd7fdf3d-1b5f-439d-9ecd-dc3f9ba3ae65,0.06417781859636307,3.9782713769286226e-08,6.188986659903692e-07,360.0,194.8505119732372,10.0,6.439266167581096e-06,3.485836117533836e-06,1.7881608154210795e-07,1.0103918366657048e-05,0.0,Canada,CAN,quebec,,,Linux-5.15.0-152-generic-x86_64-with-glibc2.35,3.14.2,3.1.0,4,AMD EPYC 9554 64-Core Processor,1,1 x NVIDIA RTX A5000,,,4,machine,N
Step #42,2026-02-26T21:49:52,whisper,dd7fdf3d-1b5f-439d-9ecd-dc3f9ba3ae65,0.06490939669311047,3.995365031352082e-08,6.146670390463156e-07,360.0,191.00570622379237,10.0,6.511235982179658e-06,3.4552805487919613e-06,1.8081588981052283e-07,1.0147332420782154e-05,0.0,Canada,CAN,quebec,,,Linux-5.15.0-152-generic-x86_64-with-glibc2.35,3.14.2,3.1.0,4,AMD EPYC 9554 64-Core Processor,1,1 x NVIDIA RTX A5000,,,4,machine,N
Step #43,2026-02-26T21:49:52,whisper,dd7fdf3d-1b5f-439d-9ecd-dc3f9ba3ae65,0.07038826309144497,3.003621335448424e-08,4.263533731729032e-07,360.0,52.35943634069375,10.0,6.502126716077328e-06,9.458340741730353e-07,1.805647431562345e-07,7.628525533406535e-06,0.0,Canada,CAN,quebec,,,Linux-5.15.0-152-generic-x86_64-with-glibc2.35,3.14.2,3.1.0,4,AMD EPYC 9554 64-Core Processor,1,1 x NVIDIA RTX A5000,,,4,machine,N
Step #44,2026-02-26T21:49:52,whisper,dd7fdf3d-1b5f-439d-9ecd-dc3f9ba3ae65,0.06738140620291233,2.745888276455341e-08,4.065948530290571e-07,360.0,0.0,10.0,6.785506382584556e-06,0.0,1.8843490009506477e-07,6.973941282679584e-06,0.0,Canada,CAN,quebec,,,Linux-5.15.0-152-generic-x86_64-with-glibc2.35,3.14.2,3.1.0,4,AMD EPYC 9554 64-Core Processor,1,1 x NVIDIA RTX A5000,,,4,machine,N
Step #45,2026-02-26T21:49:52,whisper,dd7fdf3d-1b5f-439d-9ecd-dc3f9ba3ae65,0.06440899148583412,2.603772712486875e-08,4.034975053326318e-07,360.0,0.0,10.0,6.434323266148591e-06,0.0,1.786763107197149e-07,6.61299957686835e-06,0.0,Canada,CAN,quebec,,,Linux-5.15.0-152-generic-x86_64-with-glibc2.35,3.14.2,3.1.0,4,AMD EPYC 9554 64-Core Processor,1,1 x NVIDIA RTX A5000,,,4,machine,N
Step #46,2026-02-26T21:49:52,whisper,dd7fdf3d-1b5f-439d-9ecd-dc3f9ba3ae65,0.06538019143044949,3.770428396723968e-08,5.761054704699137e-07,360.0,155.88654143638095,10.0,6.5551174804568345e-06,2.8388911630372604e-06,1.820350997149937e-07,9.576043743208997e-06,0.0,Canada,CAN,quebec,,,Linux-5.15.0-152-generic-x86_64-with-glibc2.35,3.14.2,3.1.0,4,AMD EPYC 9554 64-Core Processor,1,1 x NVIDIA RTX A5000,,,4,machine,N
Step #47,2026-02-26T21:49:53,whisper,dd7fdf3d-1b5f-439d-9ecd-dc3f9ba3ae65,0.06564226746559143,3.5801757299571476e-08,5.456623709017838e-07,360.0,128.10993226258623,10.0,6.5714655444025906e-06,2.338890766395707e-06,1.8248826575775869e-07,9.092844576556085e-06,0.0,Canada,CAN,quebec,,,Linux-5.15.0-152-generic-x86_64-with-glibc2.35,3.14.2,3.1.0,4,AMD EPYC 9554 64-Core Processor,1,1 x NVIDIA RTX A5000,,,4,machine,N
Step #48,2026-02-26T21:49:53,whisper,dd7fdf3d-1b5f-439d-9ecd-dc3f9ba3ae65,0.06697038374841213,3.968312067873045e-08,5.910069034529187e-07,360.0,144.09881538540876,10.0,7.057360373437401e-06,2.8252800348127494e-06,1.9598354378508225e-07,1.0078623952035283e-05,0.0,Canada,CAN,quebec,,,Linux-5.15.0-152-generic-x86_64-with-glibc2.35,3.14.2,3.1.0,4,AMD EPYC 9554 64-Core Processor,1,1 x NVIDIA RTX A5000,,,4,machine,N
Step #49,2026-02-26T21:49:53,whisper,dd7fdf3d-1b5f-439d-9ecd-dc3f9ba3ae65,0.06678514927625656,4.018998427709469e-08,5.996287012214876e-07,360.0,177.35519257324833,10.0,6.713152304291725e-06,3.3077804175718484e-06,1.8642323298586675e-07,1.0207355954849396e-05,0.0,Canada,CAN,quebec,,,Linux-5.15.0-152-generic-x86_64-with-glibc2.35,3.14.2,3.1.0,4,AMD EPYC 9554 64-Core Processor,1,1 x NVIDIA RTX A5000,,,4,machine,N
Step #50,2026-02-26T21:49:53,whisper,dd7fdf3d-1b5f-439d-9ecd-dc3f9ba3ae65,0.06509022787213326,3.071791129046649e-08,4.7085281685504165e-07,360.0,59.90197845122789,10.0,6.533015891909614e-06,1.0872230973291153e-06,1.8142255333562626e-07,7.801661542574398e-06,0.0,Canada,CAN,quebec,,,Linux-5.15.0-152-generic-x86_64-with-glibc2.35,3.14.2,3.1.0,4,AMD EPYC 9554 64-Core Processor,1,1 x NVIDIA RTX A5000,,,4,machine,N
Step #51,2026-02-26T21:49:53,whisper,dd7fdf3d-1b5f-439d-9ecd-dc3f9ba3ae65,0.06828399561345577,2.7589816609394325e-08,4.0259754534098927e-07,360.0,0.0,10.0,6.817863695323485e-06,0.0,1.8933185169266337e-07,7.007195547016143e-06,0.0,Canada,CAN,quebec,,,Linux-5.15.0-152-generic-x86_64-with-glibc2.35,3.14.2,3.1.0,4,AMD EPYC 9554 64-Core Processor,1,1 x NVIDIA RTX A5000,,,4,machine,N
Step #52,2026-02-26T21:49:53,whisper,dd7fdf3d-1b5f-439d-9ecd-dc3f9ba3ae65,0.07024524360895157,2.9989807628738694e-08,4.2592204659078754e-07,360.0,0.0,10.0,7.410931959748264e-06,0.0,2.0580755857129947e-07,7.616739518319631e-06,0.0,Canada,CAN,quebec,,,Linux-5.15.0-152-generic-x86_64-with-glibc2.35,3.14.2,3.1.0,4,AMD EPYC 9554 64-Core Processor,1,1 x NVIDIA RTX A5000,,,4,machine,N
Step #53,2026-02-26T21:49:53,whisper,dd7fdf3d-1b5f-439d-9ecd-dc3f9ba3ae65,0.06535614095628262,2.678228425646803e-08,4.088961817489063e-07,360.0,0.0,10.0,6.618311069905738e-06,0.0,1.8378934409055474e-07,6.802100413996325e-06,0.0,Canada,CAN,quebec,,,Linux-5.15.0-152-generic-x86_64-with-glibc2.35,3.14.2,3.1.0,4,AMD EPYC 9554 64-Core Processor,1,1 x NVIDIA RTX A5000,,,4,machine,N
Step #54,2026-02-26T21:49:53,whisper,dd7fdf3d-1b5f-439d-9ecd-dc3f9ba3ae65,0.06529687903821468,3.960001710056819e-08,6.055069291918607e-07,360.0,182.6127205570737,10.0,6.551685556769379e-06,3.323891547779567e-06,1.819403997311991e-07,1.0057517504280153e-05,0.0,Canada,CAN,quebec,,,Linux-5.15.0-152-generic-x86_64-with-glibc2.35,3.14.2,3.1.0,4,AMD EPYC 9554 64-Core Processor,1,1 x NVIDIA RTX A5000,,,4,machine,N
Step #55,2026-02-26T21:49:53,whisper,dd7fdf3d-1b5f-439d-9ecd-dc3f9ba3ae65,0.06467779725790024,3.794149909757181e-08,5.862840699929897e-07,360.0,164.7079993650562,10.0,6.487520597875092e-06,2.9686134865869462e-06,1.801569894370107e-07,9.636291073899074e-06,0.0,Canada,CAN,quebec,,,Linux-5.15.0-152-generic-x86_64-with-glibc2.35,3.14.2,3.1.0,4,AMD EPYC 9554 64-Core Processor,1,1 x NVIDIA RTX A5000,,,4,machine,N
Step #56,2026-02-26T21:49:53,whisper,dd7fdf3d-1b5f-439d-9ecd-dc3f9ba3ae65,0.06440273113548756,3.856986215406776e-08,5.976074811413184e-07,360.0,175.20491914047332,10.0,6.467930413782603e-06,3.1483358498007874e-06,1.796149545245698e-07,9.795881218107975e-06,0.0,Canada,CAN,quebec,,,Linux-5.15.0-152-generic-x86_64-with-glibc2.35,3.14.2,3.1.0,4,AMD EPYC 9554 64-Core Processor,1,1 x NVIDIA RTX A5000,,,4,machine,N
Step #57,2026-02-26T21:49:53,whisper,dd7fdf3d-1b5f-439d-9ecd-dc3f9ba3ae65,0.07117534428834915,3.078850572972725e-08,4.3196048761553125e-07,360.0,27.397227792205435,10.0,7.083707861602301e-06,5.391670896415235e-07,1.967159979459313e-07,7.819590949189703e-06,0.0,Canada,CAN,quebec,,,Linux-5.15.0-152-generic-x86_64-with-glibc2.35,3.14.2,3.1.0,4,AMD EPYC 9554 64-Core Processor,1,1 x NVIDIA RTX A5000,,,4,machine,N
Step #58,2026-02-26T21:49:54,whisper,dd7fdf3d-1b5f-439d-9ecd-dc3f9ba3ae65,0.06442594900727272,2.6137178818723864e-08,4.0537802969203533e-07,360.0,0.0,10.0,6.4588962122797745e-06,0.0,1.7936186761491816e-07,6.638258079894694e-06,0.0,Canada,CAN,quebec,,,Linux-5.15.0-152-generic-x86_64-with-glibc2.35,3.14.2,3.1.0,4,AMD EPYC 9554 64-Core Processor,1,1 x NVIDIA RTX A5000,,,4,machine,N
Step #59,2026-02-26T21:49:54,whisper,dd7fdf3d-1b5f-439d-9ecd-dc3f9ba3ae65,0.06487024389207363,2.635723676614147e-08,4.0544412364544417e-07,360.0,0.0,10.0,6.51327706873415e-06,0.0,1.8087080162432395e-07,6.694147870358442e-06,0.0,Canada,CAN,quebec,,,Linux-5.15.0-152-generic-x86_64-with-glibc2.35,3.14.2,3.1.0,4,AMD EPYC 9554 64-Core Processor,1,1 x NVIDIA RTX A5000,,,4,machine,N
Step #60,2026-02-26T21:49:54,whisper,dd7fdf3d-1b5f-439d-9ecd-dc3f9ba3ae65,0.06475939229130745,3.7111245772544085e-08,5.725006009307006e-07,360.0,152.2053934727084,10.0,6.497488915920284e-06,2.7475021937561905e-06,1.8043421312338847e-07,9.425425322799846e-06,0.0,Canada,CAN,quebec,,,Linux-5.15.0-152-generic-x86_64-with-glibc2.35,3.14.2,3.1.0,4,AMD EPYC 9554 64-Core Processor,1,1 x NVIDIA RTX A5000,,,4,machine,N
Step #61,2026-02-26T21:49:54,whisper,dd7fdf3d-1b5f-439d-9ecd-dc3f9ba3ae65,0.06834269873797894,3.527945501239677e-08,5.157110823926446e-07,360.0,124.04500840003104,10.0,6.528884172439585e-06,2.2500018133086996e-06,1.8130550678405576e-07,8.960191492532357e-06,0.0,Canada,CAN,quebec,,,Linux-5.15.0-152-generic-x86_64-with-glibc2.35,3.14.2,3.1.0,4,AMD EPYC 9554 64-Core Processor,1,1 x NVIDIA RTX A5000,,,4,machine,N
Step #62,2026-02-26T21:49:54,whisper,dd7fdf3d-1b5f-439d-9ecd-dc3f9ba3ae65,0.06683801859617233,4.080864886016548e-08,6.092763425338859e-07,360.0,165.37699914497384,10.0,6.9690065458416755e-06,3.2019470097566227e-06,1.9352934840652677e-07,1.0364482904004772e-05,0.0,Canada,CAN,quebec,,,Linux-5.15.0-152-generic-x86_64-with-glibc2.35,3.14.2,3.1.0,4,AMD EPYC 9554 64-Core Processor,1,1 x NVIDIA RTX A5000,,,4,machine,N
Step #63,2026-02-26T21:49:54,whisper,dd7fdf3d-1b5f-439d-9ecd-dc3f9ba3ae65,0.06512458994984627,3.923857663786975e-08,6.015620708613359e-07,360.0,178.9615755890635,10.0,6.5350731834769695e-06,3.2491692536495975e-06,1.8147728405892814e-07,9.965719721185444e-06,0.0,Canada,CAN,quebec,,,Linux-5.15.0-152-generic-x86_64-with-glibc2.35,3.14.2,3.1.0,4,AMD EPYC 9554 64-Core Processor,1,1 x NVIDIA RTX A5000,,,4,machine,N
Step #64,2026-02-26T21:49:54,whisper,dd7fdf3d-1b5f-439d-9ecd-dc3f9ba3ae65,0.0653897225856781,3.50744131925663e-08,5.355210434337669e-07,360.0,118.75687968082978,10.0,6.561189331114243e-06,2.164723952091663e-06,1.8220217898488056e-07,8.90811546219077e-06,0.0,Canada,CAN,quebec,,,Linux-5.15.0-152-generic-x86_64-with-glibc2.35,3.14.2,3.1.0,4,AMD EPYC 9554 64-Core Processor,1,1 x NVIDIA RTX A5000,,,4,machine,N
Step #65,2026-02-26T21:49:54,whisper,dd7fdf3d-1b5f-439d-9ecd-dc3f9ba3ae65,0.06936950236558914,2.7749182967860997e-08,3.999067019657471e-07,360.0,0.0,10.0,6.857244297862083e-06,0.0,1.9042673520743922e-07,7.0476710330695394e-06,0.0,Canada,CAN,quebec,,,Linux-5.15.0-152-generic-x86_64-with-glibc2.35,3.14.2,3.1.0,4,AMD EPYC 9554 64-Core Processor,1,1 x NVIDIA RTX A5000,,,4,machine,N
Step #66,2026-02-26T21:49:54,whisper,dd7fdf3d-1b5f-439d-9ecd-dc3f9ba3ae65,0.06797138601541519,2.8892589632554422e-08,4.2420894980523633e-07,360.0,0.0,10.0,7.139793783426333e-06,0.0,1.9827693597310125e-07,7.338070719399483e-06,0.0,Canada,CAN,quebec,,,Linux-5.15.0-152-generic-x86_64-with-glibc2.35,3.14.2,3.1.0,4,AMD EPYC 9554 64-Core Processor,1,1 x NVIDIA RTX A5000,,,4,machine,N
Step #67,2026-02-26T21:49:54,whisper,dd7fdf3d-1b5f-439d-9ecd-dc3f9ba3ae65,0.0678989440202713,4.131606711779039e-08,6.072356318626271e-07,360.0,184.29028886637477,10.0,6.814934685826302e-06,3.489169458248398e-06,1.892516337749024e-07,1.0493355777849655e-05,0.0,Canada,CAN,quebec,,,Linux-5.15.0-152-generic-x86_64-with-glibc2.35,3.14.2,3.1.0,4,AMD EPYC 9554 64-Core Processor,1,1 x NVIDIA RTX A5000,,,4,machine,N
Step #68,2026-02-26T21:49:54,whisper,dd7fdf3d-1b5f-439d-9ecd-dc3f9ba3ae65,0.06547093391418457,3.5376632165568314e-08,5.389532117742501e-07,360.0,121.90620630983055,10.0,6.575328670442083e-06,2.2269462363055936e-06,1.8259740641547715e-07,8.984872313163184e-06,0.0,Canada,CAN,quebec,,,Linux-5.15.0-152-generic-x86_64-with-glibc2.35,3.14.2,3.1.0,4,AMD EPYC 9554 64-Core Processor,1,1 x NVIDIA RTX A5000,,,4,machine,N
Step #69,2026-02-26T21:49:54,whisper,dd7fdf3d-1b5f-439d-9ecd-dc3f9ba3ae65,0.0676329005509615,3.628359131952143e-08,5.363380611339984e-07,360.0,138.606005774545,10.0,6.522423960268493e-06,2.5116686686033063e-06,1.8112699811657264e-07,9.215219626988388e-06,0.0,Canada,CAN,quebec,,,Linux-5.15.0-152-generic-x86_64-with-glibc2.35,3.14.2,3.1.0,4,AMD EPYC 9554 64-Core Processor,1,1 x NVIDIA RTX A5000,,,4,machine,N
Step #70,2026-02-26T21:49:55,whisper,dd7fdf3d-1b5f-439d-9ecd-dc3f9ba3ae65,0.0681038461625576,3.925932468062277e-08,5.744242692110529e-07,360.0,129.17675496732798,10.0,7.190739177167409e-06,2.580557634246361e-06,1.9969244798024433e-07,9.970989259394008e-06,0.0,Canada,CAN,quebec,,,Linux-5.15.0-152-generic-x86_64-with-glibc2.35,3.14.2,3.1.0,4,AMD EPYC 9554 64-Core Processor,1,1 x NVIDIA RTX A5000,,,4,machine,N
Step #71,2026-02-26T21:49:55,whisper,dd7fdf3d-1b5f-439d-9ecd-dc3f9ba3ae65,0.06541992165148258,2.6520246175953354e-08,4.052633518487735e-07,360.0,0.0,10.0,6.5535595640540175e-06,0.0,1.8198904581368026e-07,6.7355486098677215e-06,0.0,Canada,CAN,quebec,,,Linux-5.15.0-152-generic-x86_64-with-glibc2.35,3.14.2,3.1.0,4,AMD EPYC 9554 64-Core Processor,1,1 x NVIDIA RTX A5000,,,4,machine,N
Step #72,2026-02-26T21:49:55,whisper,dd7fdf3d-1b5f-439d-9ecd-dc3f9ba3ae65,0.06517861969769001,2.6442299296418854e-08,4.0515307129850745e-07,360.0,0.0,10.0,6.534297205507806e-06,0.0,1.8145464257233538e-07,6.715751848080124e-06,0.0,Canada,CAN,quebec,,,Linux-5.15.0-152-generic-x86_64-with-glibc2.35,3.14.2,3.1.0,4,AMD EPYC 9554 64-Core Processor,1,1 x NVIDIA RTX A5000,,,4,machine,N
Step #73,2026-02-26T21:49:55,whisper,dd7fdf3d-1b5f-439d-9ecd-dc3f9ba3ae65,0.0648706965148449,3.81031401497106e-08,5.863568800163401e-07,360.0,164.89508815667156,10.0,6.5128698945045955e-06,2.983613498486193e-06,1.808608882129185e-07,9.677344281203734e-06,0.0,Canada,CAN,quebec,,,Linux-5.15.0-152-generic-x86_64-with-glibc2.35,3.14.2,3.1.0,4,AMD EPYC 9554 64-Core Processor,1,1 x NVIDIA RTX A5000,,,4,machine,N
Step #74,2026-02-26T21:49:55,whisper,dd7fdf3d-1b5f-439d-9ecd-dc3f9ba3ae65,0.0644959807395935,3.65000018398267e-08,5.645734930917208e-07,360.0,145.61769161843102,10.0,6.472119688987767e-06,2.618335429360741e-06,1.7972793430090004e-07,9.270183052649452e-06,0.0,Canada,CAN,quebec,,,Linux-5.15.0-152-generic-x86_64-with-glibc2.35,3.14.2,3.1.0,4,AMD EPYC 9554 64-Core Processor,1,1 x NVIDIA RTX A5000,,,4,machine,N
Step #75,2026-02-26T21:49:55,whisper,dd7fdf3d-1b5f-439d-9ecd-dc3f9ba3ae65,0.06571543775498867,3.769109300307797e-08,5.728943908387664e-07,360.0,153.0510512605504,10.0,6.588342972099802e-06,2.801391119078289e-06,1.829594425443159e-07,9.572693533722431e-06,0.0,Canada,CAN,quebec,,,Linux-5.15.0-152-generic-x86_64-with-glibc2.35,3.14.2,3.1.0,4,AMD EPYC 9554 64-Core Processor,1,1 x NVIDIA RTX A5000,,,4,machine,N
Step #76,2026-02-26T21:49:55,whisper,dd7fdf3d-1b5f-439d-9ecd-dc3f9ba3ae65,0.07223326526582241,3.6413458227008314e-08,5.034419108431052e-07,360.0,93.55226435079717,10.0,7.182082347571904e-06,1.8666681711465571e-06,1.994523944126239e-07,9.248202913130963e-06,0.0,Canada,CAN,quebec,,,Linux-5.15.0-152-generic-x86_64-with-glibc2.35,3.14.2,3.1.0,4,AMD EPYC 9554 64-Core Processor,1,1 x NVIDIA RTX A5000,,,4,machine,N
Step #77,2026-02-26T21:49:55,whisper,dd7fdf3d-1b5f-439d-9ecd-dc3f9ba3ae65,0.06471710465848446,2.6342952436520995e-08,4.0606910701233394e-07,360.0,0.0,10.0,6.509746052324765e-06,0.0,1.8077391820649273e-07,6.69051997053121e-06,0.0,Canada,CAN,quebec,,,Linux-5.15.0-152-generic-x86_64-with-glibc2.35,3.14.2,3.1.0,4,AMD EPYC 9554 64-Core Processor,1,1 x NVIDIA RTX A5000,,,4,machine,N
Step #78,2026-02-26T21:49:55,whisper,dd7fdf3d-1b5f-439d-9ecd-dc3f9ba3ae65,0.06858003325760365,2.7619976234976678e-08,4.018982488470102e-07,360.0,0.0,10.0,6.8253178149461436e-06,0.0,1.8953760154545192e-07,7.0148554164916124e-06,0.0,Canada,CAN,quebec,,,Linux-5.15.0-152-generic-x86_64-with-glibc2.35,3.14.2,3.1.0,4,AMD EPYC 9554 64-Core Processor,1,1 x NVIDIA RTX A5000,,,4,machine,N
Step #79,2026-02-26T21:49:55,whisper,dd7fdf3d-1b5f-439d-9ecd-dc3f9ba3ae65,0.0661343913525343,2.9240669053525396e-08,4.4135372270919953e-07,360.0,0.0,10.0,7.225808687508152e-06,0.0,2.006664096067357e-07,7.426475097114908e-06,0.0,Canada,CAN,quebec,,,Linux-5.15.0-152-generic-x86_64-with-glibc2.35,3.14.2,3.1.0,4,AMD EPYC 9554 64-Core Processor,1,1 x NVIDIA RTX A5000,,,4,machine,N
Step #80,2026-02-26T21:49:55,whisper,dd7fdf3d-1b5f-439d-9ecd-dc3f9ba3ae65,0.06404555588960648,3.8947594205662374e-08,6.070965963960896e-07,360.0,184.35874979261075,10.0,6.423437036573898e-06,3.2900026383231307e-06,1.7837702503634771e-07,9.89181669993342e-06,0.0,Canada,CAN,quebec,,,Linux-5.15.0-152-generic-x86_64-with-glibc2.35,3.14.2,3.1.0,4,AMD EPYC 9554 64-Core Processor,1,1 x NVIDIA RTX A5000,,,4,machine,N
Step #81,2026-02-26T21:49:55,whisper,dd7fdf3d-1b5f-439d-9ecd-dc3f9ba3ae65,0.07020146027207375,3.8149447771686415e-08,5.425261322751737e-07,360.0,129.76742320923543,10.0,6.979178637266169e-06,2.5161131134154857e-06,1.9381362944841495e-07,9.689105380130086e-06,0.0,Canada,CAN,quebec,,,Linux-5.15.0-152-generic-x86_64-with-glibc2.35,3.14.2,3.1.0,4,AMD EPYC 9554 64-Core Processor,1,1 x NVIDIA RTX A5000,,,4,machine,N
Step #82,2026-02-26T21:49:56,whisper,dd7fdf3d-1b5f-439d-9ecd-dc3f9ba3ae65,0.06414852850139141,3.650840324258651e-08,5.683962577858925e-07,360.0,148.82026062020597,10.0,6.433655880391581e-06,2.6600021385547734e-06,1.78658801855314e-07,9.272316820801638e-06,0.0,Canada,CAN,quebec,,,Linux-5.15.0-152-generic-x86_64-with-glibc2.35,3.14.2,3.1.0,4,AMD EPYC 9554 64-Core Processor,1,1 x NVIDIA RTX A5000,,,4,machine,N
Step #83,2026-02-26T21:49:56,whisper,dd7fdf3d-1b5f-439d-9ecd-dc3f9ba3ae65,0.07019555196166039,3.68870714574336e-08,5.248250356077244e-07,360.0,113.01124383669308,10.0,6.982363574206869e-06,2.1922239739069482e-06,1.939025190141466e-07,9.368490067127987e-06,0.0,Canada,CAN,quebec,,,Linux-5.15.0-152-generic-x86_64-with-glibc2.35,3.14.2,3.1.0,4,AMD EPYC 9554 64-Core Processor,1,1 x NVIDIA RTX A5000,,,4,machine,N
Step #84,2026-02-26T21:49:56,whisper,dd7fdf3d-1b5f-439d-9ecd-dc3f9ba3ae65,0.06682799011468887,3.543343017848556e-08,5.292113849129531e-07,360.0,108.55702642751191,10.0,6.769634224474482e-06,2.041668309971101e-06,1.8799520201153225e-07,8.999297736457111e-06,0.0,Canada,CAN,quebec,,,Linux-5.15.0-152-generic-x86_64-with-glibc2.35,3.14.2,3.1.0,4,AMD EPYC 9554 64-Core Processor,1,1 x NVIDIA RTX A5000,,,4,machine,N
Step #85,2026-02-26T21:49:56,whisper,dd7fdf3d-1b5f-439d-9ecd-dc3f9ba3ae65,0.07074685022234917,3.6944892782208056e-08,5.210613031915504e-07,360.0,109.44636376390127,10.0,7.0453034713864864e-06,2.142223934242793e-06,1.9564798308743537e-07,9.38317538871664e-06,0.0,Canada,CAN,quebec,,,Linux-5.15.0-152-generic-x86_64-with-glibc2.35,3.14.2,3.1.0,4,AMD EPYC 9554 64-Core Processor,1,1 x NVIDIA RTX A5000,,,4,machine,N
Step #86,2026-02-26T21:49:56,whisper,dd7fdf3d-1b5f-439d-9ecd-dc3f9ba3ae65,0.06758877076208591,2.7599399015800552e-08,4.0709795734040103e-07,360.0,0.0,10.0,6.820233911275812e-06,0.0,1.8939535237021048e-07,7.00962926364606e-06,0.0,Canada,CAN,quebec,,,Linux-5.15.0-152-generic-x86_64-with-glibc2.35,3.14.2,3.1.0,4,AMD EPYC 9554 64-Core Processor,1,1 x NVIDIA RTX A5000,,,4,machine,N
Step #87,2026-02-26T21:49:56,whisper,dd7fdf3d-1b5f-439d-9ecd-dc3f9ba3ae65,0.06522533856332302,2.6489357805647253e-08,4.0509488887742346e-07,360.0,0.0,10.0,6.545926257967949e-06,0.0,1.8177739758458292e-07,6.727703655552545e-06,0.0,Canada,CAN,quebec,,,Linux-5.15.0-152-generic-x86_64-with-glibc2.35,3.14.2,3.1.0,4,AMD EPYC 9554 64-Core Processor,1,1 x NVIDIA RTX A5000,,,4,machine,N
Step #88,2026-02-26T21:49:56,whisper,dd7fdf3d-1b5f-439d-9ecd-dc3f9ba3ae65,0.0756421685218811,3.912930821076232e-08,5.167216368058473e-07,360.0,102.60280975811118,10.0,7.5699640437960946e-06,2.1577795052962756e-06,2.1022443866564004e-07,9.937967987757993e-06,0.0,Canada,CAN,quebec,,,Linux-5.15.0-152-generic-x86_64-with-glibc2.35,3.14.2,3.1.0,4,AMD EPYC 9554 64-Core Processor,1,1 x NVIDIA RTX A5000,,,4,machine,N
Step #89,2026-02-26T21:49:56,whisper,dd7fdf3d-1b5f-439d-9ecd-dc3f9ba3ae65,0.06603570096194744,4.134584841416926e-08,6.251262959037969e-07,360.0,200.42652484370836,10.0,6.626888550818021e-06,3.6900029414255187e-06,1.8402806793650135e-07,1.0500919560180047e-05,0.0,Canada,CAN,quebec,,,Linux-5.15.0-152-generic-x86_64-with-glibc2.35,3.14.2,3.1.0,4,AMD EPYC 9554 64-Core Processor,1,1 x NVIDIA RTX A5000,,,4,machine,N
Step #90,2026-02-26T21:49:56,whisper,dd7fdf3d-1b5f-439d-9ecd-dc3f9ba3ae65,0.06940964236855507,3.599808376826067e-08,5.179029410240613e-07,360.0,106.2904789116071,10.0,6.91025294363495e-06,2.0405571916626286e-06,1.9189696758985545e-07,9.14270710288738e-06,0.0,Canada,CAN,quebec,,,Linux-5.15.0-152-generic-x86_64-with-glibc2.35,3.14.2,3.1.0,4,AMD EPYC 9554 64-Core Processor,1,1 x NVIDIA RTX A5000,,,4,machine,N
Step #91,2026-02-26T21:49:56,whisper,dd7fdf3d-1b5f-439d-9ecd-dc3f9ba3ae65,0.06498203799128532,3.630225568545824e-08,5.575401871485616e-07,360.0,139.1221874924274,10.0,6.519198976457133e-06,2.5197242337071657e-06,1.810367477850793e-07,9.219959957949375e-06,0.0,Canada,CAN,quebec,,,Linux-5.15.0-152-generic-x86_64-with-glibc2.35,3.14.2,3.1.0,4,AMD EPYC 9554 64-Core Processor,1,1 x NVIDIA RTX A5000,,,4,machine,N
Step #92,2026-02-26T21:49:56,whisper,dd7fdf3d-1b5f-439d-9ecd-dc3f9ba3ae65,0.06543190404772758,3.633968611501706e-08,5.547289594521141e-07,360.0,136.40998805907668,10.0,6.5608816221356114e-06,2.4863908691941106e-06,1.821939574761508e-07,9.229466448805825e-06,0.0,Canada,CAN,quebec,,,Linux-5.15.0-152-generic-x86_64-with-glibc2.35,3.14.2,3.1.0,4,AMD EPYC 9554 64-Core Processor,1,1 x NVIDIA RTX A5000,,,4,machine,N
Step #93,2026-02-26T21:49:57,whisper,dd7fdf3d-1b5f-439d-9ecd-dc3f9ba3ae65,0.07173452153801918,3.7425522067280985e-08,5.21205741069081e-07,360.0,105.48091408323272,10.0,7.196503505110764e-06,2.1088905839405925e-06,1.9985037441882662e-07,9.50524446347023e-06,0.0,Canada,CAN,quebec,,,Linux-5.15.0-152-generic-x86_64-with-glibc2.35,3.14.2,3.1.0,4,AMD EPYC 9554 64-Core Processor,1,1 x NVIDIA RTX A5000,,,4,machine,N
Step #94,2026-02-26T21:49:57,whisper,dd7fdf3d-1b5f-439d-9ecd-dc3f9ba3ae65,0.06704102270305157,2.71139288867582e-08,4.0411272178937897e-07,360.0,0.0,10.0,6.700265407562247e-06,0.0,1.8606531537241526e-07,6.886330722934608e-06,0.0,Canada,CAN,quebec,,,Linux-5.15.0-152-generic-x86_64-with-glibc2.35,3.14.2,3.1.0,4,AMD EPYC 9554 64-Core Processor,1,1 x NVIDIA RTX A5000,,,4,machine,N
Step #95,2026-02-26T21:49:57,whisper,dd7fdf3d-1b5f-439d-9ecd-dc3f9ba3ae65,0.068243108689785,2.7510994449835076e-08,4.0202931506994826e-07,360.0,0.0,10.0,6.798386387527034e-06,0.0,1.8879009617699629e-07,6.987176483704027e-06,0.0,Canada,CAN,quebec,,,Linux-5.15.0-152-generic-x86_64-with-glibc2.35,3.14.2,3.1.0,4,AMD EPYC 9554 64-Core Processor,1,1 x NVIDIA RTX A5000,,,4,machine,N
Step #96,2026-02-26T21:49:57,whisper,dd7fdf3d-1b5f-439d-9ecd-dc3f9ba3ae65,0.06677711941301823,2.72876476170956e-08,4.0785839098681147e-07,360.0,0.0,10.0,6.7431908100843395e-06,0.0,1.8726057993868967e-07,6.93045139002306e-06,0.0,Canada,CAN,quebec,,,Linux-5.15.0-152-generic-x86_64-with-glibc2.35,3.14.2,3.1.0,4,AMD EPYC 9554 64-Core Processor,1,1 x NVIDIA RTX A5000,,,4,machine,N
Step #97,2026-02-26T21:49:57,whisper,dd7fdf3d-1b5f-439d-9ecd-dc3f9ba3ae65,0.06515548005700111,4.0350841784054295e-08,6.180280635408357e-07,360.0,193.612800656471,10.0,6.545604392886161e-06,3.5208361452987447e-06,1.8176962104108482e-07,1.0248210159225987e-05,0.0,Canada,CAN,quebec,,,Linux-5.15.0-152-generic-x86_64-with-glibc2.35,3.14.2,3.1.0,4,AMD EPYC 9554 64-Core Processor,1,1 x NVIDIA RTX A5000,,,4,machine,N
Step #98,2026-02-26T21:49:57,whisper,dd7fdf3d-1b5f-439d-9ecd-dc3f9ba3ae65,0.06528361141681671,3.555567539741469e-08,5.437574280617546e-07,360.0,126.23722729347,10.0,6.550926342606595e-06,2.297501850989647e-06,1.8191709079676055e-07,9.030345284393023e-06,0.0,Canada,CAN,quebec,,,Linux-5.15.0-152-generic-x86_64-with-glibc2.35,3.14.2,3.1.0,4,AMD EPYC 9554 64-Core Processor,1,1 x NVIDIA RTX A5000,,,4,machine,N
Step #99,2026-02-26T21:49:57,whisper,dd7fdf3d-1b5f-439d-9ecd-dc3f9ba3ae65,0.0669971127063036,3.8395450079703403e-08,5.712294840842073e-07,360.0,145.13725230664224,10.0,6.8145638331770396e-06,2.747779959122454e-06,1.8924066486458087e-07,9.751584457164098e-06,0.0,Canada,CAN,quebec,,,Linux-5.15.0-152-generic-x86_64-with-glibc2.35,3.14.2,3.1.0,4,AMD EPYC 9554 64-Core Processor,1,1 x NVIDIA RTX A5000,,,4,machine,N
Step #100,2026-02-26T21:49:57,whisper,dd7fdf3d-1b5f-439d-9ecd-dc3f9ba3ae65,0.06568985804915428,3.8942172158144275e-08,5.918188696599316e-07,360.0,170.10069490067218,10.0,6.592098064720658e-06,3.115280279075705e-06,1.8306127749383294e-07,9.890439621290138e-06,0.0,Canada,CAN,quebec,,,Linux-5.15.0-152-generic-x86_64-with-glibc2.35,3.14.2,3.1.0,4,AMD EPYC 9554 64-Core Processor,1,1 x NVIDIA RTX A5000,,,4,machine,N
Step #101,2026-02-26T21:49:57,whisper,dd7fdf3d-1b5f-439d-9ecd-dc3f9ba3ae65,0.07593422196805477,3.983184661011585e-08,5.238063641693152e-07,360.0,107.92388945268537,10.0,7.620057649910411e-06,2.2847240614964903e-06,2.1161529649463105e-07,1.0116397007901715e-05,0.0,Canada,CAN,quebec,,,Linux-5.15.0-152-generic-x86_64-with-glibc2.35,3.14.2,3.1.0,4,AMD EPYC 9554 64-Core Processor,1,1 x NVIDIA RTX A5000,,,4,machine,N
Step #102,2026-02-26T21:49:57,whisper,dd7fdf3d-1b5f-439d-9ecd-dc3f9ba3ae65,0.0728294625878334,3.747193950841969e-08,5.133769268908524e-07,360.0,123.92220502571092,10.0,6.93635232746606e-06,2.3880574531176535e-06,1.9262367342081388e-07,9.517033454004443e-06,0.0,Canada,CAN,quebec,,,Linux-5.15.0-152-generic-x86_64-with-glibc2.35,3.14.2,3.1.0,4,AMD EPYC 9554 64-Core Processor,1,1 x NVIDIA RTX A5000,,,4,machine,N
Step #103,2026-02-26T21:49:57,whisper,dd7fdf3d-1b5f-439d-9ecd-dc3f9ba3ae65,0.06726025603711605,2.7299446224784374e-08,4.0514150040967953e-07,360.0,0.0,10.0,6.746109947562196e-06,0.0,1.8733802458478367e-07,6.93344797214699e-06,0.0,Canada,CAN,quebec,,,Linux-5.15.0-152-generic-x86_64-with-glibc2.35,3.14.2,3.1.0,4,AMD EPYC 9554 64-Core Processor,1,1 x NVIDIA RTX A5000,,,4,machine,N
Step #104,2026-02-26T21:49:58,whisper,dd7fdf3d-1b5f-439d-9ecd-dc3f9ba3ae65,0.06971127912402153,3.0958740640438266e-08,4.4355162776492586e-07,360.0,0.0,10.0,7.650368101894882e-06,0.0,2.1245870221820118e-07,7.862826804112995e-06,0.0,Canada,CAN,quebec,,,Linux-5.15.0-152-generic-x86_64-with-glibc2.35,3.14.2,3.1.0,4,AMD EPYC 9554 64-Core Processor,1,1 x NVIDIA RTX A5000,,,4,machine,N
Step #105,2026-02-26T21:49:58,whisper,dd7fdf3d-1b5f-439d-9ecd-dc3f9ba3ae65,0.06527174264192581,2.6569376571702947e-08,4.0618160560180664e-07,360.0,0.0,10.0,6.565698422491542e-06,0.0,1.823282076252817e-07,6.748026630116729e-06,0.0,Canada,CAN,quebec,,,Linux-5.15.0-152-generic-x86_64-with-glibc2.35,3.14.2,3.1.0,4,AMD EPYC 9554 64-Core Processor,1,1 x NVIDIA RTX A5000,,,4,machine,N
Step #106,2026-02-26T21:49:58,whisper,dd7fdf3d-1b5f-439d-9ecd-dc3f9ba3ae65,0.06487885862588882,3.944279000442871e-08,6.07127043027415e-07,360.0,184.16280936521866,10.0,6.507428735494586e-06,3.329447110900219e-06,1.8070949655440123e-07,1.001758534294921e-05,0.0,Canada,CAN,quebec,,,Linux-5.15.0-152-generic-x86_64-with-glibc2.35,3.14.2,3.1.0,4,AMD EPYC 9554 64-Core Processor,1,1 x NVIDIA RTX A5000,,,4,machine,N
Step #107,2026-02-26T21:49:58,whisper,dd7fdf3d-1b5f-439d-9ecd-dc3f9ba3ae65,0.06967708468437195,3.762630319873985e-08,5.394446757548167e-07,360.0,126.32268618592923,10.0,6.931254081428049e-06,2.4325019580828666e-06,1.9248233487208642e-07,9.55623837438314e-06,0.0,Canada,CAN,quebec,,,Linux-5.15.0-152-generic-x86_64-with-glibc2.35,3.14.2,3.1.0,4,AMD EPYC 9554 64-Core Processor,1,1 x NVIDIA RTX A5000,,,4,machine,N
Step #108,2026-02-26T21:49:58,whisper,dd7fdf3d-1b5f-439d-9ecd-dc3f9ba3ae65,0.0670065525919199,4.073575369924505e-08,6.066738502565238e-07,360.0,179.01852507936252,10.0,6.783692166209229e-06,3.373891573232868e-06,1.883854261702977e-07,1.0345969165612276e-05,0.0,Canada,CAN,quebec,,,Linux-5.15.0-152-generic-x86_64-with-glibc2.35,3.14.2,3.1.0,4,AMD EPYC 9554 64-Core Processor,1,1 x NVIDIA RTX A5000,,,4,machine,N
Step #109,2026-02-26T21:49:58,whisper,dd7fdf3d-1b5f-439d-9ecd-dc3f9ba3ae65,0.06758254766464233,4.237899346462228e-08,6.262145437187971e-07,360.0,201.7480208619941,10.0,6.77678640931842e-06,3.7983363796456615e-06,1.8819247682889414e-07,1.0763315265793078e-05,0.0,Canada,CAN,quebec,,,Linux-5.15.0-152-generic-x86_64-with-glibc2.35,3.14.2,3.1.0,4,AMD EPYC 9554 64-Core Processor,1,1 x NVIDIA RTX A5000,,,4,machine,N
Step #110,2026-02-26T21:49:58,whisper,dd7fdf3d-1b5f-439d-9ecd-dc3f9ba3ae65,0.06488612666726112,2.633886979964435e-08,4.0558466447243886e-07,360.0,0.0,10.0,6.508735939860389e-06,0.0,1.807471323344426e-07,6.68948307219492e-06,0.0,Canada,CAN,quebec,,,Linux-5.15.0-152-generic-x86_64-with-glibc2.35,3.14.2,3.1.0,4,AMD EPYC 9554 64-Core Processor,1,1 x NVIDIA RTX A5000,,,4,machine,N
Step #111,2026-02-26T21:49:58,whisper,dd7fdf3d-1b5f-439d-9ecd-dc3f9ba3ae65,0.06565099768340588,2.6655279546002708e-08,4.055490836455838e-07,360.0,0.0,10.0,6.586925871670288e-06,0.0,1.829181901282718e-07,6.769844061798539e-06,0.0,Canada,CAN,quebec,,,Linux-5.15.0-152-generic-x86_64-with-glibc2.35,3.14.2,3.1.0,4,AMD EPYC 9554 64-Core Processor,1,1 x NVIDIA RTX A5000,,,4,machine,N
Step #112,2026-02-26T21:49:58,whisper,dd7fdf3d-1b5f-439d-9ecd-dc3f9ba3ae65,0.06872551515698433,3.532172214413634e-08,5.133224779900941e-07,360.0,102.07694830070677,10.0,6.840949878096571e-06,1.940001553180082e-06,1.8997496614853645e-07,8.970926397425206e-06,0.0,Canada,CAN,quebec,,,Linux-5.15.0-152-generic-x86_64-with-glibc2.35,3.14.2,3.1.0,4,AMD EPYC 9554 64-Core Processor,1,1 x NVIDIA RTX A5000,,,4,machine,N
Step #113,2026-02-26T21:49:58,whisper,dd7fdf3d-1b5f-439d-9ecd-dc3f9ba3ae65,0.06761443987488747,3.8414861018102724e-08,5.674158690606682e-07,360.0,132.04480602731957,10.0,6.995848007500141e-06,2.566390946867614e-06,1.9427544644309486e-07,9.75651440081088e-06,0.0,Canada,CAN,quebec,,,Linux-5.15.0-152-generic-x86_64-with-glibc2.35,3.14.2,3.1.0,4,AMD EPYC 9554 64-Core Processor,1,1 x NVIDIA RTX A5000,,,4,machine,N
Step #114,2026-02-26T21:49:58,whisper,dd7fdf3d-1b5f-439d-9ecd-dc3f9ba3ae65,0.06438314728438854,3.927860303978533e-08,6.090745375881693e-07,360.0,186.10713660690868,10.0,6.4576655626297176e-06,3.338891545467959e-06,1.7932842278646003e-07,9.975885530884038e-06,0.0,Canada,CAN,quebec,,,Linux-5.15.0-152-generic-x86_64-with-glibc2.35,3.14.2,3.1.0,4,AMD EPYC 9554 64-Core Processor,1,1 x NVIDIA RTX A5000,,,4,machine,N
Step #115,2026-02-26T21:49:58,whisper,dd7fdf3d-1b5f-439d-9ecd-dc3f9ba3ae65,0.06471267528831959,4.077168491485729e-08,6.294202181249296e-07,360.0,204.6424755709152,10.0,6.486896611750115e-06,3.6880585128074017e-06,1.8013976514339285e-07,1.0355094889701e-05,0.0,Canada,CAN,quebec,,,Linux-5.15.0-152-generic-x86_64-with-glibc2.35,3.14.2,3.1.0,4,AMD EPYC 9554 64-Core Processor,1,1 x NVIDIA RTX A5000,,,4,machine,N
Step #116,2026-02-26T21:49:59,whisper,dd7fdf3d-1b5f-439d-9ecd-dc3f9ba3ae65,0.0651670191437006,2.645792287679781e-08,4.0537872537302333e-07,360.0,0.0,10.0,6.538157351314972e-06,0.0,1.815625362926064e-07,6.719719887607724e-06,0.0,Canada,CAN,quebec,,,Linux-5.15.0-152-generic-x86_64-with-glibc2.35,3.14.2,3.1.0,4,AMD EPYC 9554 64-Core Processor,1,1 x NVIDIA RTX A5000,,,4,machine,N
Step #117,2026-02-26T21:49:59,whisper,dd7fdf3d-1b5f-439d-9ecd-dc3f9ba3ae65,0.06532004289329052,2.6618902590358297e-08,4.054406169533187e-07,360.0,0.0,10.0,6.5779348835348595e-06,0.0,1.8267024618884073e-07,6.7606051297238595e-06,0.0,Canada,CAN,quebec,,,Linux-5.15.0-152-generic-x86_64-with-glibc2.35,3.14.2,3.1.0,4,AMD EPYC 9554 64-Core Processor,1,1 x NVIDIA RTX A5000,,,4,machine,N
Step #118,2026-02-26T21:49:59,whisper,dd7fdf3d-1b5f-439d-9ecd-dc3f9ba3ae65,0.06972545757889748,3.624984829453215e-08,5.19374304696074e-07,360.0,131.2788070256721,10.0,6.611654162406869e-06,2.4113908239087323e-06,1.8360466799802284e-07,9.206649654313519e-06,0.0,Canada,CAN,quebec,,,Linux-5.15.0-152-generic-x86_64-with-glibc2.35,3.14.2,3.1.0,4,AMD EPYC 9554 64-Core Processor,1,1 x NVIDIA RTX A5000,,,4,machine,N
Step #119,2026-02-26T21:49:59,whisper,dd7fdf3d-1b5f-439d-9ecd-dc3f9ba3ae65,0.06798471510410309,3.914438531771755e-08,5.746986625840186e-07,360.0,136.77744681719975,10.0,7.062067650258504e-06,2.683613260501261e-06,1.9611632451415158e-07,9.941797235273964e-06,0.0,Canada,CAN,quebec,,,Linux-5.15.0-152-generic-x86_64-with-glibc2.35,3.14.2,3.1.0,4,AMD EPYC 9554 64-Core Processor,1,1 x NVIDIA RTX A5000,,,4,machine,N
Step #120,2026-02-26T21:49:59,whisper,dd7fdf3d-1b5f-439d-9ecd-dc3f9ba3ae65,0.06872577406466007,4.02319809565268e-08,5.850122734951576e-07,360.0,164.2609810402695,10.0,6.884882599115399e-06,3.1419469479487816e-06,1.911926238487177e-07,1.0218022170912881e-05,0.0,Canada,CAN,quebec,,,Linux-5.15.0-152-generic-x86_64-with-glibc2.35,3.14.2,3.1.0,4,AMD EPYC 9554 64-Core Processor,1,1 x NVIDIA RTX A5000,,,4,machine,N
Step #121,2026-02-26T21:49:59,whisper,dd7fdf3d-1b5f-439d-9ecd-dc3f9ba3ae65,0.06564554944634438,3.7313857999061197e-08,5.677793043655575e-07,360.0,148.28178324264402,10.0,6.582420133054308e-06,2.711668855681637e-06,1.8279530211455218e-07,9.476884290850413e-06,0.0,Canada,CAN,quebec,,,Linux-5.15.0-152-generic-x86_64-with-glibc2.35,3.14.2,3.1.0,4,AMD EPYC 9554 64-Core Processor,1,1 x NVIDIA RTX A5000,,,4,machine,N
Step #122,2026-02-26T21:49:59,whisper,dd7fdf3d-1b5f-439d-9ecd-dc3f9ba3ae65,0.07305431552231312,3.6348974010521805e-08,4.969461310779256e-07,360.0,88.84682043697786,10.0,7.242904976010331e-06,1.7877791975706714e-06,2.0114119268125843e-07,9.231825366262268e-06,0.0,Canada,CAN,quebec,,,Linux-5.15.0-152-generic-x86_64-with-glibc2.35,3.14.2,3.1.0,4,AMD EPYC 9554 64-Core Processor,1,1 x NVIDIA RTX A5000,,,4,machine,N
Step #123,2026-02-26T21:49:59,whisper,dd7fdf3d-1b5f-439d-9ecd-dc3f9ba3ae65,0.06825683638453484,2.768408584692065e-08,4.0510323734198805e-07,360.0,0.0,10.0,6.841157935559756e-06,0.0,1.899798866361378e-07,7.031137822195721e-06,0.0,Canada,CAN,quebec,,,Linux-5.15.0-152-generic-x86_64-with-glibc2.35,3.14.2,3.1.0,4,AMD EPYC 9554 64-Core Processor,1,1 x NVIDIA RTX A5000,,,4,machine,N
Step #124,2026-02-26T21:49:59,whisper,dd7fdf3d-1b5f-439d-9ecd-dc3f9ba3ae65,0.0682728011161089,2.6322421706091728e-08,3.853050438717281e-07,360.0,0.0,10.0,6.5046709030866165e-06,0.0,1.8063472169968698e-07,6.68530562478631e-06,0.0,Canada,CAN,quebec,,,Linux-5.15.0-152-generic-x86_64-with-glibc2.35,3.14.2,3.1.0,4,AMD EPYC 9554 64-Core Processor,1,1 x NVIDIA RTX A5000,,,4,machine,N
Step #125,2026-02-26T21:49:59,whisper,dd7fdf3d-1b5f-439d-9ecd-dc3f9ba3ae65,0.07229416631162167,2.9284445563144864e-08,4.0474841782090113e-07,360.0,0.0,10.0,7.236628793179942e-06,0.0,2.0096455700695365e-07,7.437593350186804e-06,0.0,Canada,CAN,quebec,,,Linux-5.15.0-152-generic-x86_64-with-glibc2.35,3.14.2,3.1.0,4,AMD EPYC 9554 64-Core Processor,1,1 x NVIDIA RTX A5000,,,4,machine,N
Step #126,2026-02-26T21:49:59,whisper,dd7fdf3d-1b5f-439d-9ecd-dc3f9ba3ae65,0.06508979015052319,4.0084397094327165e-08,6.149460422820405e-07,360.0,191.5766919452095,10.0,6.52597900480036e-06,3.473336107617797e-06,1.812240626249065e-07,1.0180539175042979e-05,0.0,Canada,CAN,quebec,,,Linux-5.15.0-152-generic-x86_64-with-glibc2.35,3.14.2,3.1.0,4,AMD EPYC 9554 64-Core Processor,1,1 x NVIDIA RTX A5000,,,4,machine,N
Step #127,2026-02-26T21:49:59,whisper,dd7fdf3d-1b5f-439d-9ecd-dc3f9ba3ae65,0.0653085932135582,3.809309683567175e-08,5.828019277866144e-07,360.0,161.8233058558618,10.0,6.548765674233427e-06,2.9441690401199594e-06,1.8185879000359197e-07,9.674793504357154e-06,0.0,Canada,CAN,quebec,,,Linux-5.15.0-152-generic-x86_64-with-glibc2.35,3.14.2,3.1.0,4,AMD EPYC 9554 64-Core Processor,1,1 x NVIDIA RTX A5000,,,4,machine,N
Step #128,2026-02-26T21:50:00,whisper,dd7fdf3d-1b5f-439d-9ecd-dc3f9ba3ae65,0.06599099934101105,3.703488710182845e-08,5.603453788991322e-07,360.0,141.2609310696605,10.0,6.622940488159646e-06,2.599168738015578e-06,1.8392270430922403e-07,9.406031930484513e-06,0.0,Canada,CAN,quebec,,,Linux-5.15.0-152-generic-x86_64-with-glibc2.35,3.14.2,3.1.0,4,AMD EPYC 9554 64-Core Processor,1,1 x NVIDIA RTX A5000,,,4,machine,N
Step #129,2026-02-26T21:50:00,whisper,dd7fdf3d-1b5f-439d-9ecd-dc3f9ba3ae65,0.0719289742410183,3.475690231236014e-08,4.831494456338366e-07,360.0,115.19769424953775,10.0,6.549483723938517e-06,2.0961127944474356e-06,1.8187829086349983e-07,8.827474809249523e-06,0.0,Canada,CAN,quebec,,,Linux-5.15.0-152-generic-x86_64-with-glibc2.35,3.14.2,3.1.0,4,AMD EPYC 9554 64-Core Processor,1,1 x NVIDIA RTX A5000,,,4,machine,N
Step #130,2026-02-26T21:50:00,whisper,dd7fdf3d-1b5f-439d-9ecd-dc3f9ba3ae65,0.0666876882314682,2.7308767829727083e-08,4.0901031375548245e-07,360.0,0.0,10.0,6.7484140396118376e-06,0.0,1.8740141143401315e-07,6.935815451045895e-06,0.0,Canada,CAN,quebec,,,Linux-5.15.0-152-generic-x86_64-with-glibc2.35,3.14.2,3.1.0,4,AMD EPYC 9554 64-Core Processor,1,1 x NVIDIA RTX A5000,,,4,machine,N
Step #131,2026-02-26T21:50:00,whisper,dd7fdf3d-1b5f-439d-9ecd-dc3f9ba3ae65,0.0653894729912281,2.6541514105457413e-08,4.053450024304083e-07,360.0,0.0,10.0,6.558812595903801e-06,0.0,1.821375917643295e-07,6.7409501876682185e-06,0.0,Canada,CAN,quebec,,,Linux-5.15.0-152-generic-x86_64-with-glibc2.35,3.14.2,3.1.0,4,AMD EPYC 9554 64-Core Processor,1,1 x NVIDIA RTX A5000,,,4,machine,N
Step #132,2026-02-26T21:50:00,whisper,dd7fdf3d-1b5f-439d-9ecd-dc3f9ba3ae65,0.0657345075160265,3.8374145646682596e-08,5.830917951107405e-07,360.0,161.99116793909386,10.0,6.594975851476189e-06,2.96805792743271e-06,1.8313982937899002e-07,9.746173608287832e-06,0.0,Canada,CAN,quebec,,,Linux-5.15.0-152-generic-x86_64-with-glibc2.35,3.14.2,3.1.0,4,AMD EPYC 9554 64-Core Processor,1,1 x NVIDIA RTX A5000,,,4,machine,N
Step #133,2026-02-26T21:50:00,whisper,dd7fdf3d-1b5f-439d-9ecd-dc3f9ba3ae65,0.07294192723929882,4.07121219325762e-08,5.574744402919645e-07,360.0,139.0323851100188,10.0,7.31244981288918e-06,2.824446696081395e-06,2.0307071713937693e-07,1.033996722611002e-05,0.0,Canada,CAN,quebec,,,Linux-5.15.0-152-generic-x86_64-with-glibc2.35,3.14.2,3.1.0,4,AMD EPYC 9554 64-Core Processor,1,1 x NVIDIA RTX A5000,,,4,machine,N
Step #134,2026-02-26T21:50:00,whisper,dd7fdf3d-1b5f-439d-9ecd-dc3f9ba3ae65,0.0650983601808548,3.750402907193021e-08,5.75099792662961e-07,360.0,154.5213004477204,10.0,6.537253223359634e-06,2.8063911372555594e-06,1.8153912387788233e-07,9.525183484493036e-06,0.0,Canada,CAN,quebec,,,Linux-5.15.0-152-generic-x86_64-with-glibc2.35,3.14.2,3.1.0,4,AMD EPYC 9554 64-Core Processor,1,1 x NVIDIA RTX A5000,,,4,machine,N
Step #135,2026-02-26T21:50:00,whisper,dd7fdf3d-1b5f-439d-9ecd-dc3f9ba3ae65,0.06901326775550842,3.51913847256711e-08,5.094034191817721e-07,360.0,117.59632738583288,10.0,6.598739884793861e-06,2.155835062467304e-06,1.8324866476986118e-07,8.9378236120311e-06,0.0,Canada,CAN,quebec,,,Linux-5.15.0-152-generic-x86_64-with-glibc2.35,3.14.2,3.1.0,4,AMD EPYC 9554 64-Core Processor,1,1 x NVIDIA RTX A5000,,,4,machine,N
Step #136,2026-02-26T21:50:00,whisper,dd7fdf3d-1b5f-439d-9ecd-dc3f9ba3ae65,0.06985069811344147,4.19873715474787e-08,6.001991057634391e-07,360.0,152.23177647595588,10.0,7.3508230969310424e-06,3.1088913630128445e-06,2.041376092367701e-07,1.0663852069180569e-05,0.0,Canada,CAN,quebec,,,Linux-5.15.0-152-generic-x86_64-with-glibc2.35,3.14.2,3.1.0,4,AMD EPYC 9554 64-Core Processor,1,1 x NVIDIA RTX A5000,,,4,machine,N
Step #137,2026-02-26T21:50:00,whisper,dd7fdf3d-1b5f-439d-9ecd-dc3f9ba3ae65,0.06864046305418015,3.5125411832397754e-08,5.103440663395172e-07,360.0,100.42900982212952,10.0,6.826765649020671e-06,1.904723745838055e-06,1.8957857973873657e-07,8.921067974597364e-06,0.0,Canada,CAN,quebec,,,Linux-5.15.0-152-generic-x86_64-with-glibc2.35,3.14.2,3.1.0,4,AMD EPYC 9554 64-Core Processor,1,1 x NVIDIA RTX A5000,,,4,machine,N
Step #138,2026-02-26T21:50:00,whisper,dd7fdf3d-1b5f-439d-9ecd-dc3f9ba3ae65,0.06751685962080956,2.7833799067635867e-08,4.1179162526287967e-07,360.0,0.0,10.0,6.878153420984776e-06,0.0,1.9100820645689875e-07,7.069161627441638e-06,0.0,Canada,CAN,quebec,,,Linux-5.15.0-152-generic-x86_64-with-glibc2.35,3.14.2,3.1.0,4,AMD EPYC 9554 64-Core Processor,1,1 x NVIDIA RTX A5000,,,4,machine,N
Step #139,2026-02-26T21:50:01,whisper,dd7fdf3d-1b5f-439d-9ecd-dc3f9ba3ae65,0.06531908176839352,2.673090367905453e-08,4.0916465057524964e-07,360.0,0.0,10.0,6.60561695694931e-06,0.0,1.8343394104805387e-07,6.789050897997289e-06,0.0,Canada,CAN,quebec,,,Linux-5.15.0-152-generic-x86_64-with-glibc2.35,3.14.2,3.1.0,4,AMD EPYC 9554 64-Core Processor,1,1 x NVIDIA RTX A5000,,,4,machine,N
Step #140,2026-02-26T21:50:01,whisper,dd7fdf3d-1b5f-439d-9ecd-dc3f9ba3ae65,0.06509430892765522,3.738828964803953e-08,5.736181947773418e-07,360.0,153.48395412014733,10.0,6.530004180967889e-06,2.7844466927717804e-06,1.8133738906019213e-07,9.495788262799858e-06,0.0,Canada,CAN,quebec,,,Linux-5.15.0-152-generic-x86_64-with-glibc2.35,3.14.2,3.1.0,4,AMD EPYC 9554 64-Core Processor,1,1 x NVIDIA RTX A5000,,,4,machine,N
Step #141,2026-02-26T21:50:01,whisper,dd7fdf3d-1b5f-439d-9ecd-dc3f9ba3ae65,0.07229568809270859,3.695920348301477e-08,5.10627511489569e-07,360.0,99.45728149500809,10.0,7.198028266429922e-06,1.9888904603249102e-06,1.9989125947985278e-07,9.386809986234668e-06,0.0,Canada,CAN,quebec,,,Linux-5.15.0-152-generic-x86_64-with-glibc2.35,3.14.2,3.1.0,4,AMD EPYC 9554 64-Core Processor,1,1 x NVIDIA RTX A5000,,,4,machine,N
Step #142,2026-02-26T21:50:01,whisper,dd7fdf3d-1b5f-439d-9ecd-dc3f9ba3ae65,0.06849407032132149,3.532221992603034e-08,5.152189972743353e-07,360.0,97.7505302877277,10.0,6.904316879808919e-06,1.8750015016166799e-06,1.917344414525554e-07,8.971052822878212e-06,0.0,Canada,CAN,quebec,,,Linux-5.15.0-152-generic-x86_64-with-glibc2.35,3.14.2,3.1.0,4,AMD EPYC 9554 64-Core Processor,1,1 x NVIDIA RTX A5000,,,4,machine,N
Step #143,2026-02-26T21:50:01,whisper,dd7fdf3d-1b5f-439d-9ecd-dc3f9ba3ae65,0.06488720886409283,3.69367558461182e-08,5.685384179212227e-07,360.0,148.7679506696623,10.0,6.5097769722341926e-06,2.690557707296648e-06,1.807741096450224e-07,9.381108789175948e-06,0.0,Canada,CAN,quebec,,,Linux-5.15.0-152-generic-x86_64-with-glibc2.35,3.14.2,3.1.0,4,AMD EPYC 9554 64-Core Processor,1,1 x NVIDIA RTX A5000,,,4,machine,N
Step #144,2026-02-26T21:50:01,whisper,dd7fdf3d-1b5f-439d-9ecd-dc3f9ba3ae65,0.06458717212080956,2.6211877251221132e-08,4.055740207347982e-07,360.0,0.0,10.0,6.477358378469871e-06,0.0,1.798714304135906e-07,6.657229808883485e-06,0.0,Canada,CAN,quebec,,,Linux-5.15.0-152-generic-x86_64-with-glibc2.35,3.14.2,3.1.0,4,AMD EPYC 9554 64-Core Processor,1,1 x NVIDIA RTX A5000,,,4,machine,N
Step #145,2026-02-26T21:50:01,whisper,dd7fdf3d-1b5f-439d-9ecd-dc3f9ba3ae65,0.06482026912271976,2.6318133108989943e-08,4.055133787367745e-07,360.0,0.0,10.0,6.503611616790351e-06,0.0,1.8060480037497138e-07,6.684216417165295e-06,0.0,Canada,CAN,quebec,,,Linux-5.15.0-152-generic-x86_64-with-glibc2.35,3.14.2,3.1.0,4,AMD EPYC 9554 64-Core Processor,1,1 x NVIDIA RTX A5000,,,4,machine,N
Step #146,2026-02-26T21:50:01,whisper,dd7fdf3d-1b5f-439d-9ecd-dc3f9ba3ae65,0.06475894525647163,3.6167195829431895e-08,5.570139059710261e-07,360.0,138.48188478571635,10.0,6.503120996057942e-06,2.501946454458448e-06,1.8059032865696477e-07,9.185657779173457e-06,0.0,Canada,CAN,quebec,,,Linux-5.15.0-152-generic-x86_64-with-glibc2.35,3.14.2,3.1.0,4,AMD EPYC 9554 64-Core Processor,1,1 x NVIDIA RTX A5000,,,4,machine,N
Step #147,2026-02-26T21:50:01,whisper,dd7fdf3d-1b5f-439d-9ecd-dc3f9ba3ae65,0.06896652281284332,3.4432650934851314e-08,4.987093184305761e-07,360.0,109.86972075988123,10.0,6.5604386851191195e-06,2.002501602760276e-06,1.821819330669115e-07,8.745122220946361e-06,0.0,Canada,CAN,quebec,,,Linux-5.15.0-152-generic-x86_64-with-glibc2.35,3.14.2,3.1.0,4,AMD EPYC 9554 64-Core Processor,1,1 x NVIDIA RTX A5000,,,4,machine,N
Step #148,2026-02-26T21:50:01,whisper,dd7fdf3d-1b5f-439d-9ecd-dc3f9ba3ae65,0.06702379323542118,3.642159088444465e-08,5.423945449081165e-07,360.0,105.18089222113959,10.0,7.007875107228716e-06,2.047779403824279e-06,1.946139149367821e-07,9.250268425989696e-06,0.0,Canada,CAN,quebec,,,Linux-5.15.0-152-generic-x86_64-with-glibc2.35,3.14.2,3.1.0,4,AMD EPYC 9554 64-Core Processor,1,1 x NVIDIA RTX A5000,,,4,machine,N
Step #149,2026-02-26T21:50:01,whisper,dd7fdf3d-1b5f-439d-9ecd-dc3f9ba3ae65,0.06611976213753223,3.828863470111392e-08,5.781030527906555e-07,360.0,156.06907240536898,10.0,6.654385849833456e-06,2.8852800966205905e-06,1.8478979667028105e-07,9.724455743124246e-06,0.0,Canada,CAN,quebec,,,Linux-5.15.0-152-generic-x86_64-with-glibc2.35,3.14.2,3.1.0,4,AMD EPYC 9554 64-Core Processor,1,1 x NVIDIA RTX A5000,,,4,machine,N
Step #150,2026-02-26T21:50:01,whisper,dd7fdf3d-1b5f-439d-9ecd-dc3f9ba3ae65,0.06466726399958134,2.626242125527881e-08,4.055789051049709e-07,360.0,0.0,10.0,6.4898483455181136e-06,0.0,1.8021850846707959e-07,6.6700668539850915e-06,0.0,Canada,CAN,quebec,,,Linux-5.15.0-152-generic-x86_64-with-glibc2.35,3.14.2,3.1.0,4,AMD EPYC 9554 64-Core Processor,1,1 x NVIDIA RTX A5000,,,4,machine,N
Step #151,2026-02-26T21:50:02,whisper,dd7fdf3d-1b5f-439d-9ecd-dc3f9ba3ae65,0.06555553525686264,2.6682743761363898e-08,4.0634497327762485e-07,360.0,0.0,10.0,6.593715026974745e-06,0.0,1.831043304668543e-07,6.776819357441491e-06,0.0,Canada,CAN,quebec,,,Linux-5.15.0-152-generic-x86_64-with-glibc2.35,3.14.2,3.1.0,4,AMD EPYC 9554 64-Core Processor,1,1 x NVIDIA RTX A5000,,,4,machine,N
Step #152,2026-02-26T21:50:02,whisper,dd7fdf3d-1b5f-439d-9ecd-dc3f9ba3ae65,0.07001963816583157,3.6528525233622294e-08,5.211082868084062e-07,360.0,109.42757477203337,10.0,6.966197676956578e-06,2.117779487775806e-06,1.9345019116169624e-07,9.277427355894189e-06,0.0,Canada,CAN,quebec,,,Linux-5.15.0-152-generic-x86_64-with-glibc2.35,3.14.2,3.1.0,4,AMD EPYC 9554 64-Core Processor,1,1 x NVIDIA RTX A5000,,,4,machine,N
Step #153,2026-02-26T21:50:02,whisper,dd7fdf3d-1b5f-439d-9ecd-dc3f9ba3ae65,0.06943226046860218,3.787877219646904e-08,5.442793165904168e-07,360.0,122.13418125065674,10.0,7.037156261503622e-06,2.38777968775139e-06,1.9542389652795324e-07,9.62035984578306e-06,0.0,Canada,CAN,quebec,,,Linux-5.15.0-152-generic-x86_64-with-glibc2.35,3.14.2,3.1.0,4,AMD EPYC 9554 64-Core Processor,1,1 x NVIDIA RTX A5000,,,4,machine,N
Step #154,2026-02-26T21:50:02,whisper,dd7fdf3d-1b5f-439d-9ecd-dc3f9ba3ae65,0.06511278823018074,3.6478692667316895e-08,5.593889436183506e-07,360.0,140.63569132574895,10.0,6.531448289752049e-06,2.5519464799117486e-06,1.8137623038556774e-07,9.264771000049325e-06,0.0,Canada,CAN,quebec,,,Linux-5.15.0-152-generic-x86_64-with-glibc2.35,3.14.2,3.1.0,4,AMD EPYC 9554 64-Core Processor,1,1 x NVIDIA RTX A5000,,,4,machine,N
Step #155,2026-02-26T21:50:02,whisper,dd7fdf3d-1b5f-439d-9ecd-dc3f9ba3ae65,0.07216632552444935,3.4899899183345396e-08,4.830850024091597e-07,360.0,93.77660795919924,10.0,6.880224309861608e-06,1.7925014361708236e-06,1.9106706604361492e-07,8.863792812075985e-06,0.0,Canada,CAN,quebec,,,Linux-5.15.0-152-generic-x86_64-with-glibc2.35,3.14.2,3.1.0,4,AMD EPYC 9554 64-Core Processor,1,1 x NVIDIA RTX A5000,,,4,machine,N
Step #156,2026-02-26T21:50:02,whisper,dd7fdf3d-1b5f-439d-9ecd-dc3f9ba3ae65,0.07241022028028965,4.0711888421412674e-08,5.616850711475234e-07,360.0,142.66947287546023,10.0,7.2605011984705654e-06,2.8777800764601125e-06,2.0162664457327485e-07,1.0339907919503953e-05,0.0,Canada,CAN,quebec,,,Linux-5.15.0-152-generic-x86_64-with-glibc2.35,3.14.2,3.1.0,4,AMD EPYC 9554 64-Core Processor,1,1 x NVIDIA RTX A5000,,,4,machine,N
Step #157,2026-02-26T21:50:02,whisper,dd7fdf3d-1b5f-439d-9ecd-dc3f9ba3ae65,0.06498830951750278,2.6389088688050462e-08,4.0540475739019644e-07,360.0,0.0,10.0,6.521148048341382e-06,0.0,1.8108949686090127e-07,6.702237545202182e-06,0.0,Canada,CAN,quebec,,,Linux-5.15.0-152-generic-x86_64-with-glibc2.35,3.14.2,3.1.0,4,AMD EPYC 9554 64-Core Processor,1,1 x NVIDIA RTX A5000,,,4,machine,N
Step #158,2026-02-26T21:50:02,whisper,dd7fdf3d-1b5f-439d-9ecd-dc3f9ba3ae65,0.06466644443571568,2.6444337080328025e-08,4.0841182043679713e-07,360.0,0.0,10.0,6.5347982570530035e-06,0.0,1.8147114250394777e-07,6.71626939955706e-06,0.0,Canada,CAN,quebec,,,Linux-5.15.0-152-generic-x86_64-with-glibc2.35,3.14.2,3.1.0,4,AMD EPYC 9554 64-Core Processor,1,1 x NVIDIA RTX A5000,,,4,machine,N
Step #159,2026-02-26T21:50:02,whisper,dd7fdf3d-1b5f-439d-9ecd-dc3f9ba3ae65,0.06980031728744507,3.807125967962338e-08,5.447186745366681e-07,360.0,152.1667595415174,10.0,6.666073016822413e-06,2.818057808440244e-06,1.8511653049952303e-07,9.669247355762085e-06,0.0,Canada,CAN,quebec,,,Linux-5.15.0-152-generic-x86_64-with-glibc2.35,3.14.2,3.1.0,4,AMD EPYC 9554 64-Core Processor,1,1 x NVIDIA RTX A5000,,,4,machine,N
Step #160,2026-02-26T21:50:02,whisper,dd7fdf3d-1b5f-439d-9ecd-dc3f9ba3ae65,0.06998366862535477,3.95949856441562e-08,5.649134970142165e-07,360.0,122.99402434272069,10.0,7.343144342303234e-06,2.5091686666200985e-06,2.039266181074915e-07,1.0056239627030715e-05,0.0,Canada,CAN,quebec,,,Linux-5.15.0-152-generic-x86_64-with-glibc2.35,3.14.2,3.1.0,4,AMD EPYC 9554 64-Core Processor,1,1 x NVIDIA RTX A5000,,,4,machine,N
Step #161,2026-02-26T21:50:02,whisper,dd7fdf3d-1b5f-439d-9ecd-dc3f9ba3ae65,0.06602269224822521,3.6793565041560163e-08,5.560606889726365e-07,360.0,133.87174499595918,10.0,6.676282733678865e-06,2.483057556901258e-06,1.854012409845964e-07,9.344741531564773e-06,0.0,Canada,CAN,quebec,,,Linux-5.15.0-152-generic-x86_64-with-glibc2.35,3.14.2,3.1.0,4,AMD EPYC 9554 64-Core Processor,1,1 x NVIDIA RTX A5000,,,4,machine,N
Step #162,2026-02-26T21:50:02,whisper,dd7fdf3d-1b5f-439d-9ecd-dc3f9ba3ae65,0.06961778365075588,3.897957765050002e-08,5.589907012502421e-07,360.0,142.0683732795158,10.0,6.959720328450275e-06,2.7469466346019544e-06,1.932728156033497e-07,9.899939778655565e-06,0.0,Canada,CAN,quebec,,,Linux-5.15.0-152-generic-x86_64-with-glibc2.35,3.14.2,3.1.0,4,AMD EPYC 9554 64-Core Processor,1,1 x NVIDIA RTX A5000,,,4,machine,N
Step #163,2026-02-26T21:50:03,whisper,dd7fdf3d-1b5f-439d-9ecd-dc3f9ba3ae65,0.06822056882083416,4.035689571056883e-08,5.90626953672034e-07,360.0,153.165910991201,10.0,7.052775472402668e-06,3.001113512368647e-06,1.9585873621205674e-07,1.0249747720983372e-05,0.0,Canada,CAN,quebec,,,Linux-5.15.0-152-generic-x86_64-with-glibc2.35,3.14.2,3.1.0,4,AMD EPYC 9554 64-Core Processor,1,1 x NVIDIA RTX A5000,,,4,machine,N
Step #164,2026-02-26T21:50:03,whisper,dd7fdf3d-1b5f-439d-9ecd-dc3f9ba3ae65,0.06494212709367275,2.6363321352700822e-08,4.054070070895473e-07,360.0,0.0,10.0,6.51478096842773e-06,0.0,1.8091225065290867e-07,6.695693219080584e-06,0.0,Canada,CAN,quebec,,,Linux-5.15.0-152-generic-x86_64-with-glibc2.35,3.14.2,3.1.0,4,AMD EPYC 9554 64-Core Processor,1,1 x NVIDIA RTX A5000,,,4,machine,N
Step #165,2026-02-26T21:50:03,whisper,dd7fdf3d-1b5f-439d-9ecd-dc3f9ba3ae65,0.06526368856430054,2.648308545099764e-08,4.057219830045624e-07,360.0,0.0,10.0,6.544373556971635e-06,0.0,1.8173706096907225e-07,6.726110617940673e-06,0.0,Canada,CAN,quebec,,,Linux-5.15.0-152-generic-x86_64-with-glibc2.35,3.14.2,3.1.0,4,AMD EPYC 9554 64-Core Processor,1,1 x NVIDIA RTX A5000,,,4,machine,N
Step #166,2026-02-26T21:50:03,whisper,dd7fdf3d-1b5f-439d-9ecd-dc3f9ba3ae65,0.06595468893647194,3.742673436941526e-08,5.666594409310931e-07,360.0,147.1066880764803,10.0,6.617343239486307e-06,2.704446615098277e-06,1.837625064783627e-07,9.505552361062852e-06,0.0,Canada,CAN,quebec,,,Linux-5.15.0-152-generic-x86_64-with-glibc2.35,3.14.2,3.1.0,4,AMD EPYC 9554 64-Core Processor,1,1 x NVIDIA RTX A5000,,,4,machine,N
Step #167,2026-02-26T21:50:03,whisper,dd7fdf3d-1b5f-439d-9ecd-dc3f9ba3ae65,0.0887778103351593,4.915830006852859e-08,5.160574470929347e-07,360.0,101.09145854620837,10.0,9.540693275630419e-06,2.6794465952661994e-06,2.6496745025117945e-07,1.2485107321147859e-05,0.0,Canada,CAN,quebec,,,Linux-5.15.0-152-generic-x86_64-with-glibc2.35,3.14.2,3.1.0,4,AMD EPYC 9554 64-Core Processor,1,1 x NVIDIA RTX A5000,,,4,machine,N
Step #168,2026-02-26T21:50:03,whisper,dd7fdf3d-1b5f-439d-9ecd-dc3f9ba3ae65,0.07924996502697468,4.4981351834558905e-08,5.195660235392386e-07,360.0,102.53226588324073,10.0,8.703377842903112e-06,2.4791686428216053e-06,2.417095264212928e-07,1.1424256012146057e-05,0.0,Canada,CAN,quebec,,,Linux-5.15.0-152-generic-x86_64-with-glibc2.35,3.14.2,3.1.0,4,AMD EPYC 9554 64-Core Processor,1,1 x NVIDIA RTX A5000,,,4,machine,N
Step #169,2026-02-26T21:50:03,whisper,dd7fdf3d-1b5f-439d-9ecd-dc3f9ba3ae65,0.07412603124976158,4.963007954928633e-08,5.888450807503469e-07,360.0,167.68337612598486,10.0,8.439166843891193e-06,3.931392043909909e-06,2.3436985599497684e-07,1.2604928743796106e-05,0.0,Canada,CAN,quebec,,,Linux-5.15.0-152-generic-x86_64-with-glibc2.35,3.14.2,3.1.0,4,AMD EPYC 9554 64-Core Processor,1,1 x NVIDIA RTX A5000,,,4,machine,N
Step #170,2026-02-26T21:50:03,whisper,dd7fdf3d-1b5f-439d-9ecd-dc3f9ba3ae65,0.06493234820663929,3.7694716415901194e-08,5.79357915514315e-07,360.0,158.9286734074398,10.0,6.515725143253727e-06,2.8769467377287583e-06,1.8094191845092567e-07,9.573613799433505e-06,0.0,Canada,CAN,quebec,,,Linux-5.15.0-152-generic-x86_64-with-glibc2.35,3.14.2,3.1.0,4,AMD EPYC 9554 64-Core Processor,1,1 x NVIDIA RTX A5000,,,4,machine,N
Step #171,2026-02-26T21:50:03,whisper,dd7fdf3d-1b5f-439d-9ecd-dc3f9ba3ae65,0.06507855281233788,3.7578153636465764e-08,5.769312797932528e-07,360.0,156.5214704905679,10.0,6.525300443172358e-06,2.83750226515167e-06,1.8120675554706057e-07,9.544009463871095e-06,0.0,Canada,CAN,quebec,,,Linux-5.15.0-152-generic-x86_64-with-glibc2.35,3.14.2,3.1.0,4,AMD EPYC 9554 64-Core Processor,1,1 x NVIDIA RTX A5000,,,4,machine,N
Step #172,2026-02-26T21:50:03,whisper,dd7fdf3d-1b5f-439d-9ecd-dc3f9ba3ae65,0.06870495155453682,3.9188797767817896e-08,5.695394218722102e-07,360.0,176.2207260324421,10.0,6.559529528021857e-06,3.2113914585352177e-06,1.8215601642926723e-07,9.95307700298628e-06,0.0,Canada,CAN,quebec,,,Linux-5.15.0-152-generic-x86_64-with-glibc2.35,3.14.2,3.1.0,4,AMD EPYC 9554 64-Core Processor,1,1 x NVIDIA RTX A5000,,,4,machine,N
Step #173,2026-02-26T21:50:03,whisper,dd7fdf3d-1b5f-439d-9ecd-dc3f9ba3ae65,0.07440298423171043,4.163549891175767e-08,5.591570160505444e-07,360.0,140.23667394777337,10.0,7.460626773536216e-06,2.9066689819501335e-06,2.0718854438099484e-07,1.057448429986731e-05,0.0,Canada,CAN,quebec,,,Linux-5.15.0-152-generic-x86_64-with-glibc2.35,3.14.2,3.1.0,4,AMD EPYC 9554 64-Core Processor,1,1 x NVIDIA RTX A5000,,,4,machine,N
Step #174,2026-02-26T21:50:04,whisper,dd7fdf3d-1b5f-439d-9ecd-dc3f9ba3ae65,0.06673188135027885,2.709441563243449e-08,4.057363847919257e-07,360.0,0.0,10.0,6.695441342890324e-06,0.0,1.8593345044387935e-07,6.881374793334203e-06,0.0,Canada,CAN,quebec,,,Linux-5.15.0-152-generic-x86_64-with-glibc2.35,3.14.2,3.1.0,4,AMD EPYC 9554 64-Core Processor,1,1 x NVIDIA RTX A5000,,,4,machine,N
Step #175,2026-02-26T21:50:04,whisper,dd7fdf3d-1b5f-439d-9ecd-dc3f9ba3ae65,0.06506786867976189,2.6422877736156495e-08,4.053288644569527e-07,360.0,0.0,10.0,6.529495120048603e-06,0.0,1.8132408666941753e-07,6.710819206717919e-06,0.0,Canada,CAN,quebec,,,Linux-5.15.0-152-generic-x86_64-with-glibc2.35,3.14.2,3.1.0,4,AMD EPYC 9554 64-Core Processor,1,1 x NVIDIA RTX A5000,,,4,machine,N
Step #176,2026-02-26T21:50:04,whisper,dd7fdf3d-1b5f-439d-9ecd-dc3f9ba3ae65,0.06526402942836285,3.628134982651694e-08,5.551596641109039e-07,360.0,136.5419575903382,10.0,6.548627279698771e-06,2.4841686609988756e-06,1.8185439726544527e-07,9.21465033796318e-06,0.0,Canada,CAN,quebec,,,Linux-5.15.0-152-generic-x86_64-with-glibc2.35,3.14.2,3.1.0,4,AMD EPYC 9554 64-Core Processor,1,1 x NVIDIA RTX A5000,,,4,machine,N
Step #177,2026-02-26T21:50:04,whisper,dd7fdf3d-1b5f-439d-9ecd-dc3f9ba3ae65,0.06522855907678604,3.3788047397849625e-08,5.1699814503506e-07,360.0,101.80727479470428,10.0,6.547635234892442e-06,1.8519459246135739e-06,1.8182619888749323e-07,8.581407358393455e-06,0.0,Canada,CAN,quebec,,,Linux-5.15.0-152-generic-x86_64-with-glibc2.35,3.14.2,3.1.0,4,AMD EPYC 9554 64-Core Processor,1,1 x NVIDIA RTX A5000,,,4,machine,N
Step #178,2026-02-26T21:50:04,whisper,dd7fdf3d-1b5f-439d-9ecd-dc3f9ba3ae65,0.06909363903105259,3.8539253320656726e-08,5.568713667137963e-07,360.0,142.48465718005696,10.0,6.8755032494663415e-06,2.7216688351927587e-06,1.909351752450055e-07,9.788107259904024e-06,0.0,Canada,CAN,quebec,,,Linux-5.15.0-152-generic-x86_64-with-glibc2.35,3.14.2,3.1.0,4,AMD EPYC 9554 64-Core Processor,1,1 x NVIDIA RTX A5000,,,4,machine,N
Step #179,2026-02-26T21:50:04,whisper,dd7fdf3d-1b5f-439d-9ecd-dc3f9ba3ae65,0.06848742999136448,4.0089137908523016e-08,5.840658602294773e-07,360.0,157.32860878435386,10.0,6.9506645202636105e-06,3.0380579829625276e-06,1.930207324524739e-07,1.018174323567868e-05,0.0,Canada,CAN,quebec,,,Linux-5.15.0-152-generic-x86_64-with-glibc2.35,3.14.2,3.1.0,4,AMD EPYC 9554 64-Core Processor,1,1 x NVIDIA RTX A5000,,,4,machine,N
Step #180,2026-02-26T21:50:04,whisper,dd7fdf3d-1b5f-439d-9ecd-dc3f9ba3ae65,0.06513095274567604,2.6426115426814232e-08,4.048586963772529e-07,360.0,0.0,10.0,6.530297175049793e-06,0.0,1.8134433258738998e-07,6.7116415076371155e-06,0.0,Canada,CAN,quebec,,,Linux-5.15.0-152-generic-x86_64-with-glibc2.35,3.14.2,3.1.0,4,AMD EPYC 9554 64-Core Processor,1,1 x NVIDIA RTX A5000,,,4,machine,N
Step #181,2026-02-26T21:50:04,whisper,dd7fdf3d-1b5f-439d-9ecd-dc3f9ba3ae65,0.06593688949942589,2.6769685235602575e-08,4.0527461239798005e-07,360.0,0.0,10.0,6.615199148654995e-06,0.0,1.8370139619542492e-07,6.798900544850413e-06,0.0,Canada,CAN,quebec,,,Linux-5.15.0-152-generic-x86_64-with-glibc2.35,3.14.2,3.1.0,4,AMD EPYC 9554 64-Core Processor,1,1 x NVIDIA RTX A5000,,,4,machine,N
Step #182,2026-02-26T21:50:04,whisper,dd7fdf3d-1b5f-439d-9ecd-dc3f9ba3ae65,0.06539900228381157,3.562138947080093e-08,5.437462474927438e-07,360.0,126.53671614707163,10.0,6.559056416153815e-06,2.3058351672489152e-06,1.8214360396895255e-07,9.047035187371771e-06,0.0,Canada,CAN,quebec,,,Linux-5.15.0-152-generic-x86_64-with-glibc2.35,3.14.2,3.1.0,4,AMD EPYC 9554 64-Core Processor,1,1 x NVIDIA RTX A5000,,,4,machine,N
Step #183,2026-02-26T21:50:04,whisper,dd7fdf3d-1b5f-439d-9ecd-dc3f9ba3ae65,0.07637753896415234,3.958069432214025e-08,5.16971380659269e-07,360.0,101.99334904943349,10.0,7.66718201339247e-06,2.172501737618404e-06,2.1292620028058503e-07,1.0052609951291492e-05,0.0,Canada,CAN,quebec,,,Linux-5.15.0-152-generic-x86_64-with-glibc2.35,3.14.2,3.1.0,4,AMD EPYC 9554 64-Core Processor,1,1 x NVIDIA RTX A5000,,,4,machine,N
Step #184,2026-02-26T21:50:04,whisper,dd7fdf3d-1b5f-439d-9ecd-dc3f9ba3ae65,0.06524393148720264,3.707722008594503e-08,5.682776583583641e-07,360.0,149.0738257048526,10.0,6.5307039767504085e-06,2.7047243804645404e-06,1.8135520319144204e-07,9.416783560406384e-06,0.0,Canada,CAN,quebec,,,Linux-5.15.0-152-generic-x86_64-with-glibc2.35,3.14.2,3.1.0,4,AMD EPYC 9554 64-Core Processor,1,1 x NVIDIA RTX A5000,,,4,machine,N
Step #185,2026-02-26T21:50:04,whisper,dd7fdf3d-1b5f-439d-9ecd-dc3f9ba3ae65,0.06519347056746483,4.245835085743273e-08,6.503308291867176e-07,360.0,223.70786813324938,10.0,6.538291089236642e-06,4.063614369442803e-06,1.8156480768488544e-07,1.0783470266364364e-05,0.0,Canada,CAN,quebec,,,Linux-5.15.0-152-generic-x86_64-with-glibc2.35,3.14.2,3.1.0,4,AMD EPYC 9554 64-Core Processor,1,1 x NVIDIA RTX A5000,,,4,machine,N
Step #186,2026-02-26T21:50:05,whisper,dd7fdf3d-1b5f-439d-9ecd-dc3f9ba3ae65,0.0655717458575964,2.6618601411726533e-08,4.0501413439259814e-07,360.0,0.0,10.0,6.5778639167547726e-06,0.0,1.8266472034156084e-07,6.760528637096306e-06,0.0,Canada,CAN,quebec,,,Linux-5.15.0-152-generic-x86_64-with-glibc2.35,3.14.2,3.1.0,4,AMD EPYC 9554 64-Core Processor,1,1 x NVIDIA RTX A5000,,,4,machine,N
Step #187,2026-02-26T21:50:05,whisper,dd7fdf3d-1b5f-439d-9ecd-dc3f9ba3ae65,0.0659535601735115,2.6779000443757548e-08,4.0535162700380586e-07,360.0,0.0,10.0,6.61750044673678e-06,0.0,1.837659523718898e-07,6.8012663991085746e-06,0.0,Canada,CAN,quebec,,,Linux-5.15.0-152-generic-x86_64-with-glibc2.35,3.14.2,3.1.0,4,AMD EPYC 9554 64-Core Processor,1,1 x NVIDIA RTX A5000,,,4,machine,N
Step #188,2026-02-26T21:50:05,whisper,dd7fdf3d-1b5f-439d-9ecd-dc3f9ba3ae65,0.07223636470735073,3.953463956946552e-08,5.467113717663241e-07,360.0,133.32366861744953,10.0,7.18147829174994e-06,2.6600021385547734e-06,1.994326452000301e-07,1.004091307550475e-05,0.0,Canada,CAN,quebec,,,Linux-5.15.0-152-generic-x86_64-with-glibc2.35,3.14.2,3.1.0,4,AMD EPYC 9554 64-Core Processor,1,1 x NVIDIA RTX A5000,,,4,machine,N
Step #189,2026-02-26T21:50:05,whisper,dd7fdf3d-1b5f-439d-9ecd-dc3f9ba3ae65,0.06764625012874603,3.504865250026652e-08,5.172983001094953e-07,360.0,90.81295568225016,10.0,6.954011134803354e-06,1.754445847268471e-06,1.9311584118339626e-07,8.901572823255153e-06,0.0,Canada,CAN,quebec,,,Linux-5.15.0-152-generic-x86_64-with-glibc2.35,3.14.2,3.1.0,4,AMD EPYC 9554 64-Core Processor,1,1 x NVIDIA RTX A5000,,,4,machine,N
Step #190,2026-02-26T21:50:05,whisper,dd7fdf3d-1b5f-439d-9ecd-dc3f9ba3ae65,0.06842814013361931,3.7586561950811556e-08,5.485275531556859e-07,360.0,130.94213864581388,10.0,6.860081106424337e-06,2.4955575383955875e-06,1.90506342591509e-07,9.546144987411433e-06,0.0,Canada,CAN,quebec,,,Linux-5.15.0-152-generic-x86_64-with-glibc2.35,3.14.2,3.1.0,4,AMD EPYC 9554 64-Core Processor,1,1 x NVIDIA RTX A5000,,,4,machine,N
Step #191,2026-02-26T21:50:05,whisper,dd7fdf3d-1b5f-439d-9ecd-dc3f9ba3ae65,0.06620842404663563,4.078317198642719e-08,6.15202655262332e-07,360.0,191.32260649116404,10.0,6.64271358400575e-06,3.5308361674424305e-06,1.844625971797432e-07,1.0358012348628005e-05,0.0,Canada,CAN,quebec,,,Linux-5.15.0-152-generic-x86_64-with-glibc2.35,3.14.2,3.1.0,4,AMD EPYC 9554 64-Core Processor,1,1 x NVIDIA RTX A5000,,,4,machine,N
Step #192,2026-02-26T21:50:05,whisper,dd7fdf3d-1b5f-439d-9ecd-dc3f9ba3ae65,0.07570421881973743,4.255033354792821e-08,5.608116972353337e-07,360.0,142.63727839544623,10.0,7.5888583436609005e-06,3.0072246204326802e-06,2.107488457113514e-07,1.0806831809804986e-05,0.0,Canada,CAN,quebec,,,Linux-5.15.0-152-generic-x86_64-with-glibc2.35,3.14.2,3.1.0,4,AMD EPYC 9554 64-Core Processor,1,1 x NVIDIA RTX A5000,,,4,machine,N
Step #193,2026-02-26T21:50:05,whisper,dd7fdf3d-1b5f-439d-9ecd-dc3f9ba3ae65,0.06471616588532925,2.629537639875116e-08,4.058523085603217e-07,360.0,0.0,10.0,6.49798978120085e-06,0.0,1.8044694119857748e-07,6.6784367223993255e-06,0.0,Canada,CAN,quebec,,,Linux-5.15.0-152-generic-x86_64-with-glibc2.35,3.14.2,3.1.0,4,AMD EPYC 9554 64-Core Processor,1,1 x NVIDIA RTX A5000,,,4,machine,N
Step #194,2026-02-26T21:50:05,whisper,dd7fdf3d-1b5f-439d-9ecd-dc3f9ba3ae65,0.07172436080873013,2.8072003027585295e-08,3.9085644490523963e-07,360.0,0.0,10.0,6.937015987932595e-06,0.0,1.926441107773092e-07,7.1296600987098835e-06,0.0,Canada,CAN,quebec,,,Linux-5.15.0-152-generic-x86_64-with-glibc2.35,3.14.2,3.1.0,4,AMD EPYC 9554 64-Core Processor,1,1 x NVIDIA RTX A5000,,,4,machine,N
Step #195,2026-02-26T21:50:05,whisper,dd7fdf3d-1b5f-439d-9ecd-dc3f9ba3ae65,0.06560435518622398,2.87773135318213e-08,4.377475091400703e-07,360.0,0.0,10.0,7.11130816489461e-06,0.0,1.9748500651783554e-07,7.308793171412371e-06,0.0,Canada,CAN,quebec,,,Linux-5.15.0-152-generic-x86_64-with-glibc2.35,3.14.2,3.1.0,4,AMD EPYC 9554 64-Core Processor,1,1 x NVIDIA RTX A5000,,,4,machine,N
Step #196,2026-02-26T21:50:05,whisper,dd7fdf3d-1b5f-439d-9ecd-dc3f9ba3ae65,0.06798768416047096,3.869888567958748e-08,5.681799169840512e-07,360.0,148.7072610968599,10.0,6.821166910231033e-06,2.8180577942293894e-06,1.8942559965782574e-07,9.8286503041182e-06,0.0,Canada,CAN,quebec,,,Linux-5.15.0-152-generic-x86_64-with-glibc2.35,3.14.2,3.1.0,4,AMD EPYC 9554 64-Core Processor,1,1 x NVIDIA RTX A5000,,,4,machine,N
Step #197,2026-02-26T21:50:05,whisper,dd7fdf3d-1b5f-439d-9ecd-dc3f9ba3ae65,0.07259971275925636,3.5031344295650784e-08,4.813882838618083e-07,360.0,73.15335420511408,10.0,7.227575965225658e-06,1.4688900762394042e-06,2.0071088543368768e-07,8.897176926898811e-06,0.0,Canada,CAN,quebec,,,Linux-5.15.0-152-generic-x86_64-with-glibc2.35,3.14.2,3.1.0,4,AMD EPYC 9554 64-Core Processor,1,1 x NVIDIA RTX A5000,,,4,machine,N
Step #198,2026-02-26T21:50:06,whisper,dd7fdf3d-1b5f-439d-9ecd-dc3f9ba3ae65,0.06635365262627602,4.04359848672251e-08,6.084270325553578e-07,360.0,182.82155915609502,10.0,6.687453202903169e-06,3.3966693848697105e-06,1.8571200780570686e-07,1.0269834595578661e-05,0.0,Canada,CAN,quebec,,,Linux-5.15.0-152-generic-x86_64-with-glibc2.35,3.14.2,3.1.0,4,AMD EPYC 9554 64-Core Processor,1,1 x NVIDIA RTX A5000,,,4,machine,N
Step #199,2026-02-26T21:50:06,whisper,dd7fdf3d-1b5f-439d-9ecd-dc3f9ba3ae65,0.068577591329813,4.392917007703876e-08,6.393108844321961e-07,360.0,216.47645916019508,10.0,6.8482350558043015e-06,4.118614413073374e-06,1.9017594038612406e-07,1.1157025409263806e-05,0.0,Canada,CAN,quebec,,,Linux-5.15.0-152-generic-x86_64-with-glibc2.35,3.14.2,3.1.0,4,AMD EPYC 9554 64-Core Processor,1,1 x NVIDIA RTX A5000,,,4,machine,N
Step #200,2026-02-26T21:50:06,whisper,dd7fdf3d-1b5f-439d-9ecd-dc3f9ba3ae65,0.07294563576579094,3.710457599710792e-08,5.080661163145574e-07,360.0,98.07037300487828,10.0,7.247734814882275e-06,1.974723787157018e-06,2.0127274716893946e-07,9.42373134920813e-06,0.0,Canada,CAN,quebec,,,Linux-5.15.0-152-generic-x86_64-with-glibc2.35,3.14.2,3.1.0,4,AMD EPYC 9554 64-Core Processor,1,1 x NVIDIA RTX A5000,,,4,machine,N
Step #201,2026-02-26T21:50:06,whisper,dd7fdf3d-1b5f-439d-9ecd-dc3f9ba3ae65,0.06713616289198399,2.7389508658512634e-08,4.0728399100832766e-07,360.0,0.0,10.0,6.768364086747174e-06,0.0,1.8795772662593438e-07,6.956321813373061e-06,0.0,Canada,CAN,quebec,,,Linux-5.15.0-152-generic-x86_64-with-glibc2.35,3.14.2,3.1.0,4,AMD EPYC 9554 64-Core Processor,1,1 x NVIDIA RTX A5000,,,4,machine,N
Step #202,2026-02-26T21:50:06,whisper,dd7fdf3d-1b5f-439d-9ecd-dc3f9ba3ae65,0.06510023772716522,2.6449064305479436e-08,4.053827988973321e-07,360.0,0.0,10.0,6.535970419645253e-06,0.0,1.8149958923458913e-07,6.71747000887974e-06,0.0,Canada,CAN,quebec,,,Linux-5.15.0-152-generic-x86_64-with-glibc2.35,3.14.2,3.1.0,4,AMD EPYC 9554 64-Core Processor,1,1 x NVIDIA RTX A5000,,,4,machine,N
Step #203,2026-02-26T21:50:06,whisper,dd7fdf3d-1b5f-439d-9ecd-dc3f9ba3ae65,0.0685170330107212,3.779375620631657e-08,5.510143643331221e-07,360.0,131.24419512775083,10.0,6.893715821206566e-06,2.5136131256431327e-06,1.9143874136110477e-07,9.598767688210729e-06,0.0,Canada,CAN,quebec,,,Linux-5.15.0-152-generic-x86_64-with-glibc2.35,3.14.2,3.1.0,4,AMD EPYC 9554 64-Core Processor,1,1 x NVIDIA RTX A5000,,,4,machine,N
Step #204,2026-02-26T21:50:06,whisper,dd7fdf3d-1b5f-439d-9ecd-dc3f9ba3ae65,0.06909046694636345,3.054879065833362e-08,4.4166145318105576e-07,360.0,36.43094484064866,10.0,6.872309185564519e-06,6.955561104859953e-07,1.9084339340528166e-07,7.758708689455714e-06,0.0,Canada,CAN,quebec,,,Linux-5.15.0-152-generic-x86_64-with-glibc2.35,3.14.2,3.1.0,4,AMD EPYC 9554 64-Core Processor,1,1 x NVIDIA RTX A5000,,,4,machine,N
Step #205,2026-02-26T21:50:06,whisper,dd7fdf3d-1b5f-439d-9ecd-dc3f9ba3ae65,0.06719607301056385,4.1481632993750716e-08,6.163198355723856e-07,360.0,175.25997462536506,10.0,6.955577246844837e-06,3.3866693769368794e-06,1.931591787272024e-07,1.0535405802508885e-05,0.0,Canada,CAN,quebec,,,Linux-5.15.0-152-generic-x86_64-with-glibc2.35,3.14.2,3.1.0,4,AMD EPYC 9554 64-Core Processor,1,1 x NVIDIA RTX A5000,,,4,machine,N
Step #206,2026-02-26T21:50:06,whisper,dd7fdf3d-1b5f-439d-9ecd-dc3f9ba3ae65,0.06694871932268143,4.312508289620553e-08,6.439419352755479e-07,360.0,217.8565719063094,10.0,6.707102432847037e-06,4.059447689996887e-06,1.8625514995720743e-07,1.0952805272801186e-05,0.0,Canada,CAN,quebec,,,Linux-5.15.0-152-generic-x86_64-with-glibc2.35,3.14.2,3.1.0,4,AMD EPYC 9554 64-Core Processor,1,1 x NVIDIA RTX A5000,,,4,machine,N
Step #207,2026-02-26T21:50:06,whisper,dd7fdf3d-1b5f-439d-9ecd-dc3f9ba3ae65,0.06548127345740795,2.6570357113496304e-08,4.052546392248362e-07,360.0,0.0,10.0,6.5659405663609505e-06,0.0,1.8233509941233594e-07,6.7482756657731915e-06,0.0,Canada,CAN,quebec,,,Linux-5.15.0-152-generic-x86_64-with-glibc2.35,3.14.2,3.1.0,4,AMD EPYC 9554 64-Core Processor,1,1 x NVIDIA RTX A5000,,,4,machine,N
Step #208,2026-02-26T21:50:06,whisper,dd7fdf3d-1b5f-439d-9ecd-dc3f9ba3ae65,0.06596931256353855,2.6796258464180917e-08,4.052102279874651e-07,360.0,0.0,10.0,6.621763482689887e-06,0.0,1.8388606711394246e-07,6.8056495498038366e-06,0.0,Canada,CAN,quebec,,,Linux-5.15.0-152-generic-x86_64-with-glibc2.35,3.14.2,3.1.0,4,AMD EPYC 9554 64-Core Processor,1,1 x NVIDIA RTX A5000,,,4,machine,N
Step #209,2026-02-26T21:50:06,whisper,dd7fdf3d-1b5f-439d-9ecd-dc3f9ba3ae65,0.06950379349291325,3.4540642016515544e-08,4.967333061411729e-07,360.0,106.78459741572037,10.0,6.623611226677867e-06,1.9650015588013048e-06,1.8393675175805982e-07,8.77254953723732e-06,0.0,Canada,CAN,quebec,,,Linux-5.15.0-152-generic-x86_64-with-glibc2.35,3.14.2,3.1.0,4,AMD EPYC 9554 64-Core Processor,1,1 x NVIDIA RTX A5000,,,4,machine,N
Step #210,2026-02-26T21:50:07,whisper,dd7fdf3d-1b5f-439d-9ecd-dc3f9ba3ae65,0.0675742793828249,3.4888209005439836e-08,5.14880773470754e-07,360.0,76.66934859520158,10.0,7.1413917466997545e-06,1.5211123383096492e-06,1.9831968367927533e-07,8.86082376868897e-06,0.0,Canada,CAN,quebec,,,Linux-5.15.0-152-generic-x86_64-with-glibc2.35,3.14.2,3.1.0,4,AMD EPYC 9554 64-Core Processor,1,1 x NVIDIA RTX A5000,,,4,machine,N
Step #211,2026-02-26T21:50:07,whisper,dd7fdf3d-1b5f-439d-9ecd-dc3f9ba3ae65,0.066035320982337,3.6515271027317246e-08,5.525205415055261e-07,360.0,131.18707539417923,10.0,6.661296077072618e-06,2.4277797052718597e-06,1.8498530197474505e-07,9.274061084319548e-06,0.0,Canada,CAN,quebec,,,Linux-5.15.0-152-generic-x86_64-with-glibc2.35,3.14.2,3.1.0,4,AMD EPYC 9554 64-Core Processor,1,1 x NVIDIA RTX A5000,,,4,machine,N
Step #212,2026-02-26T21:50:07,whisper,dd7fdf3d-1b5f-439d-9ecd-dc3f9ba3ae65,0.0687083937227726,4.068967219561898e-08,5.915318171462467e-07,360.0,171.07475635764462,10.0,6.875550374388795e-06,3.267780385840524e-06,1.909347354537899e-07,1.0334265495683028e-05,0.0,Canada,CAN,quebec,,,Linux-5.15.0-152-generic-x86_64-with-glibc2.35,3.14.2,3.1.0,4,AMD EPYC 9554 64-Core Processor,1,1 x NVIDIA RTX A5000,,,4,machine,N
Step #213,2026-02-26T21:50:07,whisper,dd7fdf3d-1b5f-439d-9ecd-dc3f9ba3ae65,0.06580010801553726,3.52398825663107e-08,5.34789710602504e-07,360.0,117.24306535536371,10.0,6.612618081271735e-06,2.1538906196383323e-06,1.836322765383445e-07,8.950140977448222e-06,0.0,Canada,CAN,quebec,,,Linux-5.15.0-152-generic-x86_64-with-glibc2.35,3.14.2,3.1.0,4,AMD EPYC 9554 64-Core Processor,1,1 x NVIDIA RTX A5000,,,4,machine,N
Step #214,2026-02-26T21:50:07,whisper,dd7fdf3d-1b5f-439d-9ecd-dc3f9ba3ae65,0.07660871371626854,3.106922473327787e-08,4.052641603498923e-07,360.0,0.0,10.0,7.67767447978256e-06,0.0,2.132128096289136e-07,7.89088728941163e-06,0.0,Canada,CAN,quebec,,,Linux-5.15.0-152-generic-x86_64-with-glibc2.35,3.14.2,3.1.0,4,AMD EPYC 9554 64-Core Processor,1,1 x NVIDIA RTX A5000,,,4,machine,N
Step #215,2026-02-26T21:50:07,whisper,dd7fdf3d-1b5f-439d-9ecd-dc3f9ba3ae65,0.06526318192481995,2.649222030644617e-08,4.053552309545055e-07,360.0,0.0,10.0,6.5466312691570255e-06,0.0,1.817993974934017e-07,6.728430666650027e-06,0.0,Canada,CAN,quebec,,,Linux-5.15.0-152-generic-x86_64-with-glibc2.35,3.14.2,3.1.0,4,AMD EPYC 9554 64-Core Processor,1,1 x NVIDIA RTX A5000,,,4,machine,N
Step #216,2026-02-26T21:50:07,whisper,dd7fdf3d-1b5f-439d-9ecd-dc3f9ba3ae65,0.06488902680575848,3.588111123243657e-08,5.526928607080274e-07,360.0,134.55519606378544,10.0,6.501886807382205e-06,2.4305575010430402e-06,1.8055438995361007e-07,9.112998698378692e-06,0.0,Canada,CAN,quebec,,,Linux-5.15.0-152-generic-x86_64-with-glibc2.35,3.14.2,3.1.0,4,AMD EPYC 9554 64-Core Processor,1,1 x NVIDIA RTX A5000,,,4,machine,N
Step #217,2026-02-26T21:50:07,whisper,dd7fdf3d-1b5f-439d-9ecd-dc3f9ba3ae65,0.06564253568649292,3.198636930469032e-08,4.866000358896498e-07,360.0,73.96463723997397,10.0,6.587282754480809e-06,1.3536121912238741e-06,1.829265254653175e-07,8.123821471170238e-06,0.0,Canada,CAN,quebec,,,Linux-5.15.0-152-generic-x86_64-with-glibc2.35,3.14.2,3.1.0,4,AMD EPYC 9554 64-Core Processor,1,1 x NVIDIA RTX A5000,,,4,machine,N
Step #218,2026-02-26T21:50:07,whisper,dd7fdf3d-1b5f-439d-9ecd-dc3f9ba3ae65,0.06981449760496616,3.911130632167718e-08,5.598971526550014e-07,360.0,163.14636163859146,10.0,6.7071363329888455e-06,3.0400024257914993e-06,1.862571523007431e-07,9.933395911080993e-06,0.0,Canada,CAN,quebec,,,Linux-5.15.0-152-generic-x86_64-with-glibc2.35,3.14.2,3.1.0,4,AMD EPYC 9554 64-Core Processor,1,1 x NVIDIA RTX A5000,,,4,machine,N
Step #219,2026-02-26T21:50:07,whisper,dd7fdf3d-1b5f-439d-9ecd-dc3f9ba3ae65,0.06722117401659489,3.951396546683453e-08,5.865443548822077e-07,360.0,143.43547292167122,10.0,7.036100514233199e-06,2.8041689290603244e-06,1.9539287313819062e-07,1.0035662316431552e-05,0.0,Canada,CAN,quebec,,,Linux-5.15.0-152-generic-x86_64-with-glibc2.35,3.14.2,3.1.0,4,AMD EPYC 9554 64-Core Processor,1,1 x NVIDIA RTX A5000,,,4,machine,N
Step #220,2026-02-26T21:50:07,whisper,dd7fdf3d-1b5f-439d-9ecd-dc3f9ba3ae65,0.06595664843916893,2.683124605411731e-08,4.060271622678496e-07,360.0,0.0,10.0,6.630409322679141e-06,0.0,1.841262914240385e-07,6.814535614103369e-06,0.0,Canada,CAN,quebec,,,Linux-5.15.0-152-generic-x86_64-with-glibc2.35,3.14.2,3.1.0,4,AMD EPYC 9554 64-Core Processor,1,1 x NVIDIA RTX A5000,,,4,machine,N
Step #221,2026-02-26T21:50:08,whisper,dd7fdf3d-1b5f-439d-9ecd-dc3f9ba3ae65,0.06470875069499016,2.624542344553423e-08,4.050899578934197e-07,360.0,0.0,10.0,6.4856456592678885e-06,0.0,1.8010413170688715e-07,6.66574979097485e-06,0.0,Canada,CAN,quebec,,,Linux-5.15.0-152-generic-x86_64-with-glibc2.35,3.14.2,3.1.0,4,AMD EPYC 9554 64-Core Processor,1,1 x NVIDIA RTX A5000,,,4,machine,N
Step #222,2026-02-26T21:50:08,whisper,dd7fdf3d-1b5f-439d-9ecd-dc3f9ba3ae65,0.0658141765743494,3.772601065266153e-08,5.727793132364555e-07,360.0,150.88848368332373,10.0,6.621837057173199e-06,2.77583555430283e-06,1.8388922326266537e-07,9.581561834738715e-06,0.0,Canada,CAN,quebec,,,Linux-5.15.0-152-generic-x86_64-with-glibc2.35,3.14.2,3.1.0,4,AMD EPYC 9554 64-Core Processor,1,1 x NVIDIA RTX A5000,,,4,machine,N
Step #223,2026-02-26T21:50:08,whisper,dd7fdf3d-1b5f-439d-9ecd-dc3f9ba3ae65,0.06602553091943264,3.642652280895167e-08,5.508719227737739e-07,360.0,132.60147969459172,10.0,6.626394391059769e-06,2.4411130681301074e-06,1.8401356517440518e-07,9.251521024364329e-06,0.0,Canada,CAN,quebec,,,Linux-5.15.0-152-generic-x86_64-with-glibc2.35,3.14.2,3.1.0,4,AMD EPYC 9554 64-Core Processor,1,1 x NVIDIA RTX A5000,,,4,machine,N
Step #224,2026-02-26T21:50:08,whisper,dd7fdf3d-1b5f-439d-9ecd-dc3f9ba3ae65,0.07260124012827873,4.228461740862648e-08,5.811498666864529e-07,360.0,160.26234934243254,10.0,7.290762662887562e-06,3.2461137067230084e-06,2.0246949150330755e-07,1.0739345861114115e-05,0.0,Canada,CAN,quebec,,,Linux-5.15.0-152-generic-x86_64-with-glibc2.35,3.14.2,3.1.0,4,AMD EPYC 9554 64-Core Processor,1,1 x NVIDIA RTX A5000,,,4,machine,N
Step #225,2026-02-26T21:50:08,whisper,dd7fdf3d-1b5f-439d-9ecd-dc3f9ba3ae65,0.09666789695620537,5.4126940643994e-08,5.594578486250113e-07,360.0,159.56590887773325,10.0,9.34499576687813e-06,4.1425033003861245e-06,2.5953168773816727e-07,1.3747030755001995e-05,0.0,Canada,CAN,quebec,,,Linux-5.15.0-152-generic-x86_64-with-glibc2.35,3.14.2,3.1.0,4,AMD EPYC 9554 64-Core Processor,1,1 x NVIDIA RTX A5000,,,4,machine,N
Step #226,2026-02-26T21:50:08,whisper,dd7fdf3d-1b5f-439d-9ecd-dc3f9ba3ae65,0.07249410264194012,3.84106993680539e-08,5.293956584549974e-07,360.0,114.03800234984561,10.0,7.255358994007113e-06,2.2986129692981194e-06,2.0148547159300694e-07,9.7554574348983e-06,0.0,Canada,CAN,quebec,,,Linux-5.15.0-152-generic-x86_64-with-glibc2.35,3.14.2,3.1.0,4,AMD EPYC 9554 64-Core Processor,1,1 x NVIDIA RTX A5000,,,4,machine,N
Step #227,2026-02-26T21:50:08,whisper,dd7fdf3d-1b5f-439d-9ecd-dc3f9ba3ae65,0.06597127951681614,4.256301270780392e-08,6.445599358224298e-07,360.0,218.3492247559103,10.0,6.614151038229505e-06,4.012225431893057e-06,1.8367556234201042e-07,1.0810052032464695e-05,0.0,Canada,CAN,quebec,,,Linux-5.15.0-152-generic-x86_64-with-glibc2.35,3.14.2,3.1.0,4,AMD EPYC 9554 64-Core Processor,1,1 x NVIDIA RTX A5000,,,4,machine,N
Step #228,2026-02-26T21:50:08,whisper,dd7fdf3d-1b5f-439d-9ecd-dc3f9ba3ae65,0.06534797325730324,2.6589638372268213e-08,4.0527378750538507e-07,360.0,0.0,10.0,6.5707046538591475e-06,0.0,1.8246801983978794e-07,6.753172673699091e-06,0.0,Canada,CAN,quebec,,,Linux-5.15.0-152-generic-x86_64-with-glibc2.35,3.14.2,3.1.0,4,AMD EPYC 9554 64-Core Processor,1,1 x NVIDIA RTX A5000,,,4,machine,N
Step #229,2026-02-26T21:50:08,whisper,dd7fdf3d-1b5f-439d-9ecd-dc3f9ba3ae65,0.06586547754704952,2.6732919094582004e-08,4.0547643342241256e-07,360.0,0.0,10.0,6.606112234294487e-06,0.0,1.8345053411192476e-07,6.789562768406195e-06,0.0,Canada,CAN,quebec,,,Linux-5.15.0-152-generic-x86_64-with-glibc2.35,3.14.2,3.1.0,4,AMD EPYC 9554 64-Core Processor,1,1 x NVIDIA RTX A5000,,,4,machine,N
Step #230,2026-02-26T21:50:08,whisper,dd7fdf3d-1b5f-439d-9ecd-dc3f9ba3ae65,0.06995276920497417,3.5130880957549664e-08,5.012031747129782e-07,360.0,95.47137452349011,10.0,6.900550797581595e-06,1.8302792454960581e-06,1.9162696682744593e-07,8.922457009905363e-06,0.0,Canada,CAN,quebec,,,Linux-5.15.0-152-generic-x86_64-with-glibc2.35,3.14.2,3.1.0,4,AMD EPYC 9554 64-Core Processor,1,1 x NVIDIA RTX A5000,,,4,machine,N
Step #231,2026-02-26T21:50:08,whisper,dd7fdf3d-1b5f-439d-9ecd-dc3f9ba3ae65,0.0680703092366457,3.853569323044158e-08,5.652622814454361e-07,360.0,133.90766566236763,10.0,6.991921737790072e-06,2.6011131808445498e-06,1.941681580824956e-07,9.787203076717151e-06,0.0,Canada,CAN,quebec,,,Linux-5.15.0-152-generic-x86_64-with-glibc2.35,3.14.2,3.1.0,4,AMD EPYC 9554 64-Core Processor,1,1 x NVIDIA RTX A5000,,,4,machine,N
Step #232,2026-02-26T21:50:08,whisper,dd7fdf3d-1b5f-439d-9ecd-dc3f9ba3ae65,0.06536136381328106,3.970039773246441e-08,6.06601254333631e-07,360.0,184.01802162365001,10.0,6.551626324653639e-06,3.349447126765881e-06,1.8193848534590418e-07,1.0083011936765519e-05,0.0,Canada,CAN,quebec,,,Linux-5.15.0-152-generic-x86_64-with-glibc2.35,3.14.2,3.1.0,4,AMD EPYC 9554 64-Core Processor,1,1 x NVIDIA RTX A5000,,,4,machine,N
Step #233,2026-02-26T21:50:09,whisper,dd7fdf3d-1b5f-439d-9ecd-dc3f9ba3ae65,0.06510283797979355,4.104905844846412e-08,6.296306296289951e-07,360.0,205.27606279302603,10.0,6.523817963898252e-06,3.7205585385891027e-06,1.8116505299177216e-07,1.0425541555478951e-05,0.0,Canada,CAN,quebec,,,Linux-5.15.0-152-generic-x86_64-with-glibc2.35,3.14.2,3.1.0,4,AMD EPYC 9554 64-Core Processor,1,1 x NVIDIA RTX A5000,,,4,machine,N
Step #234,2026-02-26T21:50:09,whisper,dd7fdf3d-1b5f-439d-9ecd-dc3f9ba3ae65,0.06599915958940983,3.578611056272332e-08,5.413088192747956e-07,360.0,124.05859931007302,10.0,6.622462160885264e-06,2.282501824879546e-06,1.8390667003890073e-07,9.088870655803941e-06,0.0,Canada,CAN,quebec,,,Linux-5.15.0-152-generic-x86_64-with-glibc2.35,3.14.2,3.1.0,4,AMD EPYC 9554 64-Core Processor,1,1 x NVIDIA RTX A5000,,,4,machine,N
Step #235,2026-02-26T21:50:09,whisper,dd7fdf3d-1b5f-439d-9ecd-dc3f9ba3ae65,0.06978891976177692,2.800575102186678e-08,4.0074707171599775e-07,360.0,0.0,10.0,6.920647993683771e-06,0.0,1.9218557928171292e-07,7.112833572965518e-06,0.0,Canada,CAN,quebec,,,Linux-5.15.0-152-generic-x86_64-with-glibc2.35,3.14.2,3.1.0,4,AMD EPYC 9554 64-Core Processor,1,1 x NVIDIA RTX A5000,,,4,machine,N
Step #236,2026-02-26T21:50:09,whisper,dd7fdf3d-1b5f-439d-9ecd-dc3f9ba3ae65,0.06775909289717674,2.864328565918076e-08,4.2211169598917833e-07,360.0,0.0,10.0,7.078186981380021e-06,0.0,1.9656611192557614e-07,7.274753093305421e-06,0.0,Canada,CAN,quebec,,,Linux-5.15.0-152-generic-x86_64-with-glibc2.35,3.14.2,3.1.0,4,AMD EPYC 9554 64-Core Processor,1,1 x NVIDIA RTX A5000,,,4,machine,N
Step #237,2026-02-26T21:50:09,whisper,dd7fdf3d-1b5f-439d-9ecd-dc3f9ba3ae65,0.06685571186244488,3.956776252511909e-08,5.906901990674076e-07,360.0,169.37906224894502,10.0,6.7069591954350884e-06,3.1561136353275288e-06,1.8625273369252967e-07,1.0049325564454991e-05,0.0,Canada,CAN,quebec,,,Linux-5.15.0-152-generic-x86_64-with-glibc2.35,3.14.2,3.1.0,4,AMD EPYC 9554 64-Core Processor,1,1 x NVIDIA RTX A5000,,,4,machine,N
Step #238,2026-02-26T21:50:09,whisper,dd7fdf3d-1b5f-439d-9ecd-dc3f9ba3ae65,0.06522883288562298,3.9665154240108675e-08,6.073176520346349e-07,360.0,182.4829084574423,10.0,6.563999503851007e-06,3.3277804476483652e-06,1.8228092748257658e-07,1.0074060878982084e-05,0.0,Canada,CAN,quebec,,,Linux-5.15.0-152-generic-x86_64-with-glibc2.35,3.14.2,3.1.0,4,AMD EPYC 9554 64-Core Processor,1,1 x NVIDIA RTX A5000,,,4,machine,N
Step #239,2026-02-26T21:50:09,whisper,dd7fdf3d-1b5f-439d-9ecd-dc3f9ba3ae65,0.06587337888777256,3.725913251659018e-08,5.633317069242738e-07,360.0,143.8310332029018,10.0,6.6297084093094785e-06,2.649168791890588e-06,1.8410804267558566e-07,9.462985243875646e-06,0.0,Canada,CAN,quebec,,,Linux-5.15.0-152-generic-x86_64-with-glibc2.35,3.14.2,3.1.0,4,AMD EPYC 9554 64-Core Processor,1,1 x NVIDIA RTX A5000,,,4,machine,N
Step #240,2026-02-26T21:50:09,whisper,dd7fdf3d-1b5f-439d-9ecd-dc3f9ba3ae65,0.06539857387542725,3.739052842656431e-08,5.709122280090622e-07,360.0,151.24902265404123,10.0,6.558396480977431e-06,2.755835538437168e-06,1.8212484299308645e-07,9.49635686240801e-06,0.0,Canada,CAN,quebec,,,Linux-5.15.0-152-generic-x86_64-with-glibc2.35,3.14.2,3.1.0,4,AMD EPYC 9554 64-Core Processor,1,1 x NVIDIA RTX A5000,,,4,machine,N
Step #241,2026-02-26T21:50:09,whisper,dd7fdf3d-1b5f-439d-9ecd-dc3f9ba3ae65,0.06909565813839436,3.8812260376753856e-08,5.608735640032183e-07,360.0,146.99595507056443,10.0,6.863779388368045e-06,2.8030577965409975e-06,1.906077532718586e-07,9.857444938181185e-06,0.0,Canada,CAN,quebec,,,Linux-5.15.0-152-generic-x86_64-with-glibc2.35,3.14.2,3.1.0,4,AMD EPYC 9554 64-Core Processor,1,1 x NVIDIA RTX A5000,,,4,machine,N
Step #242,2026-02-26T21:50:09,whisper,dd7fdf3d-1b5f-439d-9ecd-dc3f9ba3ae65,0.06711517460644245,3.9746389913160226e-08,5.912314839144873e-07,360.0,151.33054349830638,10.0,6.970560550689656e-06,2.930557883473739e-06,1.9357448650731188e-07,1.0094692920670917e-05,0.0,Canada,CAN,quebec,,,Linux-5.15.0-152-generic-x86_64-with-glibc2.35,3.14.2,3.1.0,4,AMD EPYC 9554 64-Core Processor,1,1 x NVIDIA RTX A5000,,,4,machine,N
Step #243,2026-02-26T21:50:09,whisper,dd7fdf3d-1b5f-439d-9ecd-dc3f9ba3ae65,0.06523027271032333,2.6497849559972434e-08,4.0524207757088873e-07,360.0,0.0,10.0,6.548024527728473e-06,0.0,1.818358432501536e-07,6.7298603709789115e-06,0.0,Canada,CAN,quebec,,,Linux-5.15.0-152-generic-x86_64-with-glibc2.35,3.14.2,3.1.0,4,AMD EPYC 9554 64-Core Processor,1,1 x NVIDIA RTX A5000,,,4,machine,N
Step #244,2026-02-26T21:50:10,whisper,dd7fdf3d-1b5f-439d-9ecd-dc3f9ba3ae65,0.06619544513523579,2.6883275579397755e-08,4.0517465301685496e-07,360.0,0.0,10.0,6.643266603350694e-06,0.0,1.8448334497710357e-07,6.827749948327879e-06,0.0,Canada,CAN,quebec,,,Linux-5.15.0-152-generic-x86_64-with-glibc2.35,3.14.2,3.1.0,4,AMD EPYC 9554 64-Core Processor,1,1 x NVIDIA RTX A5000,,,4,machine,N
Step #245,2026-02-26T21:50:10,whisper,dd7fdf3d-1b5f-439d-9ecd-dc3f9ba3ae65,0.07009527273476124,3.3923572979463335e-08,4.835789792417355e-07,360.0,74.78872972456276,10.0,6.973288394510708e-06,1.4488900461628873e-06,1.9364938036435135e-07,8.615827821038292e-06,0.0,Canada,CAN,quebec,,,Linux-5.15.0-152-generic-x86_64-with-glibc2.35,3.14.2,3.1.0,4,AMD EPYC 9554 64-Core Processor,1,1 x NVIDIA RTX A5000,,,4,machine,N
Step #246,2026-02-26T21:50:10,whisper,dd7fdf3d-1b5f-439d-9ecd-dc3f9ba3ae65,0.07029800117015839,3.915564263882654e-08,5.564660640941736e-07,360.0,134.49040586710885,10.0,7.096202298998789e-06,2.651391014296678e-06,1.9706302943328766e-07,9.944656342728876e-06,0.0,Canada,CAN,quebec,,,Linux-5.15.0-152-generic-x86_64-with-glibc2.35,3.14.2,3.1.0,4,AMD EPYC 9554 64-Core Processor,1,1 x NVIDIA RTX A5000,,,4,machine,N
Step #247,2026-02-26T21:50:10,whisper,dd7fdf3d-1b5f-439d-9ecd-dc3f9ba3ae65,0.06582007929682732,3.8982427019591725e-08,5.915655751373982e-07,360.0,170.08825705247983,10.0,6.599072180688437e-06,3.118335826002294e-06,1.8325544790261214e-07,9.900663454593533e-06,0.0,Canada,CAN,quebec,,,Linux-5.15.0-152-generic-x86_64-with-glibc2.35,3.14.2,3.1.0,4,AMD EPYC 9554 64-Core Processor,1,1 x NVIDIA RTX A5000,,,4,machine,N
Step #248,2026-02-26T21:50:10,whisper,dd7fdf3d-1b5f-439d-9ecd-dc3f9ba3ae65,0.06948471069335938,3.942334576352426e-08,5.671042037873652e-07,360.0,175.63631986220958,10.0,6.605867110192698e-06,3.2233359092970204e-06,1.8344392172164263e-07,1.0012646941211754e-05,0.0,Canada,CAN,quebec,,,Linux-5.15.0-152-generic-x86_64-with-glibc2.35,3.14.2,3.1.0,4,AMD EPYC 9554 64-Core Processor,1,1 x NVIDIA RTX A5000,,,4,machine,N
Step #249,2026-02-26T21:50:10,whisper,dd7fdf3d-1b5f-439d-9ecd-dc3f9ba3ae65,0.06716998293995857,3.9656910229555656e-08,5.896331263700435e-07,360.0,142.83314149653336,10.0,7.0700695738196585e-06,2.8055577985242053e-06,1.9633971258170346e-07,1.0071967084925547e-05,0.0,Canada,CAN,quebec,,,Linux-5.15.0-152-generic-x86_64-with-glibc2.35,3.14.2,3.1.0,4,AMD EPYC 9554 64-Core Processor,1,1 x NVIDIA RTX A5000,,,4,machine,N
Step #250,2026-02-26T21:50:10,whisper,dd7fdf3d-1b5f-439d-9ecd-dc3f9ba3ae65,0.06572497636079788,2.6675013815408112e-08,4.053126920373651e-07,360.0,0.0,10.0,6.591802090406482e-06,0.0,1.8305403387381232e-07,6.774856124280165e-06,0.0,Canada,CAN,quebec,,,Linux-5.15.0-152-generic-x86_64-with-glibc2.35,3.14.2,3.1.0,4,AMD EPYC 9554 64-Core Processor,1,1 x NVIDIA RTX A5000,,,4,machine,N
Step #251,2026-02-26T21:50:10,whisper,dd7fdf3d-1b5f-439d-9ecd-dc3f9ba3ae65,0.06611497141420841,2.686268986512576e-08,4.056088092506218e-07,360.0,0.0,10.0,6.638180650770601e-06,0.0,1.8434098714755886e-07,6.822521637918268e-06,0.0,Canada,CAN,quebec,,,Linux-5.15.0-152-generic-x86_64-with-glibc2.35,3.14.2,3.1.0,4,AMD EPYC 9554 64-Core Processor,1,1 x NVIDIA RTX A5000,,,4,machine,N
Step #252,2026-02-26T21:50:10,whisper,dd7fdf3d-1b5f-439d-9ecd-dc3f9ba3ae65,0.06561721675097942,3.279077312189589e-08,4.992719764963475e-07,360.0,85.75509813553525,10.0,6.578220054507308e-06,1.5672234781050065e-06,1.826784935676372e-07,8.328122026180114e-06,0.0,Canada,CAN,quebec,,,Linux-5.15.0-152-generic-x86_64-with-glibc2.35,3.14.2,3.1.0,4,AMD EPYC 9554 64-Core Processor,1,1 x NVIDIA RTX A5000,,,4,machine,N
Step #253,2026-02-26T21:50:10,whisper,dd7fdf3d-1b5f-439d-9ecd-dc3f9ba3ae65,0.07033720426261425,3.6203822230731206e-08,5.140535501649591e-07,360.0,103.7488067318271,10.0,6.987039744854075e-06,2.0138904943678426e-06,1.9402982563607965e-07,9.194960064858038e-06,0.0,Canada,CAN,quebec,,,Linux-5.15.0-152-generic-x86_64-with-glibc2.35,3.14.2,3.1.0,4,AMD EPYC 9554 64-Core Processor,1,1 x NVIDIA RTX A5000,,,4,machine,N
Step #254,2026-02-26T21:50:10,whisper,dd7fdf3d-1b5f-439d-9ecd-dc3f9ba3ae65,0.06605068035423756,3.8927651261719834e-08,5.885864757911688e-07,360.0,162.59289527110616,10.0,6.68256394565107e-06,3.0186135262511016e-06,1.8557416689064674e-07,9.886751638792622e-06,0.0,Canada,CAN,quebec,,,Linux-5.15.0-152-generic-x86_64-with-glibc2.35,3.14.2,3.1.0,4,AMD EPYC 9554 64-Core Processor,1,1 x NVIDIA RTX A5000,,,4,machine,N
Step #255,2026-02-26T21:50:10,whisper,dd7fdf3d-1b5f-439d-9ecd-dc3f9ba3ae65,0.06643407419323921,4.1646432630328495e-08,6.264827996625384e-07,360.0,201.96290757291658,10.0,6.657112762331998e-06,3.7352807709112312e-06,1.8486768628159993e-07,1.0577261219524639e-05,0.0,Canada,CAN,quebec,,,Linux-5.15.0-152-generic-x86_64-with-glibc2.35,3.14.2,3.1.0,4,AMD EPYC 9554 64-Core Processor,1,1 x NVIDIA RTX A5000,,,4,machine,N
Step #256,2026-02-26T21:50:11,whisper,dd7fdf3d-1b5f-439d-9ecd-dc3f9ba3ae65,0.0700177401304245,3.594650877900147e-08,5.125017567412432e-07,360.0,101.49932520794204,10.0,6.9704785943031e-06,1.9655571321663956e-06,1.9357248416377622e-07,9.129608210633414e-06,0.0,Canada,CAN,quebec,,,Linux-5.15.0-152-generic-x86_64-with-glibc2.35,3.14.2,3.1.0,4,AMD EPYC 9554 64-Core Processor,1,1 x NVIDIA RTX A5000,,,4,machine,N
Step #257,2026-02-26T21:50:11,whisper,dd7fdf3d-1b5f-439d-9ecd-dc3f9ba3ae65,0.06770993210375309,2.8397962442658182e-08,4.189267105918014e-07,360.0,0.0,10.0,7.017566263675711e-06,0.0,1.9488022662699124e-07,7.21244649030256e-06,0.0,Canada,CAN,quebec,,,Linux-5.15.0-152-generic-x86_64-with-glibc2.35,3.14.2,3.1.0,4,AMD EPYC 9554 64-Core Processor,1,1 x NVIDIA RTX A5000,,,4,machine,N
Step #258,2026-02-26T21:50:11,whisper,dd7fdf3d-1b5f-439d-9ecd-dc3f9ba3ae65,0.06525367312133312,2.6446365920958407e-08,4.051720407408804e-07,360.0,0.0,10.0,6.535299308598093e-06,0.0,1.814853710432879e-07,6.716784679641503e-06,0.0,Canada,CAN,quebec,,,Linux-5.15.0-152-generic-x86_64-with-glibc2.35,3.14.2,3.1.0,4,AMD EPYC 9554 64-Core Processor,1,1 x NVIDIA RTX A5000,,,4,machine,N
Step #259,2026-02-26T21:50:11,whisper,dd7fdf3d-1b5f-439d-9ecd-dc3f9ba3ae65,0.06594116985797882,3.249297924813084e-08,4.922623692162345e-07,360.0,78.78241422693175,10.0,6.619766168296367e-06,1.4488900461628873e-06,1.8383283685478662e-07,8.252489051314028e-06,0.0,Canada,CAN,quebec,,,Linux-5.15.0-152-generic-x86_64-with-glibc2.35,3.14.2,3.1.0,4,AMD EPYC 9554 64-Core Processor,1,1 x NVIDIA RTX A5000,,,4,machine,N
Step #260,2026-02-26T21:50:11,whisper,dd7fdf3d-1b5f-439d-9ecd-dc3f9ba3ae65,0.06985988840460777,3.610267248203535e-08,5.164118800776049e-07,360.0,127.24219088704048,10.0,6.63825664669283e-06,2.3466685519224484e-06,1.8434509531491062e-07,9.16927029393031e-06,0.0,Canada,CAN,quebec,,,Linux-5.15.0-152-generic-x86_64-with-glibc2.35,3.14.2,3.1.0,4,AMD EPYC 9554 64-Core Processor,1,1 x NVIDIA RTX A5000,,,4,machine,N
Step #261,2026-02-26T21:50:11,whisper,dd7fdf3d-1b5f-439d-9ecd-dc3f9ba3ae65,0.06704878434538841,4.005008993533904e-08,5.962893844663208e-07,360.0,163.06764635042666,10.0,6.869121268391655e-06,3.1119469241502884e-06,1.9075773242447058e-07,1.0171825924966231e-05,0.0,Canada,CAN,quebec,,,Linux-5.15.0-152-generic-x86_64-with-glibc2.35,3.14.2,3.1.0,4,AMD EPYC 9554 64-Core Processor,1,1 x NVIDIA RTX A5000,,,4,machine,N
Step #262,2026-02-26T21:50:11,whisper,dd7fdf3d-1b5f-439d-9ecd-dc3f9ba3ae65,0.06599223054945469,4.17655357386485e-08,6.319125785836531e-07,360.0,201.21631256608674,10.0,6.684922054409894e-06,3.736947434163085e-06,1.8564125316010871e-07,1.0607510741733345e-05,0.0,Canada,CAN,quebec,,,Linux-5.15.0-152-generic-x86_64-with-glibc2.35,3.14.2,3.1.0,4,AMD EPYC 9554 64-Core Processor,1,1 x NVIDIA RTX A5000,,,4,machine,N
Step #263,2026-02-26T21:50:11,whisper,dd7fdf3d-1b5f-439d-9ecd-dc3f9ba3ae65,0.06570418924093246,2.6693763305659914e-08,4.056648368136421e-07,360.0,0.0,10.0,6.596435047686016e-06,0.0,1.8318302722440671e-07,6.779618074910423e-06,0.0,Canada,CAN,quebec,,,Linux-5.15.0-152-generic-x86_64-with-glibc2.35,3.14.2,3.1.0,4,AMD EPYC 9554 64-Core Processor,1,1 x NVIDIA RTX A5000,,,4,machine,N
Step #264,2026-02-26T21:50:11,whisper,dd7fdf3d-1b5f-439d-9ecd-dc3f9ba3ae65,0.06602722965180874,2.6792266074955644e-08,4.053235710559538e-07,360.0,0.0,10.0,6.6207773983478855e-06,0.0,1.8385817400283603e-07,6.804635572350403e-06,0.0,Canada,CAN,quebec,,,Linux-5.15.0-152-generic-x86_64-with-glibc2.35,3.14.2,3.1.0,4,AMD EPYC 9554 64-Core Processor,1,1 x NVIDIA RTX A5000,,,4,machine,N
Step #265,2026-02-26T21:50:11,whisper,dd7fdf3d-1b5f-439d-9ecd-dc3f9ba3ae65,0.07261675968766212,2.9440397667426376e-08,4.0504991019469553e-07,360.0,0.0,10.0,7.275165431201453e-06,0.0,2.0203626093764828e-07,7.47720169213921e-06,0.0,Canada,CAN,quebec,,,Linux-5.15.0-152-generic-x86_64-with-glibc2.35,3.14.2,3.1.0,4,AMD EPYC 9554 64-Core Processor,1,1 x NVIDIA RTX A5000,,,4,machine,N
Step #266,2026-02-26T21:50:11,whisper,dd7fdf3d-1b5f-439d-9ecd-dc3f9ba3ae65,0.06501046940684319,3.5411311525717525e-08,5.444032230221041e-07,360.0,127.3424243746728,10.0,6.509843096136987e-06,2.303057414110299e-06,1.8077958375215528e-07,8.993680093999454e-06,0.0,Canada,CAN,quebec,,,Linux-5.15.0-152-generic-x86_64-with-glibc2.35,3.14.2,3.1.0,4,AMD EPYC 9554 64-Core Processor,1,1 x NVIDIA RTX A5000,,,4,machine,N
Step #267,2026-02-26T21:50:11,whisper,dd7fdf3d-1b5f-439d-9ecd-dc3f9ba3ae65,0.07074986025691032,3.709093354077555e-08,5.237356660311056e-07,360.0,131.511639611094,10.0,6.761926040053327e-06,2.47055751856351e-06,1.8778291220466093e-07,9.420266470821538e-06,0.0,Canada,CAN,quebec,,,Linux-5.15.0-152-generic-x86_64-with-glibc2.35,3.14.2,3.1.0,4,AMD EPYC 9554 64-Core Processor,1,1 x NVIDIA RTX A5000,,,4,machine,N
Step #268,2026-02-26T21:50:12,whisper,dd7fdf3d-1b5f-439d-9ecd-dc3f9ba3ae65,0.066726328805089,3.9766498493415585e-08,5.951024103885256e-07,360.0,169.44487109948497,10.0,6.73985164612533e-06,3.1727803246894837e-06,1.8716807891097474e-07,1.0099800049725646e-05,0.0,Canada,CAN,quebec,,,Linux-5.15.0-152-generic-x86_64-with-glibc2.35,3.14.2,3.1.0,4,AMD EPYC 9554 64-Core Processor,1,1 x NVIDIA RTX A5000,,,4,machine,N
Step #269,2026-02-26T21:50:12,whisper,dd7fdf3d-1b5f-439d-9ecd-dc3f9ba3ae65,0.06604018062353134,4.187313700472119e-08,6.333541879072956e-07,360.0,207.60314493530825,10.0,6.628000177442972e-06,3.822780840323503e-06,1.840580358273479e-07,1.0634839053593782e-05,0.0,Canada,CAN,quebec,,,Linux-5.15.0-152-generic-x86_64-with-glibc2.35,3.14.2,3.1.0,4,AMD EPYC 9554 64-Core Processor,1,1 x NVIDIA RTX A5000,,,4,machine,N
Step #270,2026-02-26T21:50:12,whisper,dd7fdf3d-1b5f-439d-9ecd-dc3f9ba3ae65,0.06684815138578415,4.017279692397747e-08,6.001057639549211e-07,360.0,163.43627755712245,10.0,6.885392405092672e-06,3.1263913911061536e-06,1.9120695586833487e-07,1.0202990752067147e-05,0.0,Canada,CAN,quebec,,,Linux-5.15.0-152-generic-x86_64-with-glibc2.35,3.14.2,3.1.0,4,AMD EPYC 9554 64-Core Processor,1,1 x NVIDIA RTX A5000,,,4,machine,N
Step #271,2026-02-26T21:50:12,whisper,dd7fdf3d-1b5f-439d-9ecd-dc3f9ba3ae65,0.06588097847998142,2.6750698106775268e-08,4.054182210727363e-07,360.0,0.0,10.0,6.610505096614266e-06,0.0,1.835731427288689e-07,6.79407823934346e-06,0.0,Canada,CAN,quebec,,,Linux-5.15.0-152-generic-x86_64-with-glibc2.35,3.14.2,3.1.0,4,AMD EPYC 9554 64-Core Processor,1,1 x NVIDIA RTX A5000,,,4,machine,N
Step #272,2026-02-26T21:50:12,whisper,dd7fdf3d-1b5f-439d-9ecd-dc3f9ba3ae65,0.06550478376448154,2.6617463659738946e-08,4.05565495015891e-07,360.0,0.0,10.0,6.577580794692086e-06,0.0,1.826588788794134e-07,6.76023967357154e-06,0.0,Canada,CAN,quebec,,,Linux-5.15.0-152-generic-x86_64-with-glibc2.35,3.14.2,3.1.0,4,AMD EPYC 9554 64-Core Processor,1,1 x NVIDIA RTX A5000,,,4,machine,N
Step #273,2026-02-26T21:50:12,whisper,dd7fdf3d-1b5f-439d-9ecd-dc3f9ba3ae65,0.06612955220043659,3.601367709053312e-08,5.434306176318431e-07,360.0,126.22609020988149,10.0,6.635455414652882e-06,2.3269463014230496e-06,1.8426574145754285e-07,9.14666745753306e-06,0.0,Canada,CAN,quebec,,,Linux-5.15.0-152-generic-x86_64-with-glibc2.35,3.14.2,3.1.0,4,AMD EPYC 9554 64-Core Processor,1,1 x NVIDIA RTX A5000,,,4,machine,N
Step #274,2026-02-26T21:50:12,whisper,dd7fdf3d-1b5f-439d-9ecd-dc3f9ba3ae65,0.06953561305999756,3.512153968854989e-08,5.046632914226869e-07,360.0,113.45807835883502,10.0,6.6420227289199375e-06,2.093612792464228e-06,1.8444901539219988e-07,8.920084536776385e-06,0.0,Canada,CAN,quebec,,,Linux-5.15.0-152-generic-x86_64-with-glibc2.35,3.14.2,3.1.0,4,AMD EPYC 9554 64-Core Processor,1,1 x NVIDIA RTX A5000,,,4,machine,N
Step #275,2026-02-26T21:50:12,whisper,dd7fdf3d-1b5f-439d-9ecd-dc3f9ba3ae65,0.06778649426996708,4.120893089612329e-08,6.070561066798877e-07,360.0,164.9270133784723,10.0,7.043323665857117e-06,3.2272248091658184e-06,1.9559710183077568e-07,1.0466145576853731e-05,0.0,Canada,CAN,quebec,,,Linux-5.15.0-152-generic-x86_64-with-glibc2.35,3.14.2,3.1.0,4,AMD EPYC 9554 64-Core Processor,1,1 x NVIDIA RTX A5000,,,4,machine,N
Step #276,2026-02-26T21:50:12,whisper,dd7fdf3d-1b5f-439d-9ecd-dc3f9ba3ae65,0.06683231331408024,4.169631396680809e-08,6.236061124465473e-07,360.0,199.67615939475925,10.0,6.691869162023245e-06,3.7122251796972705e-06,1.8583562018142686e-07,1.058992996190184e-05,0.0,Canada,CAN,quebec,,,Linux-5.15.0-152-generic-x86_64-with-glibc2.35,3.14.2,3.1.0,4,AMD EPYC 9554 64-Core Processor,1,1 x NVIDIA RTX A5000,,,4,machine,N
Step #277,2026-02-26T21:50:12,whisper,dd7fdf3d-1b5f-439d-9ecd-dc3f9ba3ae65,0.06547566503286362,2.663322134854305e-08,4.0545875238776676e-07,360.0,0.0,10.0,6.581474840641061e-06,0.0,1.8276693299412792e-07,6.764241773635216e-06,0.0,Canada,CAN,quebec,,,Linux-5.15.0-152-generic-x86_64-with-glibc2.35,3.14.2,3.1.0,4,AMD EPYC 9554 64-Core Processor,1,1 x NVIDIA RTX A5000,,,4,machine,N
Step #278,2026-02-26T21:50:12,whisper,dd7fdf3d-1b5f-439d-9ecd-dc3f9ba3ae65,0.0703002642840147,2.738578104328331e-08,3.893885139049428e-07,360.0,0.0,10.0,6.7674413323404355e-06,0.0,1.8793375024365343e-07,6.955375082584245e-06,0.0,Canada,CAN,quebec,,,Linux-5.15.0-152-generic-x86_64-with-glibc2.35,3.14.2,3.1.0,4,AMD EPYC 9554 64-Core Processor,1,1 x NVIDIA RTX A5000,,,4,machine,N
Step #279,2026-02-26T21:50:13,whisper,dd7fdf3d-1b5f-439d-9ecd-dc3f9ba3ae65,0.06739423610270023,2.889333671201528e-08,4.278383701077056e-07,360.0,0.0,10.0,7.139979861676797e-06,0.0,1.9828059917522984e-07,7.3382604608520675e-06,0.0,Canada,CAN,quebec,,,Linux-5.15.0-152-generic-x86_64-with-glibc2.35,3.14.2,3.1.0,4,AMD EPYC 9554 64-Core Processor,1,1 x NVIDIA RTX A5000,,,4,machine,N
Step #280,2026-02-26T21:50:13,whisper,dd7fdf3d-1b5f-439d-9ecd-dc3f9ba3ae65,0.0658295601606369,4.1083052818601705e-08,6.228000794377635e-07,360.0,198.454702324209,10.0,6.607623025775122e-06,3.643058477109662e-06,1.834938613076988e-07,1.0434175364192489e-05,0.0,Canada,CAN,quebec,,,Linux-5.15.0-152-generic-x86_64-with-glibc2.35,3.14.2,3.1.0,4,AMD EPYC 9554 64-Core Processor,1,1 x NVIDIA RTX A5000,,,4,machine,N
Step #281,2026-02-26T21:50:13,whisper,dd7fdf3d-1b5f-439d-9ecd-dc3f9ba3ae65,0.06556707434356213,3.879756841084658e-08,5.909979984856993e-07,360.0,169.93901220404257,10.0,6.569607742130598e-06,3.1016691366403393e-06,1.8243662909501416e-07,9.853713507865843e-06,0.0,Canada,CAN,quebec,,,Linux-5.15.0-152-generic-x86_64-with-glibc2.35,3.14.2,3.1.0,4,AMD EPYC 9554 64-Core Processor,1,1 x NVIDIA RTX A5000,,,4,machine,N
Step #282,2026-02-26T21:50:13,whisper,dd7fdf3d-1b5f-439d-9ecd-dc3f9ba3ae65,0.06585444882512093,4.03901214222829e-08,6.115433463873118e-07,360.0,188.32941259039623,10.0,6.613960303366272e-06,3.460558332335495e-06,1.8366767197019638e-07,1.025818630767195e-05,0.0,Canada,CAN,quebec,,,Linux-5.15.0-152-generic-x86_64-with-glibc2.35,3.14.2,3.1.0,4,AMD EPYC 9554 64-Core Processor,1,1 x NVIDIA RTX A5000,,,4,machine,N
Step #283,2026-02-26T21:50:13,whisper,dd7fdf3d-1b5f-439d-9ecd-dc3f9ba3ae65,0.07071969844400883,3.413853240831968e-08,4.822560906759056e-07,360.0,73.79640411696994,10.0,7.033164426684547e-06,1.4419455993675001e-06,1.953126759164837e-07,8.670422701968598e-06,0.0,Canada,CAN,quebec,,,Linux-5.15.0-152-generic-x86_64-with-glibc2.35,3.14.2,3.1.0,4,AMD EPYC 9554 64-Core Processor,1,1 x NVIDIA RTX A5000,,,4,machine,N
Step #284,2026-02-26T21:50:13,whisper,dd7fdf3d-1b5f-439d-9ecd-dc3f9ba3ae65,0.06879662722349167,2.917029311702289e-08,4.2309631008927566e-07,360.0,0.0,10.0,7.208421453833505e-06,0.0,2.0017973147332758e-07,7.408601185306812e-06,0.0,Canada,CAN,quebec,,,Linux-5.15.0-152-generic-x86_64-with-glibc2.35,3.14.2,3.1.0,4,AMD EPYC 9554 64-Core Processor,1,1 x NVIDIA RTX A5000,,,4,machine,N
Step #285,2026-02-26T21:50:13,whisper,dd7fdf3d-1b5f-439d-9ecd-dc3f9ba3ae65,0.06562896445393562,2.6648530345560172e-08,4.052962888417864e-07,360.0,0.0,10.0,6.5852580592037045e-06,0.0,1.8287185683018626e-07,6.768129916033972e-06,0.0,Canada,CAN,quebec,,,Linux-5.15.0-152-generic-x86_64-with-glibc2.35,3.14.2,3.1.0,4,AMD EPYC 9554 64-Core Processor,1,1 x NVIDIA RTX A5000,,,4,machine,N
Step #286,2026-02-26T21:50:13,whisper,dd7fdf3d-1b5f-439d-9ecd-dc3f9ba3ae65,0.06992044858634472,3.706112569026191e-08,5.29560099495391e-07,360.0,137.2962876668678,10.0,6.67942818254226e-06,2.5477798146766872e-06,1.8548794711629823e-07,9.412695944335456e-06,0.0,Canada,CAN,quebec,,,Linux-5.15.0-152-generic-x86_64-with-glibc2.35,3.14.2,3.1.0,4,AMD EPYC 9554 64-Core Processor,1,1 x NVIDIA RTX A5000,,,4,machine,N
Step #287,2026-02-26T21:50:13,whisper,dd7fdf3d-1b5f-439d-9ecd-dc3f9ba3ae65,0.07187428139150143,3.930652977311075e-08,5.463407288767011e-07,360.0,129.322440628957,10.0,7.1972694247962946e-06,2.585835389368185e-06,1.9987348156670848e-07,9.982978295731276e-06,0.0,Canada,CAN,quebec,,,Linux-5.15.0-152-generic-x86_64-with-glibc2.35,3.14.2,3.1.0,4,AMD EPYC 9554 64-Core Processor,1,1 x NVIDIA RTX A5000,,,4,machine,N
Step #288,2026-02-26T21:50:13,whisper,dd7fdf3d-1b5f-439d-9ecd-dc3f9ba3ae65,0.06745756044983864,3.961810980098903e-08,5.867852561091626e-07,360.0,157.46362812351978,10.0,6.8672394379974515e-06,3.004169087716946e-06,1.907041192882622e-07,1.0062112645002619e-05,0.0,Canada,CAN,quebec,,,Linux-5.15.0-152-generic-x86_64-with-glibc2.35,3.14.2,3.1.0,4,AMD EPYC 9554 64-Core Processor,1,1 x NVIDIA RTX A5000,,,4,machine,N
Step #289,2026-02-26T21:50:13,whisper,dd7fdf3d-1b5f-439d-9ecd-dc3f9ba3ae65,0.06834032945334911,4.5257194870404024e-08,6.603444086786264e-07,360.0,84.2311067122239,10.0,9.109652787447128e-06,2.131668352944871e-06,2.5299282537566046e-07,1.1494313965767795e-05,0.0,Canada,CAN,quebec,,,Linux-5.15.0-152-generic-x86_64-with-glibc2.35,3.14.2,3.1.0,4,AMD EPYC 9554 64-Core Processor,1,1 x NVIDIA RTX A5000,,,4,machine,N
Step #290,2026-02-26T21:50:13,whisper,dd7fdf3d-1b5f-439d-9ecd-dc3f9ba3ae65,0.06772478297352791,3.8305880192319956e-08,5.644198651751009e-07,360.0,134.8654188780826,10.0,6.937024369835839e-06,2.599168752226433e-06,1.9264258961710403e-07,9.728835711679193e-06,0.0,Canada,CAN,quebec,,,Linux-5.15.0-152-generic-x86_64-with-glibc2.35,3.14.2,3.1.0,4,AMD EPYC 9554 64-Core Processor,1,1 x NVIDIA RTX A5000,,,4,machine,N
Step #291,2026-02-26T21:50:14,whisper,dd7fdf3d-1b5f-439d-9ecd-dc3f9ba3ae65,0.06538831070065498,3.872625333082184e-08,5.911860679709998e-07,360.0,168.88495273568893,10.0,6.570362485945353e-06,3.0827802390831494e-06,1.8245834960705406e-07,9.835601074635516e-06,0.0,Canada,CAN,quebec,,,Linux-5.15.0-152-generic-x86_64-with-glibc2.35,3.14.2,3.1.0,4,AMD EPYC 9554 64-Core Processor,1,1 x NVIDIA RTX A5000,,,4,machine,N
Step #292,2026-02-26T21:50:14,whisper,dd7fdf3d-1b5f-439d-9ecd-dc3f9ba3ae65,0.07246187143027782,3.1630152889616624e-08,4.3601286823199425e-07,360.0,31.255137502963223,10.0,7.207367382943471e-06,6.258338345332959e-07,2.001492617030931e-07,8.033350479179704e-06,0.0,Canada,CAN,quebec,,,Linux-5.15.0-152-generic-x86_64-with-glibc2.35,3.14.2,3.1.0,4,AMD EPYC 9554 64-Core Processor,1,1 x NVIDIA RTX A5000,,,4,machine,N
Step #293,2026-02-26T21:50:14,whisper,dd7fdf3d-1b5f-439d-9ecd-dc3f9ba3ae65,0.06828293018043041,2.782825894131257e-08,4.0722615213593867e-07,360.0,0.0,10.0,6.87678549438726e-06,0.0,1.909690650386936e-07,7.06775455942615e-06,0.0,Canada,CAN,quebec,,,Linux-5.15.0-152-generic-x86_64-with-glibc2.35,3.14.2,3.1.0,4,AMD EPYC 9554 64-Core Processor,1,1 x NVIDIA RTX A5000,,,4,machine,N
Step #294,2026-02-26T21:50:14,whisper,dd7fdf3d-1b5f-439d-9ecd-dc3f9ba3ae65,0.065317552536726,2.6523025762993372e-08,4.053514939746789e-07,360.0,0.0,10.0,6.554243713617191e-06,0.0,1.8201084910995333e-07,6.736254562727043e-06,0.0,Canada,CAN,quebec,,,Linux-5.15.0-152-generic-x86_64-with-glibc2.35,3.14.2,3.1.0,4,AMD EPYC 9554 64-Core Processor,1,1 x NVIDIA RTX A5000,,,4,machine,N
Step #295,2026-02-26T21:50:14,whisper,dd7fdf3d-1b5f-439d-9ecd-dc3f9ba3ae65,0.06574118696153164,3.772621121225542e-08,5.728933372808722e-07,360.0,151.8866944308049,10.0,6.609181873500503e-06,2.788891123373105e-06,1.8353977551062618e-07,9.581612772384309e-06,0.0,Canada,CAN,quebec,,,Linux-5.15.0-152-generic-x86_64-with-glibc2.35,3.14.2,3.1.0,4,AMD EPYC 9554 64-Core Processor,1,1 x NVIDIA RTX A5000,,,4,machine,N
Step #296,2026-02-26T21:50:14,whisper,dd7fdf3d-1b5f-439d-9ecd-dc3f9ba3ae65,0.07003651931881905,3.662373699100093e-08,5.223974294147447e-07,360.0,110.78810715089422,10.0,6.9645857438444154e-06,2.143612832128383e-06,1.93410434035794e-07,9.30160901000841e-06,0.0,Canada,CAN,quebec,,,Linux-5.15.0-152-generic-x86_64-with-glibc2.35,3.14.2,3.1.0,4,AMD EPYC 9554 64-Core Processor,1,1 x NVIDIA RTX A5000,,,4,machine,N
Step #297,2026-02-26T21:50:14,whisper,dd7fdf3d-1b5f-439d-9ecd-dc3f9ba3ae65,0.06765635311603546,3.781568919393871e-08,5.576518454187055e-07,360.0,136.43920869755857,10.0,6.82697203010325e-06,2.5877798464080115e-06,1.895862993680784e-07,9.604338175879523e-06,0.0,Canada,CAN,quebec,,,Linux-5.15.0-152-generic-x86_64-with-glibc2.35,3.14.2,3.1.0,4,AMD EPYC 9554 64-Core Processor,1,1 x NVIDIA RTX A5000,,,4,machine,N
Step #298,2026-02-26T21:50:14,whisper,dd7fdf3d-1b5f-439d-9ecd-dc3f9ba3ae65,0.06496730074286461,3.934632276481727e-08,6.048268069638633e-07,360.0,182.14553301203765,10.0,6.515211984515351e-06,3.296947085118518e-06,1.8092575483023827e-07,9.9930848244641e-06,0.0,Canada,CAN,quebec,,,Linux-5.15.0-152-generic-x86_64-with-glibc2.35,3.14.2,3.1.0,4,AMD EPYC 9554 64-Core Processor,1,1 x NVIDIA RTX A5000,,,4,machine,N
Step #299,2026-02-26T21:50:14,whisper,dd7fdf3d-1b5f-439d-9ecd-dc3f9ba3ae65,0.0658110473304987,2.6739827053487425e-08,4.057576683434012e-07,360.0,0.0,10.0,6.607818044722293e-06,0.0,1.8349919054243296e-07,6.791317235264882e-06,0.0,Canada,CAN,quebec,,,Linux-5.15.0-152-generic-x86_64-with-glibc2.35,3.14.2,3.1.0,4,AMD EPYC 9554 64-Core Processor,1,1 x NVIDIA RTX A5000,,,4,machine,N
Step #300,2026-02-26T21:50:14,whisper,dd7fdf3d-1b5f-439d-9ecd-dc3f9ba3ae65,0.06998525001108646,2.6841302169039406e-08,3.832408821379621e-07,360.0,0.0,10.0,6.6328944638371044e-06,0.0,1.8419517825047098e-07,6.817089642087697e-06,0.0,Canada,CAN,quebec,,,Linux-5.15.0-152-generic-x86_64-with-glibc2.35,3.14.2,3.1.0,4,AMD EPYC 9554 64-Core Processor,1,1 x NVIDIA RTX A5000,,,4,machine,N
Step #301,2026-02-26T21:50:14,whisper,dd7fdf3d-1b5f-439d-9ecd-dc3f9ba3ae65,0.06736388802528381,2.855477939653551e-08,4.2304368641561544e-07,360.0,0.0,10.0,7.056315802037808e-06,0.0,1.9595868264635067e-07,7.25227448468424e-06,0.0,Canada,CAN,quebec,,,Linux-5.15.0-152-generic-x86_64-with-glibc2.35,3.14.2,3.1.0,4,AMD EPYC 9554 64-Core Processor,1,1 x NVIDIA RTX A5000,,,4,machine,N
Step #302,2026-02-26T21:50:14,whisper,dd7fdf3d-1b5f-439d-9ecd-dc3f9ba3ae65,0.07195873185992241,4.148965517961482e-08,5.757877300135501e-07,360.0,160.27697101921348,10.0,7.153506763279537e-06,3.1852803346055225e-06,1.9865616017745563e-07,1.0537443258062332e-05,0.0,Canada,CAN,quebec,,,Linux-5.15.0-152-generic-x86_64-with-glibc2.35,3.14.2,3.1.0,4,AMD EPYC 9554 64-Core Processor,1,1 x NVIDIA RTX A5000,,,4,machine,N
Step #303,2026-02-26T21:50:15,whisper,dd7fdf3d-1b5f-439d-9ecd-dc3f9ba3ae65,0.06786306388676167,3.6801421845520337e-08,5.408872687622949e-07,360.0,121.34720177566494,10.0,6.847953982651051e-06,2.308612948809241e-06,1.9017005235784568e-07,9.346736983818077e-06,0.0,Canada,CAN,quebec,,,Linux-5.15.0-152-generic-x86_64-with-glibc2.35,3.14.2,3.1.0,4,AMD EPYC 9554 64-Core Processor,1,1 x NVIDIA RTX A5000,,,4,machine,N
Step #304,2026-02-26T21:50:15,whisper,dd7fdf3d-1b5f-439d-9ecd-dc3f9ba3ae65,0.06518799066543579,3.824342316376067e-08,5.856936352073432e-07,360.0,164.63855859431862,10.0,6.539968401193721e-06,2.991391284012934e-06,1.8161333993904898e-07,9.712973025145528e-06,0.0,Canada,CAN,quebec,,,Linux-5.15.0-152-generic-x86_64-with-glibc2.35,3.14.2,3.1.0,4,AMD EPYC 9554 64-Core Processor,1,1 x NVIDIA RTX A5000,,,4,machine,N
Step #305,2026-02-26T21:50:15,whisper,dd7fdf3d-1b5f-439d-9ecd-dc3f9ba3ae65,0.06629620306193829,3.859579673982011e-08,5.809701559785968e-07,360.0,159.69107131821315,10.0,6.661910749971786e-06,2.9555579175166713e-06,1.849993545975935e-07,9.802468022086092e-06,0.0,Canada,CAN,quebec,,,Linux-5.15.0-152-generic-x86_64-with-glibc2.35,3.14.2,3.1.0,4,AMD EPYC 9554 64-Core Processor,1,1 x NVIDIA RTX A5000,,,4,machine,N
Step #306,2026-02-26T21:50:15,whisper,dd7fdf3d-1b5f-439d-9ecd-dc3f9ba3ae65,0.06958558410406113,3.467959248110915e-08,4.979549518769599e-07,360.0,88.58765747547747,10.0,6.914164125919244e-06,1.7016680260439898e-06,1.9200769149594634e-07,8.807839843459099e-06,0.0,Canada,CAN,quebec,,,Linux-5.15.0-152-generic-x86_64-with-glibc2.35,3.14.2,3.1.0,4,AMD EPYC 9554 64-Core Processor,1,1 x NVIDIA RTX A5000,,,4,machine,N
Step #307,2026-02-26T21:50:15,whisper,dd7fdf3d-1b5f-439d-9ecd-dc3f9ba3ae65,0.06852513179183006,2.877530595948688e-08,4.1944484705363874e-07,360.0,0.0,10.0,7.110813446343112e-06,0.0,1.97469846655924e-07,7.308283292999009e-06,0.0,Canada,CAN,quebec,,,Linux-5.15.0-152-generic-x86_64-with-glibc2.35,3.14.2,3.1.0,4,AMD EPYC 9554 64-Core Processor,1,1 x NVIDIA RTX A5000,,,4,machine,N
Step #308,2026-02-26T21:50:15,whisper,dd7fdf3d-1b5f-439d-9ecd-dc3f9ba3ae65,0.06771587207913399,2.7515475378337928e-08,4.054624587492484e-07,360.0,0.0,10.0,6.799493357539325e-06,0.0,1.8882118165492785e-07,6.9883145391940425e-06,0.0,Canada,CAN,quebec,,,Linux-5.15.0-152-generic-x86_64-with-glibc2.35,3.14.2,3.1.0,4,AMD EPYC 9554 64-Core Processor,1,1 x NVIDIA RTX A5000,,,4,machine,N
Step #309,2026-02-26T21:50:15,whisper,dd7fdf3d-1b5f-439d-9ecd-dc3f9ba3ae65,0.06589035876095295,3.636126782654447e-08,5.509000847746064e-07,360.0,132.57689991487703,10.0,6.614863313734575e-06,2.43639084374081e-06,1.8369356273776716e-07,9.234947720212962e-06,0.0,Canada,CAN,quebec,,,Linux-5.15.0-152-generic-x86_64-with-glibc2.35,3.14.2,3.1.0,4,AMD EPYC 9554 64-Core Processor,1,1 x NVIDIA RTX A5000,,,4,machine,N
Step #310,2026-02-26T21:50:15,whisper,dd7fdf3d-1b5f-439d-9ecd-dc3f9ba3ae65,0.07580153085291386,4.1129715658739876e-08,5.421446817259526e-07,360.0,124.62342221095122,10.0,7.6026683673261104e-06,2.6322243087406605e-06,2.111340045101134e-07,1.0446026680576911e-05,0.0,Canada,CAN,quebec,,,Linux-5.15.0-152-generic-x86_64-with-glibc2.35,3.14.2,3.1.0,4,AMD EPYC 9554 64-Core Processor,1,1 x NVIDIA RTX A5000,,,4,machine,N
Step #311,2026-02-26T21:50:15,whisper,dd7fdf3d-1b5f-439d-9ecd-dc3f9ba3ae65,0.06591014005243778,3.993075346100731e-08,6.048743245585142e-07,360.0,181.89211086731245,10.0,6.61503728479132e-06,3.342780459547612e-06,1.8369938867787998e-07,1.0141517133016933e-05,0.0,Canada,CAN,quebec,,,Linux-5.15.0-152-generic-x86_64-with-glibc2.35,3.14.2,3.1.0,4,AMD EPYC 9554 64-Core Processor,1,1 x NVIDIA RTX A5000,,,4,machine,N
Step #312,2026-02-26T21:50:15,whisper,dd7fdf3d-1b5f-439d-9ecd-dc3f9ba3ae65,0.0696193054318428,3.8848473161689616e-08,5.571520756207404e-07,360.0,158.24887593544554,10.0,6.7238068208099605e-06,2.9561134766709074e-06,1.8672187709145658e-07,9.8666421745725e-06,0.0,Canada,CAN,quebec,,,Linux-5.15.0-152-generic-x86_64-with-glibc2.35,3.14.2,3.1.0,4,AMD EPYC 9554 64-Core Processor,1,1 x NVIDIA RTX A5000,,,4,machine,N
Step #313,2026-02-26T21:50:15,whisper,dd7fdf3d-1b5f-439d-9ecd-dc3f9ba3ae65,0.06803909689188004,3.9460230015090896e-08,5.789117963729361e-07,360.0,131.88526279667116,10.0,7.188494317233399e-06,2.6338910004142235e-06,1.9962939744195e-07,1.0022014715089546e-05,0.0,Canada,CAN,quebec,,,Linux-5.15.0-152-generic-x86_64-with-glibc2.35,3.14.2,3.1.0,4,AMD EPYC 9554 64-Core Processor,1,1 x NVIDIA RTX A5000,,,4,machine,N
Step #314,2026-02-26T21:50:16,whisper,dd7fdf3d-1b5f-439d-9ecd-dc3f9ba3ae65,0.06585235893726349,2.6730937190883096e-08,4.053271644268551e-07,360.0,0.0,10.0,6.605621986091343e-06,0.0,1.8343742315967305e-07,6.789059409251057e-06,0.0,Canada,CAN,quebec,,,Linux-5.15.0-152-generic-x86_64-with-glibc2.35,3.14.2,3.1.0,4,AMD EPYC 9554 64-Core Processor,1,1 x NVIDIA RTX A5000,,,4,machine,N
Step #315,2026-02-26T21:50:16,whisper,dd7fdf3d-1b5f-439d-9ecd-dc3f9ba3ae65,0.06557895615696907,2.6619422380181663e-08,4.051836025928604e-07,360.0,0.0,10.0,6.5780665725470935e-06,0.0,1.8267057215174038e-07,6.760737144698766e-06,0.0,Canada,CAN,quebec,,,Linux-5.15.0-152-generic-x86_64-with-glibc2.35,3.14.2,3.1.0,4,AMD EPYC 9554 64-Core Processor,1,1 x NVIDIA RTX A5000,,,4,machine,N
Step #316,2026-02-26T21:50:16,whisper,dd7fdf3d-1b5f-439d-9ecd-dc3f9ba3ae65,0.06929582171142101,3.665457890275182e-08,5.286423830792638e-07,360.0,132.92655805215523,10.0,6.663560867309695e-06,2.4608353044186515e-06,1.8504599316252466e-07,9.309442164890953e-06,0.0,Canada,CAN,quebec,,,Linux-5.15.0-152-generic-x86_64-with-glibc2.35,3.14.2,3.1.0,4,AMD EPYC 9554 64-Core Processor,1,1 x NVIDIA RTX A5000,,,4,machine,N
Step #317,2026-02-26T21:50:16,whisper,dd7fdf3d-1b5f-439d-9ecd-dc3f9ba3ae65,0.07203369587659836,3.8389875967544704e-08,5.322000405161894e-07,360.0,115.63959537186877,10.0,7.227510772645374e-06,2.321946297456634e-06,2.0071168740589838e-07,9.750168757507744e-06,0.0,Canada,CAN,quebec,,,Linux-5.15.0-152-generic-x86_64-with-glibc2.35,3.14.2,3.1.0,4,AMD EPYC 9554 64-Core Processor,1,1 x NVIDIA RTX A5000,,,4,machine,N
Step #318,2026-02-26T21:50:16,whisper,dd7fdf3d-1b5f-439d-9ecd-dc3f9ba3ae65,0.06859429180622101,3.925026001562964e-08,5.723233765157148e-07,360.0,151.19958758677353,10.0,6.885258853435525e-06,2.892224529205123e-06,1.9120365484721663e-07,9.968687037488055e-06,0.0,Canada,CAN,quebec,,,Linux-5.15.0-152-generic-x86_64-with-glibc2.35,3.14.2,3.1.0,4,AMD EPYC 9554 64-Core Processor,1,1 x NVIDIA RTX A5000,,,4,machine,N
Step #319,2026-02-26T21:50:16,whisper,dd7fdf3d-1b5f-439d-9ecd-dc3f9ba3ae65,0.07250642031431198,3.8805362512092534e-08,5.33452264983075e-07,360.0,120.82237888656194,10.0,7.228561490774197e-06,2.426390835807979e-06,2.0074070845212534e-07,9.855693035034328e-06,0.0,Canada,CAN,quebec,,,Linux-5.15.0-152-generic-x86_64-with-glibc2.35,3.14.2,3.1.0,4,AMD EPYC 9554 64-Core Processor,1,1 x NVIDIA RTX A5000,,,4,machine,N
Step #320,2026-02-26T21:50:16,whisper,dd7fdf3d-1b5f-439d-9ecd-dc3f9ba3ae65,0.06803938560187817,3.9278395656997155e-08,5.763385167290126e-07,360.0,133.82158584796866,10.0,7.127887383103198e-06,2.6500021306219423e-06,1.9794334657489878e-07,9.975832860299998e-06,0.0,Canada,CAN,quebec,,,Linux-5.15.0-152-generic-x86_64-with-glibc2.35,3.14.2,3.1.0,4,AMD EPYC 9554 64-Core Processor,1,1 x NVIDIA RTX A5000,,,4,machine,N
Step #321,2026-02-26T21:50:16,whisper,dd7fdf3d-1b5f-439d-9ecd-dc3f9ba3ae65,0.06523978151381016,2.6447083725954757e-08,4.0498281513192005e-07,360.0,0.0,10.0,6.535478308796871e-06,0.0,1.8148867723842218e-07,6.716966986035442e-06,0.0,Canada,CAN,quebec,,,Linux-5.15.0-152-generic-x86_64-with-glibc2.35,3.14.2,3.1.0,4,AMD EPYC 9554 64-Core Processor,1,1 x NVIDIA RTX A5000,,,4,machine,N
Step #322,2026-02-26T21:50:16,whisper,dd7fdf3d-1b5f-439d-9ecd-dc3f9ba3ae65,0.06620525196194649,2.689511419756066e-08,4.0526243992231615e-07,360.0,0.0,10.0,6.646193563938224e-06,0.0,1.845631282776616e-07,6.830756692216035e-06,0.0,Canada,CAN,quebec,,,Linux-5.15.0-152-generic-x86_64-with-glibc2.35,3.14.2,3.1.0,4,AMD EPYC 9554 64-Core Processor,1,1 x NVIDIA RTX A5000,,,4,machine,N
Step #323,2026-02-26T21:50:16,whisper,dd7fdf3d-1b5f-439d-9ecd-dc3f9ba3ae65,0.06941451132297516,3.65081007600534e-08,5.253734105672696e-07,360.0,130.8759627739922,10.0,6.664119660854551e-06,2.4230574808825622e-06,1.8506285527514232e-07,9.27223999701212e-06,0.0,Canada,CAN,quebec,,,Linux-5.15.0-152-generic-x86_64-with-glibc2.35,3.14.2,3.1.0,4,AMD EPYC 9554 64-Core Processor,1,1 x NVIDIA RTX A5000,,,4,machine,N
Step #324,2026-02-26T21:50:16,whisper,dd7fdf3d-1b5f-439d-9ecd-dc3f9ba3ae65,0.07380888424813747,3.87269326296157e-08,5.239656248631097e-07,360.0,108.50287123103473,10.0,7.39971976727264e-06,2.230557342386419e-06,2.0549649165735946e-07,9.835773601316392e-06,0.0,Canada,CAN,quebec,,,Linux-5.15.0-152-generic-x86_64-with-glibc2.35,3.14.2,3.1.0,4,AMD EPYC 9554 64-Core Processor,1,1 x NVIDIA RTX A5000,,,4,machine,N
Step #325,2026-02-26T21:50:16,whisper,dd7fdf3d-1b5f-439d-9ecd-dc3f9ba3ae65,0.06946266442537308,3.9483355889690454e-08,5.673177671267134e-07,360.0,147.9891629672513,10.0,6.969074532389707e-06,2.8652800665440736e-06,1.9353357040219278e-07,1.0027888169335947e-05,0.0,Canada,CAN,quebec,,,Linux-5.15.0-152-generic-x86_64-with-glibc2.35,3.14.2,3.1.0,4,AMD EPYC 9554 64-Core Processor,1,1 x NVIDIA RTX A5000,,,4,machine,N
Step #326,2026-02-26T21:50:17,whisper,dd7fdf3d-1b5f-439d-9ecd-dc3f9ba3ae65,0.07023867405951023,3.7649837006052594e-08,5.345866340977006e-07,360.0,122.74384484787751,10.0,6.985986791550967e-06,2.3822241388415932e-06,1.940045040100852e-07,9.562215434402808e-06,0.0,Canada,CAN,quebec,,,Linux-5.15.0-152-generic-x86_64-with-glibc2.35,3.14.2,3.1.0,4,AMD EPYC 9554 64-Core Processor,1,1 x NVIDIA RTX A5000,,,4,machine,N
Step #327,2026-02-26T21:50:17,whisper,dd7fdf3d-1b5f-439d-9ecd-dc3f9ba3ae65,0.06971417553722858,3.950041479667792e-08,5.644614072048925e-07,360.0,131.06674995961768,10.0,7.207616418600151e-06,2.624446537424774e-06,2.0015779365267436e-07,1.0032220749677748e-05,0.0,Canada,CAN,quebec,,,Linux-5.15.0-152-generic-x86_64-with-glibc2.35,3.14.2,3.1.0,4,AMD EPYC 9554 64-Core Processor,1,1 x NVIDIA RTX A5000,,,4,machine,N
Step #328,2026-02-26T21:50:17,whisper,dd7fdf3d-1b5f-439d-9ecd-dc3f9ba3ae65,0.06545161455869675,2.6564377218293668e-08,4.0575905050499506e-07,360.0,0.0,10.0,6.564462557435199e-06,0.0,1.8229434887568317e-07,6.746756906310814e-06,0.0,Canada,CAN,quebec,,,Linux-5.15.0-152-generic-x86_64-with-glibc2.35,3.14.2,3.1.0,4,AMD EPYC 9554 64-Core Processor,1,1 x NVIDIA RTX A5000,,,4,machine,N
Step #329,2026-02-26T21:50:17,whisper,dd7fdf3d-1b5f-439d-9ecd-dc3f9ba3ae65,0.06592519953846931,2.684536968994141e-08,4.063843019839678e-07,360.0,0.0,10.0,6.6338995471596635e-06,0.0,1.842231541458072e-07,6.8181227013052945e-06,0.0,Canada,CAN,quebec,,,Linux-5.15.0-152-generic-x86_64-with-glibc2.35,3.14.2,3.1.0,4,AMD EPYC 9554 64-Core Processor,1,1 x NVIDIA RTX A5000,,,4,machine,N
Step #330,2026-02-26T21:50:17,whisper,dd7fdf3d-1b5f-439d-9ecd-dc3f9ba3ae65,0.06977536715567112,3.676671488687438e-08,5.264477595625677e-07,360.0,115.21014332713418,10.0,6.928029097616473e-06,2.2175017875269987e-06,1.923913084384525e-07,9.337922193581802e-06,0.0,Canada,CAN,quebec,,,Linux-5.15.0-152-generic-x86_64-with-glibc2.35,3.14.2,3.1.0,4,AMD EPYC 9554 64-Core Processor,1,1 x NVIDIA RTX A5000,,,4,machine,N
Step #331,2026-02-26T21:50:17,whisper,dd7fdf3d-1b5f-439d-9ecd-dc3f9ba3ae65,0.06813708692789078,3.659002166120568e-08,5.363112616537586e-07,360.0,117.91454172927985,10.0,6.856526248156993e-06,2.246112899229047e-06,1.9040692390667649e-07,9.293046071292676e-06,0.0,Canada,CAN,quebec,,,Linux-5.15.0-152-generic-x86_64-with-glibc2.35,3.14.2,3.1.0,4,AMD EPYC 9554 64-Core Processor,1,1 x NVIDIA RTX A5000,,,4,machine,N
Step #332,2026-02-26T21:50:17,whisper,dd7fdf3d-1b5f-439d-9ecd-dc3f9ba3ae65,0.06531341187655926,3.8447726054910644e-08,5.876299010818096e-07,360.0,166.01643067098044,10.0,6.5580205991862435e-06,3.0247246343151346e-06,1.8211615064905493e-07,9.76486138415042e-06,0.0,Canada,CAN,quebec,,,Linux-5.15.0-152-generic-x86_64-with-glibc2.35,3.14.2,3.1.0,4,AMD EPYC 9554 64-Core Processor,1,1 x NVIDIA RTX A5000,,,4,machine,N
Step #333,2026-02-26T21:50:17,whisper,dd7fdf3d-1b5f-439d-9ecd-dc3f9ba3ae65,0.0691100712865591,3.6047580747592515e-08,5.211015625497011e-07,360.0,125.54308747816559,10.0,6.650860607624199e-06,2.3197240750505443e-06,1.8469354448219e-07,9.155278227156866e-06,0.0,Canada,CAN,quebec,,,Linux-5.15.0-152-generic-x86_64-with-glibc2.35,3.14.2,3.1.0,4,AMD EPYC 9554 64-Core Processor,1,1 x NVIDIA RTX A5000,,,4,machine,N
Step #334,2026-02-26T21:50:17,whisper,dd7fdf3d-1b5f-439d-9ecd-dc3f9ba3ae65,0.07330981083214283,3.804535966987283e-08,5.183216526786149e-07,360.0,103.05606558285852,10.0,7.353185117244757e-06,2.1052794636489125e-06,2.0420475242038157e-07,9.66266933331416e-06,0.0,Canada,CAN,quebec,,,Linux-5.15.0-152-generic-x86_64-with-glibc2.35,3.14.2,3.1.0,4,AMD EPYC 9554 64-Core Processor,1,1 x NVIDIA RTX A5000,,,4,machine,N
Step #335,2026-02-26T21:50:17,whisper,dd7fdf3d-1b5f-439d-9ecd-dc3f9ba3ae65,0.06549504399299622,2.6584399078252014e-08,4.0493549802903264e-07,360.0,0.0,10.0,6.569409556686848e-06,0.0,1.8243245366546723e-07,6.75184201035222e-06,0.0,Canada,CAN,quebec,,,Linux-5.15.0-152-generic-x86_64-with-glibc2.35,3.14.2,3.1.0,4,AMD EPYC 9554 64-Core Processor,1,1 x NVIDIA RTX A5000,,,4,machine,N
Step #336,2026-02-26T21:50:17,whisper,dd7fdf3d-1b5f-439d-9ecd-dc3f9ba3ae65,0.06596511974930763,2.6628635871286564e-08,4.036776442379811e-07,360.0,0.0,10.0,6.580340862274124e-06,0.0,1.8273630282944996e-07,6.763077165103642e-06,0.0,Canada,CAN,quebec,,,Linux-5.15.0-152-generic-x86_64-with-glibc2.35,3.14.2,3.1.0,4,AMD EPYC 9554 64-Core Processor,1,1 x NVIDIA RTX A5000,,,4,machine,N
Step #337,2026-02-26T21:50:17,whisper,dd7fdf3d-1b5f-439d-9ecd-dc3f9ba3ae65,0.06600291095674038,3.717813379116988e-08,5.619306778408159e-07,360.0,143.1131623779934,10.0,6.624559499323387e-06,2.633890986203369e-06,1.839628960523292e-07,9.442413381579098e-06,0.0,Canada,CAN,quebec,,,Linux-5.15.0-152-generic-x86_64-with-glibc2.35,3.14.2,3.1.0,4,AMD EPYC 9554 64-Core Processor,1,1 x NVIDIA RTX A5000,,,4,machine,N
Step #338,2026-02-26T21:50:18,whisper,dd7fdf3d-1b5f-439d-9ecd-dc3f9ba3ae65,0.07177673280239105,3.6725000448355774e-08,5.116346857042923e-07,360.0,100.99478831218518,10.0,7.129072584211894e-06,2.0002793661433316e-06,1.9797571003437242e-07,9.327327660389653e-06,0.0,Canada,CAN,quebec,,,Linux-5.15.0-152-generic-x86_64-with-glibc2.35,3.14.2,3.1.0,4,AMD EPYC 9554 64-Core Processor,1,1 x NVIDIA RTX A5000,,,4,machine,N
Step #339,2026-02-26T21:50:18,whisper,dd7fdf3d-1b5f-439d-9ecd-dc3f9ba3ae65,0.07177018187940121,3.622288103760155e-08,5.041192660918577e-07,360.0,90.19613732949013,10.0,7.196613214909952e-06,1.8033347970458635e-06,1.9985256302687928e-07,9.199800574982708e-06,0.0,Canada,CAN,quebec,,,Linux-5.15.0-152-generic-x86_64-with-glibc2.35,3.14.2,3.1.0,4,AMD EPYC 9554 64-Core Processor,1,1 x NVIDIA RTX A5000,,,4,machine,N
Step #340,2026-02-26T21:50:18,whisper,dd7fdf3d-1b5f-439d-9ecd-dc3f9ba3ae65,0.06858846172690392,3.74544209006784e-08,5.450274735763656e-07,360.0,127.43093943800987,10.0,6.884188577532899e-06,2.4372241682613094e-06,1.9117137417197277e-07,9.512584119966087e-06,0.0,Canada,CAN,quebec,,,Linux-5.15.0-152-generic-x86_64-with-glibc2.35,3.14.2,3.1.0,4,AMD EPYC 9554 64-Core Processor,1,1 x NVIDIA RTX A5000,,,4,machine,N
Step #341,2026-02-26T21:50:18,whisper,dd7fdf3d-1b5f-439d-9ecd-dc3f9ba3ae65,0.07034589350223541,3.51471334645752e-08,4.991609549406504e-07,360.0,115.6385905546318,10.0,6.6169982776047645e-06,2.125835024457956e-06,1.837514806538764e-07,8.92658478271642e-06,0.0,Canada,CAN,quebec,,,Linux-5.15.0-152-generic-x86_64-with-glibc2.35,3.14.2,3.1.0,4,AMD EPYC 9554 64-Core Processor,1,1 x NVIDIA RTX A5000,,,4,machine,N
Step #342,2026-02-26T21:50:18,whisper,dd7fdf3d-1b5f-439d-9ecd-dc3f9ba3ae65,0.06767944060266018,2.8070077757855175e-08,4.140643613864566e-07,360.0,0.0,10.0,6.936541013419749e-06,0.0,1.9263010989460096e-07,7.129171123314553e-06,0.0,Canada,CAN,quebec,,,Linux-5.15.0-152-generic-x86_64-with-glibc2.35,3.14.2,3.1.0,4,AMD EPYC 9554 64-Core Processor,1,1 x NVIDIA RTX A5000,,,4,machine,N
Step #343,2026-02-26T21:50:18,whisper,dd7fdf3d-1b5f-439d-9ecd-dc3f9ba3ae65,0.06850536353886127,2.780725672290708e-08,4.0560074497561655e-07,360.0,0.0,10.0,6.871595047414428e-06,0.0,1.9082541887959165e-07,7.062420466294114e-06,0.0,Canada,CAN,quebec,,,Linux-5.15.0-152-generic-x86_64-with-glibc2.35,3.14.2,3.1.0,4,AMD EPYC 9554 64-Core Processor,1,1 x NVIDIA RTX A5000,,,4,machine,N
Step #344,2026-02-26T21:50:18,whisper,dd7fdf3d-1b5f-439d-9ecd-dc3f9ba3ae65,0.07033921219408512,3.716210366496036e-08,5.275088228295772e-07,360.0,115.17665827481916,10.0,7.00302999466669e-06,2.240835129896368e-06,1.9447696395218528e-07,9.438342088515135e-06,0.0,Canada,CAN,quebec,,,Linux-5.15.0-152-generic-x86_64-with-glibc2.35,3.14.2,3.1.0,4,AMD EPYC 9554 64-Core Processor,1,1 x NVIDIA RTX A5000,,,4,machine,N
Step #345,2026-02-26T21:50:18,whisper,dd7fdf3d-1b5f-439d-9ecd-dc3f9ba3ae65,0.06783678196370602,3.833694253329754e-08,5.648192067483894e-07,360.0,143.20398780837064,10.0,6.82983379811028e-06,2.7172243903805793e-06,1.8966666215823808e-07,9.736724850648894e-06,0.0,Canada,CAN,quebec,,,Linux-5.15.0-152-generic-x86_64-with-glibc2.35,3.14.2,3.1.0,4,AMD EPYC 9554 64-Core Processor,1,1 x NVIDIA RTX A5000,,,4,machine,N
Step #346,2026-02-26T21:50:18,whisper,dd7fdf3d-1b5f-439d-9ecd-dc3f9ba3ae65,0.06542706117033958,3.956314489038382e-08,6.039522620303649e-07,360.0,181.22856054472157,10.0,6.56203441321869e-06,3.303891531913905e-06,1.8222684351106304e-07,1.004815278864363e-05,0.0,Canada,CAN,quebec,,,Linux-5.15.0-152-generic-x86_64-with-glibc2.35,3.14.2,3.1.0,4,AMD EPYC 9554 64-Core Processor,1,1 x NVIDIA RTX A5000,,,4,machine,N
Step #347,2026-02-26T21:50:18,whisper,dd7fdf3d-1b5f-439d-9ecd-dc3f9ba3ae65,0.06607219949364662,4.05274641663043e-08,6.118060036015238e-07,360.0,188.3685505833335,10.0,6.636008247733194e-06,3.4727805626744157e-06,1.842794784655136e-07,1.0293068288873015e-05,0.0,Canada,CAN,quebec,,,Linux-5.15.0-152-generic-x86_64-with-glibc2.35,3.14.2,3.1.0,4,AMD EPYC 9554 64-Core Processor,1,1 x NVIDIA RTX A5000,,,4,machine,N
Step #348,2026-02-26T21:50:18,whisper,dd7fdf3d-1b5f-439d-9ecd-dc3f9ba3ae65,0.07407665066421032,3.772401319112054e-08,5.09484677636914e-07,360.0,98.40413732362131,10.0,7.363508641719703e-06,2.013057169847343e-06,2.0448871267338446e-07,9.581054524240417e-06,0.0,Canada,CAN,quebec,,,Linux-5.15.0-152-generic-x86_64-with-glibc2.35,3.14.2,3.1.0,4,AMD EPYC 9554 64-Core Processor,1,1 x NVIDIA RTX A5000,,,4,machine,N
Step #349,2026-02-26T21:50:19,whisper,dd7fdf3d-1b5f-439d-9ecd-dc3f9ba3ae65,0.06806976720690727,2.7836792845161454e-08,4.080036804160361e-07,360.0,0.0,10.0,6.878892518579968e-06,0.0,1.9102946130765972e-07,7.069921979887574e-06,0.0,Canada,CAN,quebec,,,Linux-5.15.0-152-generic-x86_64-with-glibc2.35,3.14.2,3.1.0,4,AMD EPYC 9554 64-Core Processor,1,1 x NVIDIA RTX A5000,,,4,machine,N
Step #350,2026-02-26T21:50:19,whisper,dd7fdf3d-1b5f-439d-9ecd-dc3f9ba3ae65,0.0652607399970293,2.650191003218982e-08,4.055396921399386e-07,360.0,0.0,10.0,6.549025326967311e-06,0.0,1.8186631302038808e-07,6.730891639987902e-06,0.0,Canada,CAN,quebec,,,Linux-5.15.0-152-generic-x86_64-with-glibc2.35,3.14.2,3.1.0,4,AMD EPYC 9554 64-Core Processor,1,1 x NVIDIA RTX A5000,,,4,machine,N
Step #351,2026-02-26T21:50:19,whisper,dd7fdf3d-1b5f-439d-9ecd-dc3f9ba3ae65,0.06745453923940659,3.837518696124847e-08,5.680005654513367e-07,360.0,147.33364003429352,10.0,6.781987287104042e-06,2.776113333879948e-06,1.8833745788369104e-07,9.7464380788676e-06,0.0,Canada,CAN,quebec,,,Linux-5.15.0-152-generic-x86_64-with-glibc2.35,3.14.2,3.1.0,4,AMD EPYC 9554 64-Core Processor,1,1 x NVIDIA RTX A5000,,,4,machine,N
Step #352,2026-02-26T21:50:19,whisper,dd7fdf3d-1b5f-439d-9ecd-dc3f9ba3ae65,0.06954734399914742,3.5301740563284815e-08,5.064558980515998e-07,360.0,117.17238211503744,10.0,6.625200062990166e-06,2.156668401198658e-06,1.8398305918607865e-07,8.965851523374917e-06,0.0,Canada,CAN,quebec,,,Linux-5.15.0-152-generic-x86_64-with-glibc2.35,3.14.2,3.1.0,4,AMD EPYC 9554 64-Core Processor,1,1 x NVIDIA RTX A5000,,,4,machine,N
Step #353,2026-02-26T21:50:19,whisper,dd7fdf3d-1b5f-439d-9ecd-dc3f9ba3ae65,0.06781844422221184,4.09061386401383e-08,6.023359734088851e-07,360.0,166.09576756586725,10.0,6.976336799561882e-06,3.2191692298511043e-06,1.9373709542883154e-07,1.0389243124841845e-05,0.0,Canada,CAN,quebec,,,Linux-5.15.0-152-generic-x86_64-with-glibc2.35,3.14.2,3.1.0,4,AMD EPYC 9554 64-Core Processor,1,1 x NVIDIA RTX A5000,,,4,machine,N
Step #354,2026-02-26T21:50:19,whisper,dd7fdf3d-1b5f-439d-9ecd-dc3f9ba3ae65,0.06555823422968388,4.177420146184564e-08,6.357544224557611e-07,360.0,210.07958342474893,10.0,6.58409167081115e-06,3.84278087040002e-06,1.8283910014562797e-07,1.060971164135692e-05,0.0,Canada,CAN,quebec,,,Linux-5.15.0-152-generic-x86_64-with-glibc2.35,3.14.2,3.1.0,4,AMD EPYC 9554 64-Core Processor,1,1 x NVIDIA RTX A5000,,,4,machine,N
Step #355,2026-02-26T21:50:19,whisper,dd7fdf3d-1b5f-439d-9ecd-dc3f9ba3ae65,0.06554309464991093,2.663455458958117e-08,4.055179967754457e-07,360.0,0.0,10.0,6.5818019211291885e-06,0.0,1.827784658720114e-07,6.764580387001295e-06,0.0,Canada,CAN,quebec,,,Linux-5.15.0-152-generic-x86_64-with-glibc2.35,3.14.2,3.1.0,4,AMD EPYC 9554 64-Core Processor,1,1 x NVIDIA RTX A5000,,,4,machine,N
Step #356,2026-02-26T21:50:19,whisper,dd7fdf3d-1b5f-439d-9ecd-dc3f9ba3ae65,0.06626906245946884,2.6912485872985172e-08,4.0560902407666744e-07,360.0,0.0,10.0,6.650483608245869e-06,0.0,1.8468510049084782e-07,6.835168708736825e-06,0.0,Canada,CAN,quebec,,,Linux-5.15.0-152-generic-x86_64-with-glibc2.35,3.14.2,3.1.0,4,AMD EPYC 9554 64-Core Processor,1,1 x NVIDIA RTX A5000,,,4,machine,N
Step #357,2026-02-26T21:50:19,whisper,dd7fdf3d-1b5f-439d-9ecd-dc3f9ba3ae65,0.06919416040182114,3.698348653558089e-08,5.33953553018212e-07,360.0,121.07493902630017,10.0,6.885648518800604e-06,2.316112968969719e-06,1.9121584999892477e-07,9.392977337769302e-06,0.0,Canada,CAN,quebec,,,Linux-5.15.0-152-generic-x86_64-with-glibc2.35,3.14.2,3.1.0,4,AMD EPYC 9554 64-Core Processor,1,1 x NVIDIA RTX A5000,,,4,machine,N
Step #358,2026-02-26T21:50:19,whisper,dd7fdf3d-1b5f-439d-9ecd-dc3f9ba3ae65,0.07090610824525356,3.931069646542982e-08,5.538088138395745e-07,360.0,123.48715212995016,10.0,7.283165119588431e-06,2.498613113743886e-06,2.022583089355027e-07,9.984036542267684e-06,0.0,Canada,CAN,quebec,,,Linux-5.15.0-152-generic-x86_64-with-glibc2.35,3.14.2,3.1.0,4,AMD EPYC 9554 64-Core Processor,1,1 x NVIDIA RTX A5000,,,4,machine,N
Step #359,2026-02-26T21:50:19,whisper,dd7fdf3d-1b5f-439d-9ecd-dc3f9ba3ae65,0.06641147471964359,3.7343741061891646e-08,5.609430690174045e-07,360.0,141.77808021798802,10.0,6.671429984271473e-06,2.6277798781393358e-06,1.8526405716935842e-07,9.48447391958037e-06,0.0,Canada,CAN,quebec,,,Linux-5.15.0-152-generic-x86_64-with-glibc2.35,3.14.2,3.1.0,4,AMD EPYC 9554 64-Core Processor,1,1 x NVIDIA RTX A5000,,,4,machine,N
Step #360,2026-02-26T21:50:19,whisper,dd7fdf3d-1b5f-439d-9ecd-dc3f9ba3ae65,0.07058764807879925,3.7808604974559856e-08,5.352235203442884e-07,360.0,122.60710299925475,10.0,7.01738316565741e-06,2.390279689734598e-06,1.9487608741554992e-07,9.60253894280753e-06,0.0,Canada,CAN,quebec,,,Linux-5.15.0-152-generic-x86_64-with-glibc2.35,3.14.2,3.1.0,4,AMD EPYC 9554 64-Core Processor,1,1 x NVIDIA RTX A5000,,,4,machine,N
Step #361,2026-02-26T21:50:20,whisper,dd7fdf3d-1b5f-439d-9ecd-dc3f9ba3ae65,0.06874806433916092,4.0367088256293226e-08,5.863288288106486e-07,360.0,157.8638781537234,10.0,6.9917799904940965e-06,3.0663913292983125e-06,1.9416507954399319e-07,1.025233639933643e-05,0.0,Canada,CAN,quebec,,,Linux-5.15.0-152-generic-x86_64-with-glibc2.35,3.14.2,3.1.0,4,AMD EPYC 9554 64-Core Processor,1,1 x NVIDIA RTX A5000,,,4,machine,N
Step #362,2026-02-26T21:50:20,whisper,dd7fdf3d-1b5f-439d-9ecd-dc3f9ba3ae65,0.06541440449655056,2.6592658409213616e-08,4.061432754245336e-07,360.0,0.0,10.0,6.571449898183299e-06,0.0,1.8248979726599767e-07,6.753939695449459e-06,0.0,Canada,CAN,quebec,,,Linux-5.15.0-152-generic-x86_64-with-glibc2.35,3.14.2,3.1.0,4,AMD EPYC 9554 64-Core Processor,1,1 x NVIDIA RTX A5000,,,4,machine,N
Step #363,2026-02-26T21:50:20,whisper,dd7fdf3d-1b5f-439d-9ecd-dc3f9ba3ae65,0.06575170904397964,2.6690167109756524e-08,4.055473113380266e-07,360.0,0.0,10.0,6.5955461934210854e-06,0.0,1.831585282666804e-07,6.778704721687942e-06,0.0,Canada,CAN,quebec,,,Linux-5.15.0-152-generic-x86_64-with-glibc2.35,3.14.2,3.1.0,4,AMD EPYC 9554 64-Core Processor,1,1 x NVIDIA RTX A5000,,,4,machine,N
Step #364,2026-02-26T21:50:20,whisper,dd7fdf3d-1b5f-439d-9ecd-dc3f9ba3ae65,0.06996547803282738,3.6956564224391956e-08,5.276706588257215e-07,360.0,115.05646363600295,10.0,6.966022588312474e-06,2.2266684567284756e-06,1.9344862860937618e-07,9.386139673650366e-06,0.0,Canada,CAN,quebec,,,Linux-5.15.0-152-generic-x86_64-with-glibc2.35,3.14.2,3.1.0,4,AMD EPYC 9554 64-Core Processor,1,1 x NVIDIA RTX A5000,,,4,machine,N
Step #365,2026-02-26T21:50:20,whisper,dd7fdf3d-1b5f-439d-9ecd-dc3f9ba3ae65,0.06950563192367554,3.9118126872460956e-08,5.610461284358256e-07,360.0,132.36668551069613,10.0,7.11936224251971e-06,2.6180576497836228e-06,1.9770828593108415e-07,9.935128178234498e-06,0.0,Canada,CAN,quebec,,,Linux-5.15.0-152-generic-x86_64-with-glibc2.35,3.14.2,3.1.0,4,AMD EPYC 9554 64-Core Processor,1,1 x NVIDIA RTX A5000,,,4,machine,N
Step #366,2026-02-26T21:50:20,whisper,dd7fdf3d-1b5f-439d-9ecd-dc3f9ba3ae65,0.06685862131416798,3.795811243736799e-08,5.661965240282201e-07,360.0,146.70669066914047,10.0,6.716491654515204e-06,2.7375021858233595e-06,1.865166498141185e-07,9.64051049015275e-06,0.0,Canada,CAN,quebec,,,Linux-5.15.0-152-generic-x86_64-with-glibc2.35,3.14.2,3.1.0,4,AMD EPYC 9554 64-Core Processor,1,1 x NVIDIA RTX A5000,,,4,machine,N
Step #367,2026-02-26T21:50:20,whisper,dd7fdf3d-1b5f-439d-9ecd-dc3f9ba3ae65,0.06927648186683655,3.745027656495033e-08,5.403743380718915e-07,360.0,146.02996962062838,10.0,6.635322421788981e-06,2.6919465909713836e-06,1.8426253874268223e-07,9.511531551503142e-06,0.0,Canada,CAN,quebec,,,Linux-5.15.0-152-generic-x86_64-with-glibc2.35,3.14.2,3.1.0,4,AMD EPYC 9554 64-Core Processor,1,1 x NVIDIA RTX A5000,,,4,machine,N
Step #368,2026-02-26T21:50:20,whisper,dd7fdf3d-1b5f-439d-9ecd-dc3f9ba3ae65,0.06861245445907116,4.128708638960708e-08,6.00895063328567e-07,360.0,149.79608078780072,10.0,7.262097112834334e-06,3.0222246465427816e-06,2.016735625349781e-07,1.048599532191231e-05,0.0,Canada,CAN,quebec,,,Linux-5.15.0-152-generic-x86_64-with-glibc2.35,3.14.2,3.1.0,4,AMD EPYC 9554 64-Core Processor,1,1 x NVIDIA RTX A5000,,,4,machine,N
Step #369,2026-02-26T21:50:20,whisper,dd7fdf3d-1b5f-439d-9ecd-dc3f9ba3ae65,0.06882072426378727,3.736881637536203e-08,5.427590446934063e-07,360.0,124.61282620358277,10.0,6.907626055181228e-06,2.3913907938322154e-06,1.9182563862867172e-07,9.490842487642169e-06,0.0,Canada,CAN,quebec,,,Linux-5.15.0-152-generic-x86_64-with-glibc2.35,3.14.2,3.1.0,4,AMD EPYC 9554 64-Core Processor,1,1 x NVIDIA RTX A5000,,,4,machine,N
Step #370,2026-02-26T21:50:20,whisper,dd7fdf3d-1b5f-439d-9ecd-dc3f9ba3ae65,0.07270428165793419,2.9532874826906515e-08,4.051931233883511e-07,360.0,0.0,10.0,7.298017852008266e-06,0.0,2.0267096762028648e-07,7.500688819628634e-06,0.0,Canada,CAN,quebec,,,Linux-5.15.0-152-generic-x86_64-with-glibc2.35,3.14.2,3.1.0,4,AMD EPYC 9554 64-Core Processor,1,1 x NVIDIA RTX A5000,,,4,machine,N
Step #371,2026-02-26T21:50:20,whisper,dd7fdf3d-1b5f-439d-9ecd-dc3f9ba3ae65,0.06887273490428925,2.7904308277311958e-08,4.046113022445639e-07,360.0,0.0,10.0,6.895578838884628e-06,0.0,1.9149054876631982e-07,7.087069387650812e-06,0.0,Canada,CAN,quebec,,,Linux-5.15.0-152-generic-x86_64-with-glibc2.35,3.14.2,3.1.0,4,AMD EPYC 9554 64-Core Processor,1,1 x NVIDIA RTX A5000,,,4,machine,N
Step #372,2026-02-26T21:50:20,whisper,dd7fdf3d-1b5f-439d-9ecd-dc3f9ba3ae65,0.06889884360134602,3.5381203735417946e-08,5.128865928185127e-07,360.0,116.587852142103,10.0,6.648081541061387e-06,2.153335060484096e-06,1.8461678797999416e-07,8.98603338952541e-06,0.0,Canada,CAN,quebec,,,Linux-5.15.0-152-generic-x86_64-with-glibc2.35,3.14.2,3.1.0,4,AMD EPYC 9554 64-Core Processor,1,1 x NVIDIA RTX A5000,,,4,machine,N
Step #373,2026-02-26T21:50:21,whisper,dd7fdf3d-1b5f-439d-9ecd-dc3f9ba3ae65,0.06725121662020683,3.909780388437349e-08,5.796993543333521e-07,360.0,135.47566114397378,10.0,7.071904838085088e-06,2.6616687875957723e-06,1.9639296871092602e-07,9.929966594391867e-06,0.0,Canada,CAN,quebec,,,Linux-5.15.0-152-generic-x86_64-with-glibc2.35,3.14.2,3.1.0,4,AMD EPYC 9554 64-Core Processor,1,1 x NVIDIA RTX A5000,,,4,machine,N
Step #374,2026-02-26T21:50:21,whisper,dd7fdf3d-1b5f-439d-9ecd-dc3f9ba3ae65,0.07770904526114464,4.21782745677924e-08,5.42340306869523e-07,360.0,122.34481873107048,10.0,7.832595333457162e-06,2.6622243467500084e-06,2.1751748087506034e-07,1.0712337161082434e-05,0.0,Canada,CAN,quebec,,,Linux-5.15.0-152-generic-x86_64-with-glibc2.35,3.14.2,3.1.0,4,AMD EPYC 9554 64-Core Processor,1,1 x NVIDIA RTX A5000,,,4,machine,N
Step #375,2026-02-26T21:50:21,whisper,dd7fdf3d-1b5f-439d-9ecd-dc3f9ba3ae65,0.06798862479627132,3.922798415363426e-08,5.761626905556986e-07,360.0,135.53338815347792,10.0,7.094619236886618e-06,2.67139103016234e-06,1.970192003581257e-07,9.963029467407233e-06,0.0,Canada,CAN,quebec,,,Linux-5.15.0-152-generic-x86_64-with-glibc2.35,3.14.2,3.1.0,4,AMD EPYC 9554 64-Core Processor,1,1 x NVIDIA RTX A5000,,,4,machine,N
Step #376,2026-02-26T21:50:21,whisper,dd7fdf3d-1b5f-439d-9ecd-dc3f9ba3ae65,0.06743797846138477,3.9846785158870995e-08,5.905742924919104e-07,360.0,169.42200849545335,10.0,6.753747910261034e-06,3.1788914327535167e-06,1.8755172172354084e-07,1.0120191064737997e-05,0.0,Canada,CAN,quebec,,,Linux-5.15.0-152-generic-x86_64-with-glibc2.35,3.14.2,3.1.0,4,AMD EPYC 9554 64-Core Processor,1,1 x NVIDIA RTX A5000,,,4,machine,N
Step #377,2026-02-26T21:50:21,whisper,dd7fdf3d-1b5f-439d-9ecd-dc3f9ba3ae65,0.06849053129553795,3.69264846022696e-08,5.382872481008458e-07,360.0,120.47416760255594,10.0,6.8834535777570136e-06,2.3038907244199436e-06,1.911558210849698e-07,9.378500123261805e-06,0.0,Canada,CAN,quebec,,,Linux-5.15.0-152-generic-x86_64-with-glibc2.35,3.14.2,3.1.0,4,AMD EPYC 9554 64-Core Processor,1,1 x NVIDIA RTX A5000,,,4,machine,N
Step #378,2026-02-26T21:50:21,whisper,dd7fdf3d-1b5f-439d-9ecd-dc3f9ba3ae65,0.0751506332308054,3.0409440381977236e-08,4.040073827067159e-07,360.0,0.0,10.0,7.514629140496342e-06,0.0,2.0868769950336348e-07,7.723316839999828e-06,0.0,Canada,CAN,quebec,,,Linux-5.15.0-152-generic-x86_64-with-glibc2.35,3.14.2,3.1.0,4,AMD EPYC 9554 64-Core Processor,1,1 x NVIDIA RTX A5000,,,4,machine,N
Step #379,2026-02-26T21:50:21,whisper,dd7fdf3d-1b5f-439d-9ecd-dc3f9ba3ae65,0.06649101711809635,2.715389533594139e-08,4.078168895639914e-07,360.0,0.0,10.0,6.710143573582326e-06,0.0,1.8633773239950255e-07,6.896481305981774e-06,0.0,Canada,CAN,quebec,,,Linux-5.15.0-152-generic-x86_64-with-glibc2.35,3.14.2,3.1.0,4,AMD EPYC 9554 64-Core Processor,1,1 x NVIDIA RTX A5000,,,4,machine,N
Step #380,2026-02-26T21:50:21,whisper,dd7fdf3d-1b5f-439d-9ecd-dc3f9ba3ae65,0.06620112247765064,3.931270990663022e-08,5.921633618407797e-07,360.0,169.12405274964735,10.0,6.666906923055542e-06,3.1325024991701866e-06,1.851384890162337e-07,9.984547911241759e-06,0.0,Canada,CAN,quebec,,,Linux-5.15.0-152-generic-x86_64-with-glibc2.35,3.14.2,3.1.0,4,AMD EPYC 9554 64-Core Processor,1,1 x NVIDIA RTX A5000,,,4,machine,N
Step #381,2026-02-26T21:50:21,whisper,dd7fdf3d-1b5f-439d-9ecd-dc3f9ba3ae65,0.06604996137320995,3.656147381135264e-08,5.533811793418353e-07,360.0,136.06616119820075,10.0,6.6054182127116626e-06,2.4969464504920325e-06,1.8343089355363424e-07,9.285795556757126e-06,0.0,Canada,CAN,quebec,,,Linux-5.15.0-152-generic-x86_64-with-glibc2.35,3.14.2,3.1.0,4,AMD EPYC 9554 64-Core Processor,1,1 x NVIDIA RTX A5000,,,4,machine,N
Step #382,2026-02-26T21:50:21,whisper,dd7fdf3d-1b5f-439d-9ecd-dc3f9ba3ae65,0.0749181192368269,4.0150577247439315e-08,5.346790291297578e-07,360.0,118.21652379924258,10.0,7.5190903618929834e-06,2.4694464144658923e-06,2.088106754753391e-07,1.0197347451834215e-05,0.0,Canada,CAN,quebec,,,Linux-5.15.0-152-generic-x86_64-with-glibc2.35,3.14.2,3.1.0,4,AMD EPYC 9554 64-Core Processor,1,1 x NVIDIA RTX A5000,,,4,machine,N
Step #383,2026-02-26T21:50:21,whisper,dd7fdf3d-1b5f-439d-9ecd-dc3f9ba3ae65,0.06682229973375797,3.847508849314849e-08,5.754223002204015e-07,360.0,155.48350584720194,10.0,6.694240309297866e-06,2.8916689842617416e-06,1.8590153712365342e-07,9.77181083068341e-06,0.0,Canada,CAN,quebec,,,Linux-5.15.0-152-generic-x86_64-with-glibc2.35,3.14.2,3.1.0,4,AMD EPYC 9554 64-Core Processor,1,1 x NVIDIA RTX A5000,,,4,machine,N
Step #384,2026-02-26T21:50:22,whisper,dd7fdf3d-1b5f-439d-9ecd-dc3f9ba3ae65,0.06994879804551601,3.5669285784456484e-08,5.095293480495211e-07,360.0,119.4480037680655,10.0,6.663052923977335e-06,2.211112885674993e-06,1.8503396875327858e-07,9.059199778405688e-06,0.0,Canada,CAN,quebec,,,Linux-5.15.0-152-generic-x86_64-with-glibc2.35,3.14.2,3.1.0,4,AMD EPYC 9554 64-Core Processor,1,1 x NVIDIA RTX A5000,,,4,machine,N
Step #385,2026-02-26T21:50:22,whisper,dd7fdf3d-1b5f-439d-9ecd-dc3f9ba3ae65,0.06770984083414078,2.8658767084223312e-08,4.2270614095793897e-07,360.0,0.0,10.0,7.082013785839059e-06,0.0,1.966712427222089e-07,7.278685028561105e-06,0.0,Canada,CAN,quebec,,,Linux-5.15.0-152-generic-x86_64-with-glibc2.35,3.14.2,3.1.0,4,AMD EPYC 9554 64-Core Processor,1,1 x NVIDIA RTX A5000,,,4,machine,N
Step #386,2026-02-26T21:50:22,whisper,dd7fdf3d-1b5f-439d-9ecd-dc3f9ba3ae65,0.06584124080836773,2.6740579511136972e-08,4.0523979387177953e-07,360.0,0.0,10.0,6.608006171881977e-06,0.0,1.8350217077467098e-07,6.7915083426565125e-06,0.0,Canada,CAN,quebec,,,Linux-5.15.0-152-generic-x86_64-with-glibc2.35,3.14.2,3.1.0,4,AMD EPYC 9554 64-Core Processor,1,1 x NVIDIA RTX A5000,,,4,machine,N
Step #387,2026-02-26T21:50:22,whisper,dd7fdf3d-1b5f-439d-9ecd-dc3f9ba3ae65,0.06623827293515205,3.758431518007267e-08,5.669960218420178e-07,360.0,147.52835846257258,10.0,6.6397964954374375e-06,2.7213910698264954e-06,1.8438679269618976e-07,9.54557435796019e-06,0.0,Canada,CAN,quebec,,,Linux-5.15.0-152-generic-x86_64-with-glibc2.35,3.14.2,3.1.0,4,AMD EPYC 9554 64-Core Processor,1,1 x NVIDIA RTX A5000,,,4,machine,N
Step #388,2026-02-26T21:50:22,whisper,dd7fdf3d-1b5f-439d-9ecd-dc3f9ba3ae65,0.07044736482203007,3.590913760305564e-08,5.091562332283176e-07,360.0,98.54236167233643,10.0,7.007190026343032e-06,1.918334874062566e-06,1.9459186846183915e-07,9.120116768867627e-06,0.0,Canada,CAN,quebec,,,Linux-5.15.0-152-generic-x86_64-with-glibc2.35,3.14.2,3.1.0,4,AMD EPYC 9554 64-Core Processor,1,1 x NVIDIA RTX A5000,,,4,machine,N
Step #389,2026-02-26T21:50:22,whisper,dd7fdf3d-1b5f-439d-9ecd-dc3f9ba3ae65,0.06754046119749546,3.639164280018032e-08,5.385888841449526e-07,360.0,115.02829265386012,10.0,6.859935261309055e-06,2.1922239596960935e-06,1.9050306226644142e-07,9.242662283271644e-06,0.0,Canada,CAN,quebec,,,Linux-5.15.0-152-generic-x86_64-with-glibc2.35,3.14.2,3.1.0,4,AMD EPYC 9554 64-Core Processor,1,1 x NVIDIA RTX A5000,,,4,machine,N
Step #390,2026-02-26T21:50:22,whisper,dd7fdf3d-1b5f-439d-9ecd-dc3f9ba3ae65,0.06571089662611485,3.911767921852989e-08,5.941522118452443e-07,360.0,172.2588824432451,10.0,6.595467031001844e-06,3.1563914291155015e-06,1.8315602404376358e-07,9.935014484161245e-06,0.0,Canada,CAN,quebec,,,Linux-5.15.0-152-generic-x86_64-with-glibc2.35,3.14.2,3.1.0,4,AMD EPYC 9554 64-Core Processor,1,1 x NVIDIA RTX A5000,,,4,machine,N
Step #391,2026-02-26T21:50:22,whisper,dd7fdf3d-1b5f-439d-9ecd-dc3f9ba3ae65,0.07144520804286003,3.6753752499314236e-08,5.133807891020059e-07,360.0,126.2456470372391,10.0,6.771577149629771e-06,2.3750018840473786e-06,1.880510037557899e-07,9.33463003743298e-06,0.0,Canada,CAN,quebec,,,Linux-5.15.0-152-generic-x86_64-with-glibc2.35,3.14.2,3.1.0,4,AMD EPYC 9554 64-Core Processor,1,1 x NVIDIA RTX A5000,,,4,machine,N
Step #392,2026-02-26T21:50:22,whisper,dd7fdf3d-1b5f-439d-9ecd-dc3f9ba3ae65,0.06743683852255344,2.8224074604918617e-08,4.1789696000038327e-07,360.0,0.0,10.0,6.974594667553784e-06,0.0,1.9368820616768895e-07,7.168282873721513e-06,0.0,Canada,CAN,quebec,,,Linux-5.15.0-152-generic-x86_64-with-glibc2.35,3.14.2,3.1.0,4,AMD EPYC 9554 64-Core Processor,1,1 x NVIDIA RTX A5000,,,4,machine,N
Step #393,2026-02-26T21:50:22,whisper,dd7fdf3d-1b5f-439d-9ecd-dc3f9ba3ae65,0.06568732671439648,2.689663885326244e-08,4.0923390715408996e-07,360.0,0.0,10.0,6.646566465496814e-06,0.0,1.8457745512326612e-07,6.831143920619891e-06,0.0,Canada,CAN,quebec,,,Linux-5.15.0-152-generic-x86_64-with-glibc2.35,3.14.2,3.1.0,4,AMD EPYC 9554 64-Core Processor,1,1 x NVIDIA RTX A5000,,,4,machine,N
Step #394,2026-02-26T21:50:22,whisper,dd7fdf3d-1b5f-439d-9ecd-dc3f9ba3ae65,0.06891367584466934,3.9934553891479e-08,5.77967687004112e-07,360.0,157.51699143153414,10.0,6.921381317079051e-06,3.0288913137610507e-06,1.922097264064627e-07,1.014248235724647e-05,0.0,Canada,CAN,quebec,,,Linux-5.15.0-152-generic-x86_64-with-glibc2.35,3.14.2,3.1.0,4,AMD EPYC 9554 64-Core Processor,1,1 x NVIDIA RTX A5000,,,4,machine,N
Step #395,2026-02-26T21:50:22,whisper,dd7fdf3d-1b5f-439d-9ecd-dc3f9ba3ae65,0.06968453526496887,3.566348203223958e-08,5.107291047232181e-07,360.0,122.65028159273956,10.0,6.618647277355314e-06,2.2552795826413785e-06,1.837988953209583e-07,9.057725755317637e-06,0.0,Canada,CAN,quebec,,,Linux-5.15.0-152-generic-x86_64-with-glibc2.35,3.14.2,3.1.0,4,AMD EPYC 9554 64-Core Processor,1,1 x NVIDIA RTX A5000,,,4,machine,N
Step #396,2026-02-26T21:50:23,whisper,dd7fdf3d-1b5f-439d-9ecd-dc3f9ba3ae65,0.06776288338005543,3.794591616283806e-08,5.590678549235278e-07,360.0,113.58344715428667,10.0,7.174289040267397e-06,2.2638906926886193e-06,1.992331766006029e-07,9.637412909556647e-06,0.0,Canada,CAN,quebec,,,Linux-5.15.0-152-generic-x86_64-with-glibc2.35,3.14.2,3.1.0,4,AMD EPYC 9554 64-Core Processor,1,1 x NVIDIA RTX A5000,,,4,machine,N
Step #397,2026-02-26T21:50:23,whisper,dd7fdf3d-1b5f-439d-9ecd-dc3f9ba3ae65,0.06594234891235828,3.694119959208923e-08,5.587907661294215e-07,360.0,140.16905853556898,10.0,6.620334275066978e-06,2.5780576180522985e-06,1.8384550801582274e-07,9.382237401135262e-06,0.0,Canada,CAN,quebec,,,Linux-5.15.0-152-generic-x86_64-with-glibc2.35,3.14.2,3.1.0,4,AMD EPYC 9554 64-Core Processor,1,1 x NVIDIA RTX A5000,,,4,machine,N
Step #398,2026-02-26T21:50:23,whisper,dd7fdf3d-1b5f-439d-9ecd-dc3f9ba3ae65,0.07128998450934887,3.6356518309882144e-08,5.090579921565945e-07,360.0,117.32723582774467,10.0,6.82098567485797e-06,2.2233351160139136e-06,1.8942065847416694e-07,9.233741449345915e-06,0.0,Canada,CAN,quebec,,,Linux-5.15.0-152-generic-x86_64-with-glibc2.35,3.14.2,3.1.0,4,AMD EPYC 9554 64-Core Processor,1,1 x NVIDIA RTX A5000,,,4,machine,N
Step #399,2026-02-26T21:50:23,whisper,dd7fdf3d-1b5f-439d-9ecd-dc3f9ba3ae65,0.06762685254216194,2.8353942406970974e-08,4.1817282148829947e-07,360.0,0.0,10.0,7.006691023707379e-06,0.0,1.9457536335620732e-07,7.201266387063532e-06,0.0,Canada,CAN,quebec,,,Linux-5.15.0-152-generic-x86_64-with-glibc2.35,3.14.2,3.1.0,4,AMD EPYC 9554 64-Core Processor,1,1 x NVIDIA RTX A5000,,,4,machine,N
Step #400,2026-02-26T21:50:23,whisper,dd7fdf3d-1b5f-439d-9ecd-dc3f9ba3ae65,0.07177463918924332,2.767580767192559e-08,3.853954685947613e-07,360.0,0.0,10.0,6.839109770953849e-06,0.0,1.8992558018200505e-07,7.029035351136057e-06,0.0,Canada,CAN,quebec,,,Linux-5.15.0-152-generic-x86_64-with-glibc2.35,3.14.2,3.1.0,4,AMD EPYC 9554 64-Core Processor,1,1 x NVIDIA RTX A5000,,,4,machine,N
Step #401,2026-02-26T21:50:23,whisper,dd7fdf3d-1b5f-439d-9ecd-dc3f9ba3ae65,0.06784161180257797,2.8852661136279093e-08,4.2501072044857397e-07,360.0,0.0,10.0,7.129928842187008e-06,0.0,1.980009333541025e-07,7.327929775540962e-06,0.0,Canada,CAN,quebec,,,Linux-5.15.0-152-generic-x86_64-with-glibc2.35,3.14.2,3.1.0,4,AMD EPYC 9554 64-Core Processor,1,1 x NVIDIA RTX A5000,,,4,machine,N
Step #402,2026-02-26T21:50:23,whisper,dd7fdf3d-1b5f-439d-9ecd-dc3f9ba3ae65,0.06564700789749622,3.891285227599996e-08,5.917764452478011e-07,360.0,170.06909462410633,10.0,6.587555073201551e-06,3.1125024833045245e-06,1.8293547133604762e-07,9.882993027841933e-06,0.0,Canada,CAN,quebec,,,Linux-5.15.0-152-generic-x86_64-with-glibc2.35,3.14.2,3.1.0,4,AMD EPYC 9554 64-Core Processor,1,1 x NVIDIA RTX A5000,,,4,machine,N
Step #403,2026-02-26T21:50:23,whisper,dd7fdf3d-1b5f-439d-9ecd-dc3f9ba3ae65,0.0662375520914793,3.6619054003735074e-08,5.521718195630025e-07,360.0,134.10701763203957,10.0,6.6415406763551885e-06,2.474446418432308e-06,1.844325413306576e-07,9.300419636118235e-06,0.0,Canada,CAN,quebec,,,Linux-5.15.0-152-generic-x86_64-with-glibc2.35,3.14.2,3.1.0,4,AMD EPYC 9554 64-Core Processor,1,1 x NVIDIA RTX A5000,,,4,machine,N
Step #404,2026-02-26T21:50:23,whisper,dd7fdf3d-1b5f-439d-9ecd-dc3f9ba3ae65,0.07602758333086967,3.951066421937215e-08,5.189974222819958e-07,360.0,103.88052047658618,10.0,7.623122446238917e-06,2.2000017736445443e-06,2.1169965362382995e-07,1.0034823873507088e-05,0.0,Canada,CAN,quebec,,,Linux-5.15.0-152-generic-x86_64-with-glibc2.35,3.14.2,3.1.0,4,AMD EPYC 9554 64-Core Processor,1,1 x NVIDIA RTX A5000,,,4,machine,N
Step #405,2026-02-26T21:50:23,whisper,dd7fdf3d-1b5f-439d-9ecd-dc3f9ba3ae65,0.06539085134863853,3.594390109745946e-08,5.479661144581516e-07,360.0,130.17225054519108,10.0,6.5703755244613665e-06,2.3761130165667055e-06,1.8245737689237453e-07,9.128945917920555e-06,0.0,Canada,CAN,quebec,,,Linux-5.15.0-152-generic-x86_64-with-glibc2.35,3.14.2,3.1.0,4,AMD EPYC 9554 64-Core Processor,1,1 x NVIDIA RTX A5000,,,4,machine,N
Step #406,2026-02-26T21:50:23,whisper,dd7fdf3d-1b5f-439d-9ecd-dc3f9ba3ae65,0.07674252428114414,4.300846666557843e-08,5.589993904380359e-07,360.0,140.07621408895605,10.0,7.709093578159819e-06,3.0000023798493203e-06,2.140914038237544e-07,1.0923187361833002e-05,0.0,Canada,CAN,quebec,,,Linux-5.15.0-152-generic-x86_64-with-glibc2.35,3.14.2,3.1.0,4,AMD EPYC 9554 64-Core Processor,1,1 x NVIDIA RTX A5000,,,4,machine,N
Step #407,2026-02-26T21:50:24,whisper,dd7fdf3d-1b5f-439d-9ecd-dc3f9ba3ae65,0.06586601585149765,2.6734598678821976e-08,4.0532810047929463e-07,360.0,0.0,10.0,6.606529280543151e-06,0.0,1.8346006464627258e-07,6.789989345189207e-06,0.0,Canada,CAN,quebec,,,Linux-5.15.0-152-generic-x86_64-with-glibc2.35,3.14.2,3.1.0,4,AMD EPYC 9554 64-Core Processor,1,1 x NVIDIA RTX A5000,,,4,machine,N
Step #408,2026-02-26T21:50:24,whisper,dd7fdf3d-1b5f-439d-9ecd-dc3f9ba3ae65,0.07121370732784271,2.778628182326062e-08,3.901795782351991e-07,360.0,0.0,10.0,6.866411305964017e-06,0.0,1.9068200555112408e-07,7.057093311515182e-06,0.0,Canada,CAN,quebec,,,Linux-5.15.0-152-generic-x86_64-with-glibc2.35,3.14.2,3.1.0,4,AMD EPYC 9554 64-Core Processor,1,1 x NVIDIA RTX A5000,,,4,machine,N
Step #409,2026-02-26T21:50:24,whisper,dd7fdf3d-1b5f-439d-9ecd-dc3f9ba3ae65,0.07184411957859993,2.9234859243575337e-08,4.0652841890423335e-07,360.0,0.0,10.0,7.2243766859173865e-06,0.0,2.006228495803205e-07,7.4249995354975715e-06,0.0,Canada,CAN,quebec,,,Linux-5.15.0-152-generic-x86_64-with-glibc2.35,3.14.2,3.1.0,4,AMD EPYC 9554 64-Core Processor,1,1 x NVIDIA RTX A5000,,,4,machine,N
Step #410,2026-02-26T21:50:24,whisper,dd7fdf3d-1b5f-439d-9ecd-dc3f9ba3ae65,0.06604975275695324,3.8545438310786135e-08,5.827712713655133e-07,360.0,161.9138312444231,10.0,6.625409424304909e-06,2.9802801719824856e-06,1.8398851259714393e-07,9.789678108884647e-06,0.0,Canada,CAN,quebec,,,Linux-5.15.0-152-generic-x86_64-with-glibc2.35,3.14.2,3.1.0,4,AMD EPYC 9554 64-Core Processor,1,1 x NVIDIA RTX A5000,,,4,machine,N
Step #411,2026-02-26T21:50:24,whisper,dd7fdf3d-1b5f-439d-9ecd-dc3f9ba3ae65,0.06552229449152946,3.6576436445801344e-08,5.5786012504472e-07,360.0,139.31987126039704,10.0,6.565872579813135e-06,2.5413909128246814e-06,1.8233223818241975e-07,9.289595730820142e-06,0.0,Canada,CAN,quebec,,,Linux-5.15.0-152-generic-x86_64-with-glibc2.35,3.14.2,3.1.0,4,AMD EPYC 9554 64-Core Processor,1,1 x NVIDIA RTX A5000,,,4,machine,N
Step #412,2026-02-26T21:50:24,whisper,dd7fdf3d-1b5f-439d-9ecd-dc3f9ba3ae65,0.07056146673858166,3.45386928099723e-08,4.891700012535429e-07,360.0,105.58783947721292,10.0,6.63988552987568e-06,1.9477793244959685e-06,1.8438962805602567e-07,8.772054482427457e-06,0.0,Canada,CAN,quebec,,,Linux-5.15.0-152-generic-x86_64-with-glibc2.35,3.14.2,3.1.0,4,AMD EPYC 9554 64-Core Processor,1,1 x NVIDIA RTX A5000,,,4,machine,N
Step #413,2026-02-26T21:50:24,whisper,dd7fdf3d-1b5f-439d-9ecd-dc3f9ba3ae65,0.06700045242905617,3.6503286969797507e-08,5.434279479981248e-07,360.0,122.98110358921507,10.0,6.769957207143195e-06,2.313057407832275e-06,1.8800278711650408e-07,9.271017402091852e-06,0.0,Canada,CAN,quebec,,,Linux-5.15.0-152-generic-x86_64-with-glibc2.35,3.14.2,3.1.0,4,AMD EPYC 9554 64-Core Processor,1,1 x NVIDIA RTX A5000,,,4,machine,N
Step #414,2026-02-26T21:50:24,whisper,dd7fdf3d-1b5f-439d-9ecd-dc3f9ba3ae65,0.06670138984918594,3.851727206678739e-08,5.767039445611598e-07,360.0,153.13343514419284,10.0,6.731692701578227e-06,2.863891182869338e-06,1.8694062924219526e-07,9.782524513689706e-06,0.0,Canada,CAN,quebec,,,Linux-5.15.0-152-generic-x86_64-with-glibc2.35,3.14.2,3.1.0,4,AMD EPYC 9554 64-Core Processor,1,1 x NVIDIA RTX A5000,,,4,machine,N
Step #415,2026-02-26T21:50:24,whisper,dd7fdf3d-1b5f-439d-9ecd-dc3f9ba3ae65,0.0676579624414444,4.077815657776843e-08,6.014107243404647e-07,360.0,159.43087158916316,10.0,7.042008452117551e-06,3.1191691647336484e-06,1.9556093029677983e-07,1.0356738547147911e-05,0.0,Canada,CAN,quebec,,,Linux-5.15.0-152-generic-x86_64-with-glibc2.35,3.14.2,3.1.0,4,AMD EPYC 9554 64-Core Processor,1,1 x NVIDIA RTX A5000,,,4,machine,N
Step #416,2026-02-26T21:50:24,whisper,dd7fdf3d-1b5f-439d-9ecd-dc3f9ba3ae65,0.0652571301907301,2.647010235811097e-08,4.052634927219938e-07,360.0,0.0,10.0,6.54116719961146e-06,0.0,1.8164600349134538e-07,6.722813203102751e-06,0.0,Canada,CAN,quebec,,,Linux-5.15.0-152-generic-x86_64-with-glibc2.35,3.14.2,3.1.0,4,AMD EPYC 9554 64-Core Processor,1,1 x NVIDIA RTX A5000,,,4,machine,N
Step #417,2026-02-26T21:50:24,whisper,dd7fdf3d-1b5f-439d-9ecd-dc3f9ba3ae65,0.07210923731327057,2.8117049421540457e-08,3.8927172272456156e-07,360.0,0.0,10.0,6.948147527873708e-06,0.0,1.9295334609018239e-07,7.141100873963701e-06,0.0,Canada,CAN,quebec,,,Linux-5.15.0-152-generic-x86_64-with-glibc2.35,3.14.2,3.1.0,4,AMD EPYC 9554 64-Core Processor,1,1 x NVIDIA RTX A5000,,,4,machine,N
Step #418,2026-02-26T21:50:24,whisper,dd7fdf3d-1b5f-439d-9ecd-dc3f9ba3ae65,0.06633485294878483,2.8483814568615513e-08,4.2812539925573947e-07,360.0,0.0,10.0,7.038788311183267e-06,0.0,1.9546269646121734e-07,7.234251007644417e-06,0.0,Canada,CAN,quebec,,,Linux-5.15.0-152-generic-x86_64-with-glibc2.35,3.14.2,3.1.0,4,AMD EPYC 9554 64-Core Processor,1,1 x NVIDIA RTX A5000,,,4,machine,N
Step #419,2026-02-26T21:50:25,whisper,dd7fdf3d-1b5f-439d-9ecd-dc3f9ba3ae65,0.06979476474225521,3.9746554281480816e-08,5.689561695819739e-07,360.0,178.72823040635893,10.0,6.622494198381835e-06,3.2883359608604223e-06,1.8390450730092157e-07,1.00947346665433e-05,0.0,Canada,CAN,quebec,,,Linux-5.15.0-152-generic-x86_64-with-glibc2.35,3.14.2,3.1.0,4,AMD EPYC 9554 64-Core Processor,1,1 x NVIDIA RTX A5000,,,4,machine,N
Step #420,2026-02-26T21:50:25,whisper,dd7fdf3d-1b5f-439d-9ecd-dc3f9ba3ae65,0.07042360678315163,4.028425878230748e-08,5.70845371134113e-07,360.0,125.06703968914398,10.0,7.439691387116972e-06,2.5850020648476857e-06,2.0660611593888362e-07,1.0231299567903338e-05,0.0,Canada,CAN,quebec,,,Linux-5.15.0-152-generic-x86_64-with-glibc2.35,3.14.2,3.1.0,4,AMD EPYC 9554 64-Core Processor,1,1 x NVIDIA RTX A5000,,,4,machine,N
Step #421,2026-02-26T21:50:25,whisper,dd7fdf3d-1b5f-439d-9ecd-dc3f9ba3ae65,0.06858265399932861,3.504354648403769e-08,5.099504433300219e-07,360.0,98.64270061282949,10.0,6.836804002523494e-06,1.8736126179419443e-06,1.8985938901702921e-07,8.90027600948225e-06,0.0,Canada,CAN,quebec,,,Linux-5.15.0-152-generic-x86_64-with-glibc2.35,3.14.2,3.1.0,4,AMD EPYC 9554 64-Core Processor,1,1 x NVIDIA RTX A5000,,,4,machine,N
Step #422,2026-02-26T21:50:25,whisper,dd7fdf3d-1b5f-439d-9ecd-dc3f9ba3ae65,0.06805988773703575,4.1542345574317266e-08,6.104505048610054e-07,360.0,173.9541006711415,10.0,6.9824747741223554e-06,3.3744471465979586e-06,1.9390351759890302e-07,1.0550825438319054e-05,0.0,Canada,CAN,quebec,,,Linux-5.15.0-152-generic-x86_64-with-glibc2.35,3.14.2,3.1.0,4,AMD EPYC 9554 64-Core Processor,1,1 x NVIDIA RTX A5000,,,4,machine,N
Step #423,2026-02-26T21:50:25,whisper,dd7fdf3d-1b5f-439d-9ecd-dc3f9ba3ae65,0.06556524522602558,4.0186107002821206e-08,6.115431511888169e-07,360.0,188.5366948137809,10.0,6.5781397745011405e-06,3.4455583062253936e-06,1.8267313328882025e-07,1.0206371214015273e-05,0.0,Canada,CAN,quebec,,,Linux-5.15.0-152-generic-x86_64-with-glibc2.35,3.14.2,3.1.0,4,AMD EPYC 9554 64-Core Processor,1,1 x NVIDIA RTX A5000,,,4,machine,N
Step #424,2026-02-26T21:50:25,whisper,dd7fdf3d-1b5f-439d-9ecd-dc3f9ba3ae65,0.07687128521502018,4.304030421468043e-08,5.594677402947575e-07,360.0,141.56467186003803,10.0,7.692369632422875e-06,3.025280179258516e-06,2.13623574624465e-07,1.093127338630583e-05,0.0,Canada,CAN,quebec,,,Linux-5.15.0-152-generic-x86_64-with-glibc2.35,3.14.2,3.1.0,4,AMD EPYC 9554 64-Core Processor,1,1 x NVIDIA RTX A5000,,,4,machine,N
Step #425,2026-02-26T21:50:25,whisper,dd7fdf3d-1b5f-439d-9ecd-dc3f9ba3ae65,0.06598703004419804,2.7274816335844175e-08,4.1281900693645396e-07,360.0,0.0,10.0,6.740021705627618e-06,0.0,1.871708263125716e-07,6.9271925319403654e-06,0.0,Canada,CAN,quebec,,,Linux-5.15.0-152-generic-x86_64-with-glibc2.35,3.14.2,3.1.0,4,AMD EPYC 9554 64-Core Processor,1,1 x NVIDIA RTX A5000,,,4,machine,N
Step #426,2026-02-26T21:50:25,whisper,dd7fdf3d-1b5f-439d-9ecd-dc3f9ba3ae65,0.06752116791903973,2.8250577224382396e-08,4.1770106337656706e-07,360.0,0.0,10.0,6.981145590543615e-06,0.0,1.9386835499770585e-07,7.175013945541226e-06,0.0,Canada,CAN,quebec,,,Linux-5.15.0-152-generic-x86_64-with-glibc2.35,3.14.2,3.1.0,4,AMD EPYC 9554 64-Core Processor,1,1 x NVIDIA RTX A5000,,,4,machine,N
Step #427,2026-02-26T21:50:25,whisper,dd7fdf3d-1b5f-439d-9ecd-dc3f9ba3ae65,0.06525278463959694,2.6501540016798947e-08,4.0525316037812825e-07,360.0,0.0,10.0,6.548934429884048e-06,0.0,1.818632344818789e-07,6.730797664365913e-06,0.0,Canada,CAN,quebec,,,Linux-5.15.0-152-generic-x86_64-with-glibc2.35,3.14.2,3.1.0,4,AMD EPYC 9554 64-Core Processor,1,1 x NVIDIA RTX A5000,,,4,machine,N
Step #428,2026-02-26T21:50:25,whisper,dd7fdf3d-1b5f-439d-9ecd-dc3f9ba3ae65,0.07003946043550968,3.694587221833627e-08,5.268378883825188e-07,360.0,114.8921506934772,10.0,6.966354511678003e-06,2.2236128955910317e-06,1.9345673628979676e-07,9.383424143558777e-06,0.0,Canada,CAN,quebec,,,Linux-5.15.0-152-generic-x86_64-with-glibc2.35,3.14.2,3.1.0,4,AMD EPYC 9554 64-Core Processor,1,1 x NVIDIA RTX A5000,,,4,machine,N
Step #429,2026-02-26T21:50:25,whisper,dd7fdf3d-1b5f-439d-9ecd-dc3f9ba3ae65,0.0690739881247282,3.541085646592329e-08,5.119759562324884e-07,360.0,94.99254008504235,10.0,6.962705403566402e-06,1.8375014718685634e-06,1.9335764356785375e-07,8.993564519002833e-06,0.0,Canada,CAN,quebec,,,Linux-5.15.0-152-generic-x86_64-with-glibc2.35,3.14.2,3.1.0,4,AMD EPYC 9554 64-Core Processor,1,1 x NVIDIA RTX A5000,,,4,machine,N
Step #430,2026-02-26T21:50:26,whisper,dd7fdf3d-1b5f-439d-9ecd-dc3f9ba3ae65,0.06794321350753307,3.68410468836174e-08,5.413814121539204e-07,360.0,124.27085909194942,10.0,6.814773567020722e-06,2.3527796599864814e-06,1.8924762908782938e-07,9.356800856094843e-06,0.0,Canada,CAN,quebec,,,Linux-5.15.0-152-generic-x86_64-with-glibc2.35,3.14.2,3.1.0,4,AMD EPYC 9554 64-Core Processor,1,1 x NVIDIA RTX A5000,,,4,machine,N
Step #431,2026-02-26T21:50:26,whisper,dd7fdf3d-1b5f-439d-9ecd-dc3f9ba3ae65,0.06889520585536957,3.885103504267109e-08,5.635342343284575e-07,360.0,164.00810156153733,10.0,6.651737540960476e-06,3.030835770800877e-06,1.8471952320800661e-07,9.867292834969156e-06,0.0,Canada,CAN,quebec,,,Linux-5.15.0-152-generic-x86_64-with-glibc2.35,3.14.2,3.1.0,4,AMD EPYC 9554 64-Core Processor,1,1 x NVIDIA RTX A5000,,,4,machine,N
Step #432,2026-02-26T21:50:26,whisper,dd7fdf3d-1b5f-439d-9ecd-dc3f9ba3ae65,0.07224421575665474,4.0153818833544826e-08,5.552352669549716e-07,360.0,139.57165395510933,10.0,7.204481586814068e-06,2.793613333551548e-06,2.0007582174407044e-07,1.0198170742110012e-05,0.0,Canada,CAN,quebec,,,Linux-5.15.0-152-generic-x86_64-with-glibc2.35,3.14.2,3.1.0,4,AMD EPYC 9554 64-Core Processor,1,1 x NVIDIA RTX A5000,,,4,machine,N
Step #433,2026-02-26T21:50:26,whisper,dd7fdf3d-1b5f-439d-9ecd-dc3f9ba3ae65,0.06600013934075832,2.677878126215109e-08,4.052242318026721e-07,360.0,0.0,10.0,6.617445312440563e-06,0.0,1.8376541944841232e-07,6.801210731888392e-06,0.0,Canada,CAN,quebec,,,Linux-5.15.0-152-generic-x86_64-with-glibc2.35,3.14.2,3.1.0,4,AMD EPYC 9554 64-Core Processor,1,1 x NVIDIA RTX A5000,,,4,machine,N
Step #434,2026-02-26T21:50:26,whisper,dd7fdf3d-1b5f-439d-9ecd-dc3f9ba3ae65,0.07330664247274399,2.9775953423300086e-08,4.050194443425503e-07,360.0,0.0,10.0,7.358084246516291e-06,0.0,2.0434109287130074e-07,7.562425339386995e-06,0.0,Canada,CAN,quebec,,,Linux-5.15.0-152-generic-x86_64-with-glibc2.35,3.14.2,3.1.0,4,AMD EPYC 9554 64-Core Processor,1,1 x NVIDIA RTX A5000,,,4,machine,N
Step #435,2026-02-26T21:50:26,whisper,dd7fdf3d-1b5f-439d-9ecd-dc3f9ba3ae65,0.06970572471618652,2.715162472123351e-08,3.8909819347310127e-07,360.0,0.0,10.0,6.7095804959535314e-06,0.0,1.8632412474188574e-07,6.895904620695878e-06,0.0,Canada,CAN,quebec,,,Linux-5.15.0-152-generic-x86_64-with-glibc2.35,3.14.2,3.1.0,4,AMD EPYC 9554 64-Core Processor,1,1 x NVIDIA RTX A5000,,,4,machine,N
Step #436,2026-02-26T21:50:26,whisper,dd7fdf3d-1b5f-439d-9ecd-dc3f9ba3ae65,0.06627492420375347,2.955167137631834e-08,4.448021045708743e-07,360.0,0.0,10.0,7.3026647791265414e-06,0.0,2.0279794310530382e-07,7.505462722231723e-06,0.0,Canada,CAN,quebec,,,Linux-5.15.0-152-generic-x86_64-with-glibc2.35,3.14.2,3.1.0,4,AMD EPYC 9554 64-Core Processor,1,1 x NVIDIA RTX A5000,,,4,machine,N
Step #437,2026-02-26T21:50:26,whisper,dd7fdf3d-1b5f-439d-9ecd-dc3f9ba3ae65,0.06536587327718735,3.8952943583955575e-08,5.948835854881264e-07,360.0,172.38965848587847,10.0,6.566110625863021e-06,3.144724743719962e-06,1.8233995263775568e-07,9.893175322220685e-06,0.0,Canada,CAN,quebec,,,Linux-5.15.0-152-generic-x86_64-with-glibc2.35,3.14.2,3.1.0,4,AMD EPYC 9554 64-Core Processor,1,1 x NVIDIA RTX A5000,,,4,machine,N
Step #438,2026-02-26T21:50:26,whisper,dd7fdf3d-1b5f-439d-9ecd-dc3f9ba3ae65,0.07329674996435642,3.9106222188082916e-08,5.326408797781755e-07,360.0,116.14008357717421,10.0,7.3548000305893e-06,2.3730574554292616e-06,2.042471689896484e-07,9.932104655007573e-06,0.0,Canada,CAN,quebec,,,Linux-5.15.0-152-generic-x86_64-with-glibc2.35,3.14.2,3.1.0,4,AMD EPYC 9554 64-Core Processor,1,1 x NVIDIA RTX A5000,,,4,machine,N
Step #439,2026-02-26T21:50:26,whisper,dd7fdf3d-1b5f-439d-9ecd-dc3f9ba3ae65,0.06679093092679977,3.563630291723578e-08,5.319400286311062e-07,360.0,115.49291305417329,10.0,6.711120530962771e-06,2.1533350462732415e-06,1.8636729154322305e-07,9.05082286878009e-06,0.0,Canada,CAN,quebec,,,Linux-5.15.0-152-generic-x86_64-with-glibc2.35,3.14.2,3.1.0,4,AMD EPYC 9554 64-Core Processor,1,1 x NVIDIA RTX A5000,,,4,machine,N
Step #440,2026-02-26T21:50:26,whisper,dd7fdf3d-1b5f-439d-9ecd-dc3f9ba3ae65,0.06826614774763584,4.182686860061986e-08,6.115694669314126e-07,360.0,180.61682327984994,10.0,6.9452151656148806e-06,3.4850027930133365e-06,1.9286995650165373e-07,1.0623087915129573e-05,0.0,Canada,CAN,quebec,,,Linux-5.15.0-152-generic-x86_64-with-glibc2.35,3.14.2,3.1.0,4,AMD EPYC 9554 64-Core Processor,1,1 x NVIDIA RTX A5000,,,4,machine,N
Step #441,2026-02-26T21:50:27,whisper,dd7fdf3d-1b5f-439d-9ecd-dc3f9ba3ae65,0.06733122654259205,4.285130632381923e-08,6.346414495592595e-07,360.0,183.8697007343639,10.0,7.07350280135851e-06,3.613336218677432e-06,1.9643313458396787e-07,1.0883272154619747e-05,0.0,Canada,CAN,quebec,,,Linux-5.15.0-152-generic-x86_64-with-glibc2.35,3.14.2,3.1.0,4,AMD EPYC 9554 64-Core Processor,1,1 x NVIDIA RTX A5000,,,4,machine,N
Step #442,2026-02-26T21:50:27,whisper,dd7fdf3d-1b5f-439d-9ecd-dc3f9ba3ae65,0.06971459649503231,3.929900321041619e-08,5.620660728000878e-07,360.0,143.17436256789983,10.0,7.001627981662734e-06,2.7850022377151618e-06,1.9443649798632067e-07,9.981066717364324e-06,0.0,Canada,CAN,quebec,,,Linux-5.15.0-152-generic-x86_64-with-glibc2.35,3.14.2,3.1.0,4,AMD EPYC 9554 64-Core Processor,1,1 x NVIDIA RTX A5000,,,4,machine,N
Step #443,2026-02-26T21:50:27,whisper,dd7fdf3d-1b5f-439d-9ecd-dc3f9ba3ae65,0.07288829423487186,4.126395300025319e-08,5.655360170079616e-07,360.0,150.10196169559427,10.0,7.253682985901809e-06,3.0250024138922527e-06,2.014345592922577e-07,1.0480119959086279e-05,0.0,Canada,CAN,quebec,,,Linux-5.15.0-152-generic-x86_64-with-glibc2.35,3.14.2,3.1.0,4,AMD EPYC 9554 64-Core Processor,1,1 x NVIDIA RTX A5000,,,4,machine,N
Step #444,2026-02-26T21:50:27,whisper,dd7fdf3d-1b5f-439d-9ecd-dc3f9ba3ae65,0.06590463034808636,3.475571692785508e-08,5.260968720554763e-07,360.0,110.26941065660887,10.0,6.616488285362751e-06,2.0269460634381176e-06,1.8373939933048083e-07,8.827173748131648e-06,0.0,Canada,CAN,quebec,,,Linux-5.15.0-152-generic-x86_64-with-glibc2.35,3.14.2,3.1.0,4,AMD EPYC 9554 64-Core Processor,1,1 x NVIDIA RTX A5000,,,4,machine,N
Step #445,2026-02-26T21:50:27,whisper,dd7fdf3d-1b5f-439d-9ecd-dc3f9ba3ae65,0.07536572590470314,4.253201754499583e-08,5.636047519643283e-07,360.0,144.33587487548476,10.0,7.560548745095576e-06,3.0316691095322312e-06,2.0996210061840928e-07,1.0802179955245877e-05,0.0,Canada,CAN,quebec,,,Linux-5.15.0-152-generic-x86_64-with-glibc2.35,3.14.2,3.1.0,4,AMD EPYC 9554 64-Core Processor,1,1 x NVIDIA RTX A5000,,,4,machine,N
Step #446,2026-02-26T21:50:27,whisper,dd7fdf3d-1b5f-439d-9ecd-dc3f9ba3ae65,0.07423346303403378,3.775257586189192e-08,5.081310666850825e-07,360.0,121.93723634681945,10.0,7.0165131241081875e-06,2.376946341087205e-06,1.9484933776159861e-07,9.588308802957642e-06,0.0,Canada,CAN,quebec,,,Linux-5.15.0-152-generic-x86_64-with-glibc2.35,3.14.2,3.1.0,4,AMD EPYC 9554 64-Core Processor,1,1 x NVIDIA RTX A5000,,,4,machine,N
Step #447,2026-02-26T21:50:27,whisper,dd7fdf3d-1b5f-439d-9ecd-dc3f9ba3ae65,0.06928270310163498,2.828166167452757e-08,4.0784113139772745e-07,360.0,0.0,10.0,6.988828815519994e-06,0.0,1.940798842244712e-07,7.1829086997444655e-06,0.0,Canada,CAN,quebec,,,Linux-5.15.0-152-generic-x86_64-with-glibc2.35,3.14.2,3.1.0,4,AMD EPYC 9554 64-Core Processor,1,1 x NVIDIA RTX A5000,,,4,machine,N
Step #448,2026-02-26T21:50:27,whisper,dd7fdf3d-1b5f-439d-9ecd-dc3f9ba3ae65,0.0662353616207838,2.6913576036140165e-08,4.056302255760341e-07,360.0,0.0,10.0,6.650752760469815e-06,0.0,1.846928252942023e-07,6.835445585763773e-06,0.0,Canada,CAN,quebec,,,Linux-5.15.0-152-generic-x86_64-with-glibc2.35,3.14.2,3.1.0,4,AMD EPYC 9554 64-Core Processor,1,1 x NVIDIA RTX A5000,,,4,machine,N
Step #449,2026-02-26T21:50:27,whisper,dd7fdf3d-1b5f-439d-9ecd-dc3f9ba3ae65,0.06994763016700745,3.6758741529794073e-08,5.247448723606857e-07,360.0,113.47554534743458,10.0,6.951192393898822e-06,2.191668428963567e-06,1.9303631658355966e-07,9.335897139446138e-06,0.0,Canada,CAN,quebec,,,Linux-5.15.0-152-generic-x86_64-with-glibc2.35,3.14.2,3.1.0,4,AMD EPYC 9554 64-Core Processor,1,1 x NVIDIA RTX A5000,,,4,machine,N
Step #450,2026-02-26T21:50:27,whisper,dd7fdf3d-1b5f-439d-9ecd-dc3f9ba3ae65,0.06836163997650146,3.353408356295657e-08,4.898865039217291e-07,360.0,73.34465484253481,10.0,6.915686838328966e-06,1.4091677797978264e-06,1.9205161370337018e-07,8.516906231830108e-06,0.0,Canada,CAN,quebec,,,Linux-5.15.0-152-generic-x86_64-with-glibc2.35,3.14.2,3.1.0,4,AMD EPYC 9554 64-Core Processor,1,1 x NVIDIA RTX A5000,,,4,machine,N
Step #451,2026-02-26T21:50:27,whisper,dd7fdf3d-1b5f-439d-9ecd-dc3f9ba3ae65,0.07000543922185898,3.659990305833851e-08,5.22289299031886e-07,360.0,106.8439781160063,10.0,7.017617113888423e-06,2.0830572253771606e-06,1.9488138560620131e-07,9.295555724871812e-06,0.0,Canada,CAN,quebec,,,Linux-5.15.0-152-generic-x86_64-with-glibc2.35,3.14.2,3.1.0,4,AMD EPYC 9554 64-Core Processor,1,1 x NVIDIA RTX A5000,,,4,machine,N
Step #452,2026-02-26T21:50:28,whisper,dd7fdf3d-1b5f-439d-9ecd-dc3f9ba3ae65,0.06770763918757439,4.201075864292939e-08,6.190363195325968e-07,360.0,176.67382171204127,10.0,7.0260614156722814e-06,3.448613881573692e-06,1.951165704263606e-07,1.0669791867672605e-05,0.0,Canada,CAN,quebec,,,Linux-5.15.0-152-generic-x86_64-with-glibc2.35,3.14.2,3.1.0,4,AMD EPYC 9554 64-Core Processor,1,1 x NVIDIA RTX A5000,,,4,machine,N
Step #453,2026-02-26T21:50:28,whisper,dd7fdf3d-1b5f-439d-9ecd-dc3f9ba3ae65,0.067179836332798,4.1020784431896294e-08,6.094742410371571e-07,360.0,186.4168783922551,10.0,6.740344874560638e-06,3.4908361072893968e-06,1.871796066148354e-07,1.0418360588465223e-05,0.0,Canada,CAN,quebec,,,Linux-5.15.0-152-generic-x86_64-with-glibc2.35,3.14.2,3.1.0,4,AMD EPYC 9554 64-Core Processor,1,1 x NVIDIA RTX A5000,,,4,machine,N
Step #454,2026-02-26T21:50:28,whisper,dd7fdf3d-1b5f-439d-9ecd-dc3f9ba3ae65,0.06786274164915085,4.011215609915907e-08,5.899607144121957e-07,360.0,152.56940322885234,10.0,7.017971202731305e-06,2.974724608861834e-06,1.9489352901776245e-07,1.018758934061021e-05,0.0,Canada,CAN,quebec,,,Linux-5.15.0-152-generic-x86_64-with-glibc2.35,3.14.2,3.1.0,4,AMD EPYC 9554 64-Core Processor,1,1 x NVIDIA RTX A5000,,,4,machine,N
Step #455,2026-02-26T21:50:28,whisper,dd7fdf3d-1b5f-439d-9ecd-dc3f9ba3ae65,0.06603525206446648,2.667373800284298e-08,4.0346670897427156e-07,360.0,0.0,10.0,6.591486744582809e-06,0.0,1.8304535187780614e-07,6.774532096459965e-06,0.0,Canada,CAN,quebec,,,Linux-5.15.0-152-generic-x86_64-with-glibc2.35,3.14.2,3.1.0,4,AMD EPYC 9554 64-Core Processor,1,1 x NVIDIA RTX A5000,,,4,machine,N
Step #456,2026-02-26T21:50:28,whisper,dd7fdf3d-1b5f-439d-9ecd-dc3f9ba3ae65,0.07215052284300327,4.2987698832617615e-08,5.945777789818746e-07,360.0,102.57303507812217,10.0,8.316938206553645e-06,2.3700018942918177e-06,2.3097269650963097e-07,1.0917912797355107e-05,0.0,Canada,CAN,quebec,,,Linux-5.15.0-152-generic-x86_64-with-glibc2.35,3.14.2,3.1.0,4,AMD EPYC 9554 64-Core Processor,1,1 x NVIDIA RTX A5000,,,4,machine,N
Step #457,2026-02-26T21:50:28,whisper,dd7fdf3d-1b5f-439d-9ecd-dc3f9ba3ae65,0.06860283203423023,2.877070308460056e-08,4.1901855479888706e-07,360.0,0.0,10.0,7.109677419066523e-06,0.0,1.9743684679269244e-07,7.307114265858727e-06,0.0,Canada,CAN,quebec,,,Linux-5.15.0-152-generic-x86_64-with-glibc2.35,3.14.2,3.1.0,4,AMD EPYC 9554 64-Core Processor,1,1 x NVIDIA RTX A5000,,,4,machine,N
Step #458,2026-02-26T21:50:28,whisper,dd7fdf3d-1b5f-439d-9ecd-dc3f9ba3ae65,0.06822902709245682,2.7737613238820654e-08,4.060222065848268e-07,360.0,0.0,10.0,6.854385323822477e-06,0.0,1.903472571737234e-07,7.044732580997054e-06,0.0,Canada,CAN,quebec,,,Linux-5.15.0-152-generic-x86_64-with-glibc2.35,3.14.2,3.1.0,4,AMD EPYC 9554 64-Core Processor,1,1 x NVIDIA RTX A5000,,,4,machine,N
Step #459,2026-02-26T21:50:28,whisper,dd7fdf3d-1b5f-439d-9ecd-dc3f9ba3ae65,0.06863054446876049,3.2665102212900416e-08,4.75598602473052e-07,360.0,82.46383449996229,10.0,6.60068113356822e-06,1.5122234344744356e-06,1.8329986164139858e-07,8.296204429684637e-06,0.0,Canada,CAN,quebec,,,Linux-5.15.0-152-generic-x86_64-with-glibc2.35,3.14.2,3.1.0,4,AMD EPYC 9554 64-Core Processor,1,1 x NVIDIA RTX A5000,,,4,machine,N
Step #460,2026-02-26T21:50:28,whisper,dd7fdf3d-1b5f-439d-9ecd-dc3f9ba3ae65,0.07023159228265285,4.056149204062682e-08,5.765021893064815e-07,360.0,129.4269671370115,10.0,7.425496168434603e-06,2.6700021322767498e-06,2.0621230618821855e-07,1.0301710606899599e-05,0.0,Canada,CAN,quebec,,,Linux-5.15.0-152-generic-x86_64-with-glibc2.35,3.14.2,3.1.0,4,AMD EPYC 9554 64-Core Processor,1,1 x NVIDIA RTX A5000,,,4,machine,N
Step #461,2026-02-26T21:50:28,whisper,dd7fdf3d-1b5f-439d-9ecd-dc3f9ba3ae65,0.06810192577540874,4.240416137182032e-08,6.208258612661777e-07,360.0,168.47889871484637,10.0,7.19976238906404e-06,3.370002701785779e-06,1.999422597388377e-07,1.0769707350588575e-05,0.0,Canada,CAN,quebec,,,Linux-5.15.0-152-generic-x86_64-with-glibc2.35,3.14.2,3.1.0,4,AMD EPYC 9554 64-Core Processor,1,1 x NVIDIA RTX A5000,,,4,machine,N
Step #462,2026-02-26T21:50:28,whisper,dd7fdf3d-1b5f-439d-9ecd-dc3f9ba3ae65,0.07571087218821049,4.4252921611149886e-08,5.835036267553058e-07,360.0,163.0204105829199,10.0,7.590672187507072e-06,3.4377805206986523e-06,2.1079834033218268e-07,1.1239251048537555e-05,0.0,Canada,CAN,quebec,,,Linux-5.15.0-152-generic-x86_64-with-glibc2.35,3.14.2,3.1.0,4,AMD EPYC 9554 64-Core Processor,1,1 x NVIDIA RTX A5000,,,4,machine,N
Step #463,2026-02-26T21:50:29,whisper,dd7fdf3d-1b5f-439d-9ecd-dc3f9ba3ae65,0.0661789309233427,3.7117012824922335e-08,5.619917993441841e-07,360.0,144.53413355375594,10.0,6.59540090709905e-06,2.648335453159234e-06,1.831536646932421e-07,9.426890024951187e-06,0.0,Canada,CAN,quebec,,,Linux-5.15.0-152-generic-x86_64-with-glibc2.35,3.14.2,3.1.0,4,AMD EPYC 9554 64-Core Processor,1,1 x NVIDIA RTX A5000,,,4,machine,N
Step #464,2026-02-26T21:50:29,whisper,dd7fdf3d-1b5f-439d-9ecd-dc3f9ba3ae65,0.07316887006163597,4.2695582663900076e-08,5.825732692523382e-07,360.0,161.99035906475058,10.0,7.337722182273673e-06,3.3022248686620514e-06,2.0377478148374598e-07,1.0843721832419322e-05,0.0,Canada,CAN,quebec,,,Linux-5.15.0-152-generic-x86_64-with-glibc2.35,3.14.2,3.1.0,4,AMD EPYC 9554 64-Core Processor,1,1 x NVIDIA RTX A5000,,,4,machine,N
Step #465,2026-02-26T21:50:29,whisper,dd7fdf3d-1b5f-439d-9ecd-dc3f9ba3ae65,0.06625713221728802,4.1475470003736795e-08,6.254922075475574e-07,360.0,188.02333284802054,10.0,6.7954042926431785e-06,3.5497250507887657e-06,1.887111976328821e-07,1.0533840541064772e-05,0.0,Canada,CAN,quebec,,,Linux-5.15.0-152-generic-x86_64-with-glibc2.35,3.14.2,3.1.0,4,AMD EPYC 9554 64-Core Processor,1,1 x NVIDIA RTX A5000,,,4,machine,N
Step #466,2026-02-26T21:50:29,whisper,dd7fdf3d-1b5f-439d-9ecd-dc3f9ba3ae65,0.07989152893424034,4.314029195001966e-08,5.394721398932829e-07,360.0,122.48448810802607,10.0,8.008970320224663e-06,2.725279983906148e-06,2.2241772773365527e-07,1.0956668031864535e-05,0.0,Canada,CAN,quebec,,,Linux-5.15.0-152-generic-x86_64-with-glibc2.35,3.14.2,3.1.0,4,AMD EPYC 9554 64-Core Processor,1,1 x NVIDIA RTX A5000,,,4,machine,N
Step #467,2026-02-26T21:50:29,whisper,dd7fdf3d-1b5f-439d-9ecd-dc3f9ba3ae65,0.06489603593945503,2.6395698646344303e-08,4.0623423594454615e-07,360.0,0.0,10.0,6.5227799117563955e-06,0.0,1.811364148226113e-07,6.703916326579115e-06,0.0,Canada,CAN,quebec,,,Linux-5.15.0-152-generic-x86_64-with-glibc2.35,3.14.2,3.1.0,4,AMD EPYC 9554 64-Core Processor,1,1 x NVIDIA RTX A5000,,,4,machine,N
Step #468,2026-02-26T21:50:29,whisper,dd7fdf3d-1b5f-439d-9ecd-dc3f9ba3ae65,0.07292452454566956,2.9590721333057812e-08,4.05116063735627e-07,360.0,0.0,10.0,7.31231179088368e-06,0.0,2.0306874583992404e-07,7.515380536723265e-06,0.0,Canada,CAN,quebec,,,Linux-5.15.0-152-generic-x86_64-with-glibc2.35,3.14.2,3.1.0,4,AMD EPYC 9554 64-Core Processor,1,1 x NVIDIA RTX A5000,,,4,machine,N
Step #469,2026-02-26T21:50:29,whisper,dd7fdf3d-1b5f-439d-9ecd-dc3f9ba3ae65,0.06797201558947563,2.778564234834249e-08,4.08198444500833e-07,360.0,0.0,10.0,6.866253167391034e-06,0.0,1.9067773181531277e-07,7.056930899206754e-06,0.0,Canada,CAN,quebec,,,Linux-5.15.0-152-generic-x86_64-with-glibc2.35,3.14.2,3.1.0,4,AMD EPYC 9554 64-Core Processor,1,1 x NVIDIA RTX A5000,,,4,machine,N
Step #470,2026-02-26T21:50:29,whisper,dd7fdf3d-1b5f-439d-9ecd-dc3f9ba3ae65,0.06632573530077934,3.478642823947863e-08,5.236194103430414e-07,360.0,107.59085554346059,10.0,6.65948167443255e-06,1.9905571519984733e-06,1.849349070754319e-07,8.834973733507119e-06,0.0,Canada,CAN,quebec,,,Linux-5.15.0-152-generic-x86_64-with-glibc2.35,3.14.2,3.1.0,4,AMD EPYC 9554 64-Core Processor,1,1 x NVIDIA RTX A5000,,,4,machine,N
Step #471,2026-02-26T21:50:29,whisper,dd7fdf3d-1b5f-439d-9ecd-dc3f9ba3ae65,0.07503603212535381,4.1473671208245845e-08,5.521956710750898e-07,360.0,134.4520022509528,10.0,7.516855187713993e-06,2.807780020930295e-06,2.0874847864938892e-07,1.0533383687293812e-05,0.0,Canada,CAN,quebec,,,Linux-5.15.0-152-generic-x86_64-with-glibc2.35,3.14.2,3.1.0,4,AMD EPYC 9554 64-Core Processor,1,1 x NVIDIA RTX A5000,,,4,machine,N
Step #472,2026-02-26T21:50:29,whisper,dd7fdf3d-1b5f-439d-9ecd-dc3f9ba3ae65,0.06524400226771832,3.736264977146595e-08,5.712252389655116e-07,360.0,151.64369906647963,10.0,6.548531353473691e-06,2.758891085363757e-06,1.8185386951599062e-07,9.48927630835348e-06,0.0,Canada,CAN,quebec,,,Linux-5.15.0-152-generic-x86_64-with-glibc2.35,3.14.2,3.1.0,4,AMD EPYC 9554 64-Core Processor,1,1 x NVIDIA RTX A5000,,,4,machine,N
Step #473,2026-02-26T21:50:29,whisper,dd7fdf3d-1b5f-439d-9ecd-dc3f9ba3ae65,0.07249211333692074,4.274987195459405e-08,5.886518128607347e-07,360.0,168.4028450436283,10.0,7.2595192119480866e-06,3.3963916052925924e-06,2.0159927921162984e-07,1.085751009645159e-05,0.0,Canada,CAN,quebec,,,Linux-5.15.0-152-generic-x86_64-with-glibc2.35,3.14.2,3.1.0,4,AMD EPYC 9554 64-Core Processor,1,1 x NVIDIA RTX A5000,,,4,machine,N
Step #474,2026-02-26T21:50:30,whisper,dd7fdf3d-1b5f-439d-9ecd-dc3f9ba3ae65,0.06469513475894928,4.0607925703622574e-08,6.266858053978184e-07,360.0,190.9484128805522,10.0,6.618594191968533e-06,3.5111139311538864e-06,1.8379559429982653e-07,1.0313503717421582e-05,0.0,Canada,CAN,quebec,,,Linux-5.15.0-152-generic-x86_64-with-glibc2.35,3.14.2,3.1.0,4,AMD EPYC 9554 64-Core Processor,1,1 x NVIDIA RTX A5000,,,4,machine,N
Step #475,2026-02-26T21:50:30,whisper,dd7fdf3d-1b5f-439d-9ecd-dc3f9ba3ae65,0.07004654034972191,4.069090346223183e-08,5.795941802198365e-07,360.0,153.55610417138325,10.0,7.105855271220037e-06,3.0313913157442585e-06,1.9733162286381133e-07,1.0334578209828839e-05,0.0,Canada,CAN,quebec,,,Linux-5.15.0-152-generic-x86_64-with-glibc2.35,3.14.2,3.1.0,4,AMD EPYC 9554 64-Core Processor,1,1 x NVIDIA RTX A5000,,,4,machine,N
Step #476,2026-02-26T21:50:30,whisper,dd7fdf3d-1b5f-439d-9ecd-dc3f9ba3ae65,0.0669492706656456,4.050381369922489e-08,6.037107468202015e-07,360.0,155.42641185003643,10.0,7.047999650239799e-06,3.043335766506061e-06,1.957261831396159e-07,1.0287061599885232e-05,0.0,Canada,CAN,quebec,,,Linux-5.15.0-152-generic-x86_64-with-glibc2.35,3.14.2,3.1.0,4,AMD EPYC 9554 64-Core Processor,1,1 x NVIDIA RTX A5000,,,4,machine,N
Step #477,2026-02-26T21:50:30,whisper,dd7fdf3d-1b5f-439d-9ecd-dc3f9ba3ae65,0.07102216221392155,3.6386243430445574e-08,5.118567423468593e-07,360.0,130.04348116049184,10.0,6.65292758494614e-06,2.403613024171136e-06,1.8475035515924296e-07,9.241290964277088e-06,0.0,Canada,CAN,quebec,,,Linux-5.15.0-152-generic-x86_64-with-glibc2.35,3.14.2,3.1.0,4,AMD EPYC 9554 64-Core Processor,1,1 x NVIDIA RTX A5000,,,4,machine,N
Step #478,2026-02-26T21:50:30,whisper,dd7fdf3d-1b5f-439d-9ecd-dc3f9ba3ae65,0.06872875429689884,2.7951344825598025e-08,4.0516790285735254e-07,360.0,0.0,10.0,6.907201930880444e-06,0.0,1.918136866556233e-07,7.0990156175359045e-06,0.0,Canada,CAN,quebec,,,Linux-5.15.0-152-generic-x86_64-with-glibc2.35,3.14.2,3.1.0,4,AMD EPYC 9554 64-Core Processor,1,1 x NVIDIA RTX A5000,,,4,machine,N
Step #479,2026-02-26T21:50:30,whisper,dd7fdf3d-1b5f-439d-9ecd-dc3f9ba3ae65,0.07339342124760151,2.9753585552117032e-08,4.0528654531494015e-07,360.0,0.0,10.0,7.352560199797107e-06,0.0,2.0418420123557708e-07,7.556744401032711e-06,0.0,Canada,CAN,quebec,,,Linux-5.15.0-152-generic-x86_64-with-glibc2.35,3.14.2,3.1.0,4,AMD EPYC 9554 64-Core Processor,1,1 x NVIDIA RTX A5000,,,4,machine,N
Step #480,2026-02-26T21:50:30,whisper,dd7fdf3d-1b5f-439d-9ecd-dc3f9ba3ae65,0.06974908709526062,2.6775326732655512e-08,3.833056297641573e-07,360.0,0.0,10.0,6.616591103375102e-06,0.0,1.8374225538638096e-07,6.800333358761117e-06,0.0,Canada,CAN,quebec,,,Linux-5.15.0-152-generic-x86_64-with-glibc2.35,3.14.2,3.1.0,4,AMD EPYC 9554 64-Core Processor,1,1 x NVIDIA RTX A5000,,,4,machine,N
Step #481,2026-02-26T21:50:30,whisper,dd7fdf3d-1b5f-439d-9ecd-dc3f9ba3ae65,0.06593121215701103,2.6724473706773864e-08,4.037790086272842e-07,360.0,0.0,10.0,6.60402420908212e-06,0.0,1.8339361995459136e-07,6.787417829036413e-06,0.0,Canada,CAN,quebec,,,Linux-5.15.0-152-generic-x86_64-with-glibc2.35,3.14.2,3.1.0,4,AMD EPYC 9554 64-Core Processor,1,1 x NVIDIA RTX A5000,,,4,machine,N
Step #482,2026-02-26T21:50:30,whisper,dd7fdf3d-1b5f-439d-9ecd-dc3f9ba3ae65,0.07172887027263641,2.9127439842952337e-08,4.052167648356315e-07,360.0,0.0,10.0,7.197821512818295e-06,0.0,1.9989590057067864e-07,7.3977174133892445e-06,0.0,Canada,CAN,quebec,,,Linux-5.15.0-152-generic-x86_64-with-glibc2.35,3.14.2,3.1.0,4,AMD EPYC 9554 64-Core Processor,1,1 x NVIDIA RTX A5000,,,4,machine,N
Step #483,2026-02-26T21:50:30,whisper,dd7fdf3d-1b5f-439d-9ecd-dc3f9ba3ae65,0.06914916820824146,3.658543336418159e-08,5.286794666338342e-07,360.0,130.258611919502,10.0,6.686473079025711e-06,2.4197241685897097e-06,1.8568349898689994e-07,9.291880746603066e-06,0.0,Canada,CAN,quebec,,,Linux-5.15.0-152-generic-x86_64-with-glibc2.35,3.14.2,3.1.0,4,AMD EPYC 9554 64-Core Processor,1,1 x NVIDIA RTX A5000,,,4,machine,N
Step #484,2026-02-26T21:50:30,whisper,dd7fdf3d-1b5f-439d-9ecd-dc3f9ba3ae65,0.0656536165624857,3.5773809138577034e-08,5.438775982420095e-07,360.0,126.73279202872389,10.0,6.584558822214648e-06,2.318335191375809e-06,1.8285235597027502e-07,9.085746369560596e-06,0.0,Canada,CAN,quebec,,,Linux-5.15.0-152-generic-x86_64-with-glibc2.35,3.14.2,3.1.0,4,AMD EPYC 9554 64-Core Processor,1,1 x NVIDIA RTX A5000,,,4,machine,N
Step #485,2026-02-26T21:50:31,whisper,dd7fdf3d-1b5f-439d-9ecd-dc3f9ba3ae65,0.0673828274011612,3.867814859274019e-08,5.729080115891702e-07,360.0,152.2147858591815,10.0,6.7717192694543606e-06,2.8636133890813653e-06,1.8805088992747735e-07,9.823383548463772e-06,0.0,Canada,CAN,quebec,,,Linux-5.15.0-152-generic-x86_64-with-glibc2.35,3.14.2,3.1.0,4,AMD EPYC 9554 64-Core Processor,1,1 x NVIDIA RTX A5000,,,4,machine,N
Step #486,2026-02-26T21:50:31,whisper,dd7fdf3d-1b5f-439d-9ecd-dc3f9ba3ae65,0.07001889124512672,3.8601805867053866e-08,5.504850374072823e-07,360.0,136.4855084083236,10.0,6.968260370195014e-06,2.642224345095201e-06,1.935094905396314e-07,9.80399420582971e-06,0.0,Canada,CAN,quebec,,,Linux-5.15.0-152-generic-x86_64-with-glibc2.35,3.14.2,3.1.0,4,AMD EPYC 9554 64-Core Processor,1,1 x NVIDIA RTX A5000,,,4,machine,N
Step #487,2026-02-26T21:50:31,whisper,dd7fdf3d-1b5f-439d-9ecd-dc3f9ba3ae65,0.06746279448270798,3.797625491140739e-08,5.624585445231631e-07,360.0,138.91401647030972,10.0,6.822598725557492e-06,2.6330576616828694e-06,1.8946188502013414e-07,9.645118272260007e-06,0.0,Canada,CAN,quebec,,,Linux-5.15.0-152-generic-x86_64-with-glibc2.35,3.14.2,3.1.0,4,AMD EPYC 9554 64-Core Processor,1,1 x NVIDIA RTX A5000,,,4,machine,N
Step #488,2026-02-26T21:50:31,whisper,dd7fdf3d-1b5f-439d-9ecd-dc3f9ba3ae65,0.0671784058213234,4.101629273537826e-08,6.092493847718493e-07,360.0,169.52895431827343,10.0,6.950588338076966e-06,3.273613728538294e-06,1.9301773152417844e-07,1.041721979814017e-05,0.0,Canada,CAN,quebec,,,Linux-5.15.0-152-generic-x86_64-with-glibc2.35,3.14.2,3.1.0,4,AMD EPYC 9554 64-Core Processor,1,1 x NVIDIA RTX A5000,,,4,machine,N
Step #489,2026-02-26T21:50:31,whisper,dd7fdf3d-1b5f-439d-9ecd-dc3f9ba3ae65,0.06534185260534286,4.167813613175031e-08,6.371894245533455e-07,360.0,211.65590704352906,10.0,6.5511602908375e-06,3.852225319178615e-06,1.8192758887177862e-07,1.0585313198888287e-05,0.0,Canada,CAN,quebec,,,Linux-5.15.0-152-generic-x86_64-with-glibc2.35,3.14.2,3.1.0,4,AMD EPYC 9554 64-Core Processor,1,1 x NVIDIA RTX A5000,,,4,machine,N
Step #490,2026-02-26T21:50:31,whisper,dd7fdf3d-1b5f-439d-9ecd-dc3f9ba3ae65,0.07252716273069382,3.672102559748469e-08,5.054308734882914e-07,360.0,95.93879618162684,10.0,7.205658592283719e-06,1.920557082257801e-06,2.0010246274372524e-07,9.326318137285218e-06,0.0,Canada,CAN,quebec,,,Linux-5.15.0-152-generic-x86_64-with-glibc2.35,3.14.2,3.1.0,4,AMD EPYC 9554 64-Core Processor,1,1 x NVIDIA RTX A5000,,,4,machine,N
Step #491,2026-02-26T21:50:31,whisper,dd7fdf3d-1b5f-439d-9ecd-dc3f9ba3ae65,0.06823284551501274,3.67206125813973e-08,5.372800336986674e-07,360.0,121.23527051758384,10.0,6.834470853209554e-06,2.301946281590972e-06,1.8979610564808696e-07,9.326213240448342e-06,0.0,Canada,CAN,quebec,,,Linux-5.15.0-152-generic-x86_64-with-glibc2.35,3.14.2,3.1.0,4,AMD EPYC 9554 64-Core Processor,1,1 x NVIDIA RTX A5000,,,4,machine,N
Step #492,2026-02-26T21:50:31,whisper,dd7fdf3d-1b5f-439d-9ecd-dc3f9ba3ae65,0.06703616492450237,2.8503287792098185e-08,4.243451571485879e-07,360.0,0.0,10.0,7.043593563139591e-06,0.0,1.9560320716765383e-07,7.239196770307543e-06,0.0,Canada,CAN,quebec,,,Linux-5.15.0-152-generic-x86_64-with-glibc2.35,3.14.2,3.1.0,4,AMD EPYC 9554 64-Core Processor,1,1 x NVIDIA RTX A5000,,,4,machine,N
Step #493,2026-02-26T21:50:31,whisper,dd7fdf3d-1b5f-439d-9ecd-dc3f9ba3ae65,0.07268949411809444,2.948759277045628e-08,4.0505294112636865e-07,360.0,0.0,10.0,7.286827452480677e-06,0.0,2.0236073889666278e-07,7.489188191377692e-06,0.0,Canada,CAN,quebec,,,Linux-5.15.0-152-generic-x86_64-with-glibc2.35,3.14.2,3.1.0,4,AMD EPYC 9554 64-Core Processor,1,1 x NVIDIA RTX A5000,,,4,machine,N
Step #494,2026-02-26T21:50:31,whisper,dd7fdf3d-1b5f-439d-9ecd-dc3f9ba3ae65,0.06533627212047577,2.6540618942427746e-08,4.052201755091907e-07,360.0,0.0,10.0,6.558616459369487e-06,0.0,1.8210637693603384e-07,6.7407228363063065e-06,0.0,Canada,CAN,quebec,,,Linux-5.15.0-152-generic-x86_64-with-glibc2.35,3.14.2,3.1.0,4,AMD EPYC 9554 64-Core Processor,1,1 x NVIDIA RTX A5000,,,4,machine,N
Step #495,2026-02-26T21:50:31,whisper,dd7fdf3d-1b5f-439d-9ecd-dc3f9ba3ae65,0.07048221677541733,3.206829922122761e-08,4.5441285491092785e-07,360.0,48.703145140415586,10.0,7.0026621222497e-06,9.475007658465984e-07,1.9446694706049092e-07,8.144629835156111e-06,0.0,Canada,CAN,quebec,,,Linux-5.15.0-152-generic-x86_64-with-glibc2.35,3.14.2,3.1.0,4,AMD EPYC 9554 64-Core Processor,1,1 x NVIDIA RTX A5000,,,4,machine,N
Step #496,2026-02-26T21:50:32,whisper,dd7fdf3d-1b5f-439d-9ecd-dc3f9ba3ae65,0.0650117751210928,3.5981255659899263e-08,5.524275244235475e-07,360.0,134.10909134519477,10.0,6.525821238756099e-06,2.4313908397743944e-06,1.8122106169660764e-07,9.138433140227359e-06,0.0,Canada,CAN,quebec,,,Linux-5.15.0-152-generic-x86_64-with-glibc2.35,3.14.2,3.1.0,4,AMD EPYC 9554 64-Core Processor,1,1 x NVIDIA RTX A5000,,,4,machine,N
Step #497,2026-02-26T21:50:32,whisper,dd7fdf3d-1b5f-439d-9ecd-dc3f9ba3ae65,0.0688159242272377,3.8979697355337424e-08,5.651445745209253e-07,360.0,145.79393862094398,10.0,6.909480877220677e-06,2.7986133375179634e-06,1.9187596626580325e-07,9.899970181003956e-06,0.0,Canada,CAN,quebec,,,Linux-5.15.0-152-generic-x86_64-with-glibc2.35,3.14.2,3.1.0,4,AMD EPYC 9554 64-Core Processor,1,1 x NVIDIA RTX A5000,,,4,machine,N
Step #498,2026-02-26T21:50:32,whisper,dd7fdf3d-1b5f-439d-9ecd-dc3f9ba3ae65,0.07286427542567253,4.355383473192702e-08,5.961069062360375e-07,360.0,162.26005831021143,10.0,7.481431774794892e-06,3.372502703768987e-06,2.0776415864626554e-07,1.1061698637210293e-05,0.0,Canada,CAN,quebec,,,Linux-5.15.0-152-generic-x86_64-with-glibc2.35,3.14.2,3.1.0,4,AMD EPYC 9554 64-Core Processor,1,1 x NVIDIA RTX A5000,,,4,machine,N
Step #499,2026-02-26T21:50:32,whisper,dd7fdf3d-1b5f-439d-9ecd-dc3f9ba3ae65,0.06589358858764172,4.144179823812843e-08,6.284383040267609e-07,360.0,203.76892511383292,10.0,6.60357195884009e-06,3.7383363178378204e-06,1.8338039000001104e-07,1.0525288666677311e-05,0.0,Canada,CAN,quebec,,,Linux-5.15.0-152-generic-x86_64-with-glibc2.35,3.14.2,3.1.0,4,AMD EPYC 9554 64-Core Processor,1,1 x NVIDIA RTX A5000,,,4,machine,N
Step #500,2026-02-26T21:50:32,whisper,dd7fdf3d-1b5f-439d-9ecd-dc3f9ba3ae65,0.06506405025720596,2.6432375945373147e-08,4.054228790059923e-07,360.0,0.0,10.0,6.531842425465482e-06,0.0,1.813891136811808e-07,6.713231539147435e-06,0.0,Canada,CAN,quebec,,,Linux-5.15.0-152-generic-x86_64-with-glibc2.35,3.14.2,3.1.0,4,AMD EPYC 9554 64-Core Processor,1,1 x NVIDIA RTX A5000,,,4,machine,N
Step #501,2026-02-26T21:50:32,whisper,dd7fdf3d-1b5f-439d-9ecd-dc3f9ba3ae65,0.06544740125536919,2.658190930230543e-08,4.0571226525806114e-07,360.0,0.0,10.0,6.568796560168285e-06,0.0,1.8241310285196737e-07,6.751209663019737e-06,0.0,Canada,CAN,quebec,,,Linux-5.15.0-152-generic-x86_64-with-glibc2.35,3.14.2,3.1.0,4,AMD EPYC 9554 64-Core Processor,1,1 x NVIDIA RTX A5000,,,4,machine,N
Step #502,2026-02-26T21:50:32,whisper,dd7fdf3d-1b5f-439d-9ecd-dc3f9ba3ae65,0.07021032273769379,3.218753258207635e-08,4.5795434415681696e-07,360.0,51.675010887639424,10.0,6.979155726730829e-06,1.0019452503229331e-06,1.9381146153642313e-07,8.17491243859051e-06,0.0,Canada,CAN,quebec,,,Linux-5.15.0-152-generic-x86_64-with-glibc2.35,3.14.2,3.1.0,4,AMD EPYC 9554 64-Core Processor,1,1 x NVIDIA RTX A5000,,,4,machine,N
Step #503,2026-02-26T21:50:32,whisper,dd7fdf3d-1b5f-439d-9ecd-dc3f9ba3ae65,0.06467280350625515,3.5366361501112275e-08,5.463717524984359e-07,360.0,128.84635082292684,10.0,6.48197252303348e-06,2.3202796199939257e-06,1.8001165137523304e-07,8.982263794402381e-06,0.0,Canada,CAN,quebec,,,Linux-5.15.0-152-generic-x86_64-with-glibc2.35,3.14.2,3.1.0,4,AMD EPYC 9554 64-Core Processor,1,1 x NVIDIA RTX A5000,,,4,machine,N
Step #504,2026-02-26T21:50:32,whisper,dd7fdf3d-1b5f-439d-9ecd-dc3f9ba3ae65,0.0655143540352583,3.661116674743696e-08,5.576683026648802e-07,360.0,138.6385050474326,10.0,6.580939888953946e-06,2.534724259817267e-06,1.8275230088167103e-07,9.298416449653006e-06,0.0,Canada,CAN,quebec,,,Linux-5.15.0-152-generic-x86_64-with-glibc2.35,3.14.2,3.1.0,4,AMD EPYC 9554 64-Core Processor,1,1 x NVIDIA RTX A5000,,,4,machine,N
Step #505,2026-02-26T21:50:32,whisper,dd7fdf3d-1b5f-439d-9ecd-dc3f9ba3ae65,0.0677963625639677,4.0280873027259033e-08,5.925471447840258e-07,360.0,150.75519809306726,10.0,7.072097994387239e-06,2.9619468051578224e-06,1.9639486240016519e-07,1.0230439661944833e-05,0.0,Canada,CAN,quebec,,,Linux-5.15.0-152-generic-x86_64-with-glibc2.35,3.14.2,3.1.0,4,AMD EPYC 9554 64-Core Processor,1,1 x NVIDIA RTX A5000,,,4,machine,N
Step #506,2026-02-26T21:50:32,whisper,dd7fdf3d-1b5f-439d-9ecd-dc3f9ba3ae65,0.06482940725982189,3.9561430057955335e-08,6.096428397841404e-07,360.0,186.14264905703916,10.0,6.503772921860346e-06,3.36333603456751e-06,1.8060830318266156e-07,1.004771725961022e-05,0.0,Canada,CAN,quebec,,,Linux-5.15.0-152-generic-x86_64-with-glibc2.35,3.14.2,3.1.0,4,AMD EPYC 9554 64-Core Processor,1,1 x NVIDIA RTX A5000,,,4,machine,N
Step #507,2026-02-26T21:50:33,whisper,dd7fdf3d-1b5f-439d-9ecd-dc3f9ba3ae65,0.06889210641384125,3.413601739510097e-08,4.944960761683144e-07,360.0,84.92181233250352,10.0,6.860648095607588e-06,1.6186124014438974e-06,1.9052344788279992e-07,8.669783944934353e-06,0.0,Canada,CAN,quebec,,,Linux-5.15.0-152-generic-x86_64-with-glibc2.35,3.14.2,3.1.0,4,AMD EPYC 9554 64-Core Processor,1,1 x NVIDIA RTX A5000,,,4,machine,N
Step #508,2026-02-26T21:50:33,whisper,dd7fdf3d-1b5f-439d-9ecd-dc3f9ba3ae65,0.06753829680383205,2.781506147459285e-08,4.112458558968101e-07,360.0,0.0,10.0,6.873523630201821e-06,0.0,1.9087906823390564e-07,7.064402698435564e-06,0.0,Canada,CAN,quebec,,,Linux-5.15.0-152-generic-x86_64-with-glibc2.35,3.14.2,3.1.0,4,AMD EPYC 9554 64-Core Processor,1,1 x NVIDIA RTX A5000,,,4,machine,N
Step #509,2026-02-26T21:50:33,whisper,dd7fdf3d-1b5f-439d-9ecd-dc3f9ba3ae65,0.06789461523294449,2.7615912381021333e-08,4.0614231331345824e-07,360.0,0.0,10.0,6.824308820068802e-06,0.0,1.8951446852750672e-07,7.013823288596309e-06,0.0,Canada,CAN,quebec,,,Linux-5.15.0-152-generic-x86_64-with-glibc2.35,3.14.2,3.1.0,4,AMD EPYC 9554 64-Core Processor,1,1 x NVIDIA RTX A5000,,,4,machine,N
Step #510,2026-02-26T21:50:33,whisper,dd7fdf3d-1b5f-439d-9ecd-dc3f9ba3ae65,0.07340706139802933,2.9776778079080218e-08,4.052866834482015e-07,360.0,0.0,10.0,7.3582872748374425e-06,0.0,2.04347508649027e-07,7.562634783486212e-06,0.0,Canada,CAN,quebec,,,Linux-5.15.0-152-generic-x86_64-with-glibc2.35,3.14.2,3.1.0,4,AMD EPYC 9554 64-Core Processor,1,1 x NVIDIA RTX A5000,,,4,machine,N
Step #511,2026-02-26T21:50:33,whisper,dd7fdf3d-1b5f-439d-9ecd-dc3f9ba3ae65,0.06823335960507393,4.1760711939277015e-08,6.110597810168038e-07,360.0,187.61085932279713,10.0,6.847243942320266e-06,3.5688917421339283e-06,1.901499202681858e-07,1.0606285604721974e-05,0.0,Canada,CAN,quebec,,,Linux-5.15.0-152-generic-x86_64-with-glibc2.35,3.14.2,3.1.0,4,AMD EPYC 9554 64-Core Processor,1,1 x NVIDIA RTX A5000,,,4,machine,N
Step #512,2026-02-26T21:50:33,whisper,dd7fdf3d-1b5f-439d-9ecd-dc3f9ba3ae65,0.06953733414411545,3.522890717108968e-08,5.062988971535302e-07,360.0,118.22857254375243,10.0,6.597203016280983e-06,2.1669461744977525e-06,1.832042820751643e-07,8.947353472854754e-06,0.0,Canada,CAN,quebec,,,Linux-5.15.0-152-generic-x86_64-with-glibc2.35,3.14.2,3.1.0,4,AMD EPYC 9554 64-Core Processor,1,1 x NVIDIA RTX A5000,,,4,machine,N
Step #513,2026-02-26T21:50:33,whisper,dd7fdf3d-1b5f-439d-9ecd-dc3f9ba3ae65,0.06566976569592953,4.025654442758411e-08,6.119295817230733e-07,360.0,159.7558841466946,10.0,6.947707571089163e-06,3.0836135778145035e-06,1.9293959356017024e-07,1.0224260742464596e-05,0.0,Canada,CAN,quebec,,,Linux-5.15.0-152-generic-x86_64-with-glibc2.35,3.14.2,3.1.0,4,AMD EPYC 9554 64-Core Processor,1,1 x NVIDIA RTX A5000,,,4,machine,N
Step #514,2026-02-26T21:50:33,whisper,dd7fdf3d-1b5f-439d-9ecd-dc3f9ba3ae65,0.0679188147187233,4.066215652060999e-08,5.97832632091611e-07,360.0,175.57987016708748,10.0,6.814154610037832e-06,3.323891561990422e-06,1.8923095841375155e-07,1.0327277130441938e-05,0.0,Canada,CAN,quebec,,,Linux-5.15.0-152-generic-x86_64-with-glibc2.35,3.14.2,3.1.0,4,AMD EPYC 9554 64-Core Processor,1,1 x NVIDIA RTX A5000,,,4,machine,N
Step #515,2026-02-26T21:50:33,whisper,dd7fdf3d-1b5f-439d-9ecd-dc3f9ba3ae65,0.07094648852944374,3.493940913764412e-08,4.920123062789913e-07,360.0,83.10577210447292,10.0,7.0502607151866174e-06,1.627779084856229e-06,1.9578765560354877e-07,8.873827455646056e-06,0.0,Canada,CAN,quebec,,,Linux-5.15.0-152-generic-x86_64-with-glibc2.35,3.14.2,3.1.0,4,AMD EPYC 9554 64-Core Processor,1,1 x NVIDIA RTX A5000,,,4,machine,N
Step #516,2026-02-26T21:50:33,whisper,dd7fdf3d-1b5f-439d-9ecd-dc3f9ba3ae65,0.06734455563127995,2.7518303532066455e-08,4.0760671493387296e-07,360.0,0.0,10.0,6.800189614296001e-06,0.0,1.888432126078294e-07,6.989032826904169e-06,0.0,Canada,CAN,quebec,,,Linux-5.15.0-152-generic-x86_64-with-glibc2.35,3.14.2,3.1.0,4,AMD EPYC 9554 64-Core Processor,1,1 x NVIDIA RTX A5000,,,4,machine,N
Step #517,2026-02-26T21:50:33,whisper,dd7fdf3d-1b5f-439d-9ecd-dc3f9ba3ae65,0.06776934303343296,2.754851553388155e-08,4.053397386048985e-07,360.0,0.0,10.0,6.807655654847422e-06,0.0,1.8905034392243877e-07,6.9967059987702945e-06,0.0,Canada,CAN,quebec,,,Linux-5.15.0-152-generic-x86_64-with-glibc2.35,3.14.2,3.1.0,4,AMD EPYC 9554 64-Core Processor,1,1 x NVIDIA RTX A5000,,,4,machine,N
Step #518,2026-02-26T21:50:33,whisper,dd7fdf3d-1b5f-439d-9ecd-dc3f9ba3ae65,0.0657578594982624,3.562785107546687e-08,5.409571089948358e-07,360.0,123.66009774144354,10.0,6.598490104079303e-06,2.2669462396152085e-06,1.8323994655575616e-07,9.048676290249712e-06,0.0,Canada,CAN,quebec,,,Linux-5.15.0-152-generic-x86_64-with-glibc2.35,3.14.2,3.1.0,4,AMD EPYC 9554 64-Core Processor,1,1 x NVIDIA RTX A5000,,,4,machine,N
Step #519,2026-02-26T21:50:34,whisper,dd7fdf3d-1b5f-439d-9ecd-dc3f9ba3ae65,0.0727160032838583,3.963790076621696e-08,5.434363348167394e-07,360.0,125.9898612401882,10.0,7.306716777384301e-06,2.557502057243255e-06,2.0292027232547585e-07,1.0067139106953275e-05,0.0,Canada,CAN,quebec,,,Linux-5.15.0-152-generic-x86_64-with-glibc2.35,3.14.2,3.1.0,4,AMD EPYC 9554 64-Core Processor,1,1 x NVIDIA RTX A5000,,,4,machine,N
Step #520,2026-02-26T21:50:34,whisper,dd7fdf3d-1b5f-439d-9ecd-dc3f9ba3ae65,0.0666238609701395,3.9932008097167695e-08,5.9808735558214e-07,360.0,175.99513804994695,10.0,6.686699949205038e-06,3.269447077514087e-06,1.856887557854229e-07,1.0141835782504806e-05,0.0,Canada,CAN,quebec,,,Linux-5.15.0-152-generic-x86_64-with-glibc2.35,3.14.2,3.1.0,4,AMD EPYC 9554 64-Core Processor,1,1 x NVIDIA RTX A5000,,,4,machine,N
Step #521,2026-02-26T21:50:34,whisper,dd7fdf3d-1b5f-439d-9ecd-dc3f9ba3ae65,0.07123857736587524,4.026332293009384e-08,5.638497343788694e-07,360.0,148.5485325485597,10.0,7.099112123250782e-06,2.9297245589532395e-06,1.971456480936816e-07,1.0225982330297825e-05,0.0,Canada,CAN,quebec,,,Linux-5.15.0-152-generic-x86_64-with-glibc2.35,3.14.2,3.1.0,4,AMD EPYC 9554 64-Core Processor,1,1 x NVIDIA RTX A5000,,,4,machine,N
Step #522,2026-02-26T21:50:34,whisper,dd7fdf3d-1b5f-439d-9ecd-dc3f9ba3ae65,0.06785799562931061,3.883333204577255e-08,5.716325830486908e-07,360.0,149.02962753203738,10.0,6.840606965124573e-06,2.8322244816081366e-06,1.8996522347960153e-07,9.862796670212677e-06,0.0,Canada,CAN,quebec,,,Linux-5.15.0-152-generic-x86_64-with-glibc2.35,3.14.2,3.1.0,4,AMD EPYC 9554 64-Core Processor,1,1 x NVIDIA RTX A5000,,,4,machine,N
Step #523,2026-02-26T21:50:34,whisper,dd7fdf3d-1b5f-439d-9ecd-dc3f9ba3ae65,0.0656971875578165,2.6678822592412024e-08,4.0540741823796944e-07,360.0,0.0,10.0,6.592742912471267e-06,0.0,1.8308055587113175e-07,6.775823468342657e-06,0.0,Canada,CAN,quebec,,,Linux-5.15.0-152-generic-x86_64-with-glibc2.35,3.14.2,3.1.0,4,AMD EPYC 9554 64-Core Processor,1,1 x NVIDIA RTX A5000,,,4,machine,N
Step #524,2026-02-26T21:50:34,whisper,dd7fdf3d-1b5f-439d-9ecd-dc3f9ba3ae65,0.06445175968110561,2.6165009239920682e-08,4.0498563093479277e-07,360.0,0.0,10.0,6.465774402022312e-06,0.0,1.7955198159648412e-07,6.645326383618484e-06,0.0,Canada,CAN,quebec,,,Linux-5.15.0-152-generic-x86_64-with-glibc2.35,3.14.2,3.1.0,4,AMD EPYC 9554 64-Core Processor,1,1 x NVIDIA RTX A5000,,,4,machine,N
Step #525,2026-02-26T21:50:34,whisper,dd7fdf3d-1b5f-439d-9ecd-dc3f9ba3ae65,0.07234083488583565,2.7986634633135946e-08,3.864059145819165e-07,360.0,0.0,10.0,6.915923021733831e-06,0.0,1.9205541660388312e-07,7.107978438337416e-06,0.0,Canada,CAN,quebec,,,Linux-5.15.0-152-generic-x86_64-with-glibc2.35,3.14.2,3.1.0,4,AMD EPYC 9554 64-Core Processor,1,1 x NVIDIA RTX A5000,,,4,machine,N
Step #526,2026-02-26T21:50:34,whisper,dd7fdf3d-1b5f-439d-9ecd-dc3f9ba3ae65,0.06682190299034119,2.8033626872472938e-08,4.1887089519374424e-07,360.0,0.0,10.0,6.9275330752136335e-06,0.0,1.9238033952812927e-07,7.119913414742156e-06,0.0,Canada,CAN,quebec,,,Linux-5.15.0-152-generic-x86_64-with-glibc2.35,3.14.2,3.1.0,4,AMD EPYC 9554 64-Core Processor,1,1 x NVIDIA RTX A5000,,,4,machine,N
Step #527,2026-02-26T21:50:34,whisper,dd7fdf3d-1b5f-439d-9ecd-dc3f9ba3ae65,0.06541229225695133,4.039244079619505e-08,6.166453207114559e-07,360.0,193.17110679939532,10.0,6.557503528892977e-06,3.5191694962577458e-06,1.8210235155291185e-07,1.0258775376703784e-05,0.0,Canada,CAN,quebec,,,Linux-5.15.0-152-generic-x86_64-with-glibc2.35,3.14.2,3.1.0,4,AMD EPYC 9554 64-Core Processor,1,1 x NVIDIA RTX A5000,,,4,machine,N
Step #528,2026-02-26T21:50:34,whisper,dd7fdf3d-1b5f-439d-9ecd-dc3f9ba3ae65,0.06899062544107437,3.561756286662746e-08,5.146976709452629e-07,360.0,103.81191563698728,10.0,6.872975453734494e-06,1.982223793106641e-06,1.9086406876643082e-07,9.046063315607498e-06,0.0,Canada,CAN,quebec,,,Linux-5.15.0-152-generic-x86_64-with-glibc2.35,3.14.2,3.1.0,4,AMD EPYC 9554 64-Core Processor,1,1 x NVIDIA RTX A5000,,,4,machine,N
Step #529,2026-02-26T21:50:34,whisper,dd7fdf3d-1b5f-439d-9ecd-dc3f9ba3ae65,0.06797054409980774,3.966755508212912e-08,5.824324635724045e-07,360.0,151.08213729907328,10.0,6.959995627403397e-06,2.9213912426939714e-06,1.9328376899162476e-07,1.0074670639089074e-05,0.0,Canada,CAN,quebec,,,Linux-5.15.0-152-generic-x86_64-with-glibc2.35,3.14.2,3.1.0,4,AMD EPYC 9554 64-Core Processor,1,1 x NVIDIA RTX A5000,,,4,machine,N
Step #530,2026-02-26T21:50:35,whisper,dd7fdf3d-1b5f-439d-9ecd-dc3f9ba3ae65,0.06515739299356937,4.0657553616411246e-08,6.229455943530306e-07,360.0,198.44907661220844,10.0,6.539233215153203e-06,3.6052806535735726e-06,1.815942271302199e-07,1.0326108095857524e-05,0.0,Canada,CAN,quebec,,,Linux-5.15.0-152-generic-x86_64-with-glibc2.35,3.14.2,3.1.0,4,AMD EPYC 9554 64-Core Processor,1,1 x NVIDIA RTX A5000,,,4,machine,N
Step #531,2026-02-26T21:50:35,whisper,dd7fdf3d-1b5f-439d-9ecd-dc3f9ba3ae65,0.07147582806646824,3.136544661360384e-08,4.381543891644347e-07,360.0,63.98941145297561,10.0,6.607896089553741e-06,1.174723166741387e-06,1.835017568535221e-07,7.96612101314903e-06,0.0,Canada,CAN,quebec,,,Linux-5.15.0-152-generic-x86_64-with-glibc2.35,3.14.2,3.1.0,4,AMD EPYC 9554 64-Core Processor,1,1 x NVIDIA RTX A5000,,,4,machine,N
Step #532,2026-02-26T21:50:35,whisper,dd7fdf3d-1b5f-439d-9ecd-dc3f9ba3ae65,0.06464562378823757,2.619029096954863e-08,4.0545206045846323e-07,360.0,0.0,10.0,6.472019664943273e-06,0.0,1.7972771181828083e-07,6.6517473767610524e-06,0.0,Canada,CAN,quebec,,,Linux-5.15.0-152-generic-x86_64-with-glibc2.35,3.14.2,3.1.0,4,AMD EPYC 9554 64-Core Processor,1,1 x NVIDIA RTX A5000,,,4,machine,N
Step #533,2026-02-26T21:50:35,whisper,dd7fdf3d-1b5f-439d-9ecd-dc3f9ba3ae65,0.070754399523139,2.8497062679953535e-08,4.0211694360114826e-07,360.0,0.0,10.0,7.042055577039571e-06,0.0,1.9556015419462907e-07,7.237615731234444e-06,0.0,Canada,CAN,quebec,,,Linux-5.15.0-152-generic-x86_64-with-glibc2.35,3.14.2,3.1.0,4,AMD EPYC 9554 64-Core Processor,1,1 x NVIDIA RTX A5000,,,4,machine,N
Step #534,2026-02-26T21:50:35,whisper,dd7fdf3d-1b5f-439d-9ecd-dc3f9ba3ae65,0.06608204916119576,2.6978458803620297e-08,4.077582722164154e-07,360.0,0.0,10.0,6.666788831353326e-06,0.0,1.8513552430603707e-07,6.851924355659282e-06,0.0,Canada,CAN,quebec,,,Linux-5.15.0-152-generic-x86_64-with-glibc2.35,3.14.2,3.1.0,4,AMD EPYC 9554 64-Core Processor,1,1 x NVIDIA RTX A5000,,,4,machine,N
Step #535,2026-02-26T21:50:35,whisper,dd7fdf3d-1b5f-439d-9ecd-dc3f9ba3ae65,0.06661566719412804,4.141415833149571e-08,6.204985630151459e-07,360.0,200.86983433688604,10.0,6.632687337696647e-06,3.70139184724394e-06,1.8418956444494865e-07,1.0518268749385752e-05,0.0,Canada,CAN,quebec,,,Linux-5.15.0-152-generic-x86_64-with-glibc2.35,3.14.2,3.1.0,4,AMD EPYC 9554 64-Core Processor,1,1 x NVIDIA RTX A5000,,,4,machine,N
Step #536,2026-02-26T21:50:35,whisper,dd7fdf3d-1b5f-439d-9ecd-dc3f9ba3ae65,0.06538191251456738,3.788685484423779e-08,5.787525148351877e-07,360.0,157.80383308064717,10.0,6.5629348158834436e-06,2.8772245173058764e-06,1.8225332411627435e-07,9.622412657305825e-06,0.0,Canada,CAN,quebec,,,Linux-5.15.0-152-generic-x86_64-with-glibc2.35,3.14.2,3.1.0,4,AMD EPYC 9554 64-Core Processor,1,1 x NVIDIA RTX A5000,,,4,machine,N
Step #537,2026-02-26T21:50:35,whisper,dd7fdf3d-1b5f-439d-9ecd-dc3f9ba3ae65,0.07610984519124031,4.187914326744368e-08,5.50225629835614e-07,360.0,132.4889928101394,10.0,7.620027475058969e-06,2.804724459792851e-06,2.116125749631009e-07,1.0636364509815192e-05,0.0,Canada,CAN,quebec,,,Linux-5.15.0-152-generic-x86_64-with-glibc2.35,3.14.2,3.1.0,4,AMD EPYC 9554 64-Core Processor,1,1 x NVIDIA RTX A5000,,,4,machine,N
Step #538,2026-02-26T21:50:35,whisper,dd7fdf3d-1b5f-439d-9ecd-dc3f9ba3ae65,0.06783457472920418,4.1055216546895804e-08,6.043933341995438e-07,360.0,181.87302688491155,10.0,6.801555491983864e-06,3.4366694308118895e-06,1.8888065177533183e-07,1.042710557457114e-05,0.0,Canada,CAN,quebec,,,Linux-5.15.0-152-generic-x86_64-with-glibc2.35,3.14.2,3.1.0,4,AMD EPYC 9554 64-Core Processor,1,1 x NVIDIA RTX A5000,,,4,machine,N
Step #539,2026-02-26T21:50:35,whisper,dd7fdf3d-1b5f-439d-9ecd-dc3f9ba3ae65,0.07213589549064636,3.950400262448363e-08,5.465355399345834e-07,360.0,128.97342211578592,10.0,7.238500751554928e-06,2.5936131748949265e-06,2.0101805114084359e-07,1.0033131977590752e-05,0.0,Canada,CAN,quebec,,,Linux-5.15.0-152-generic-x86_64-with-glibc2.35,3.14.2,3.1.0,4,AMD EPYC 9554 64-Core Processor,1,1 x NVIDIA RTX A5000,,,4,machine,N
Step #540,2026-02-26T21:50:35,whisper,dd7fdf3d-1b5f-439d-9ecd-dc3f9ba3ae65,0.06994691118597984,3.489457033479726e-08,4.976714781192963e-07,360.0,106.75585009620265,10.0,6.691883131861552e-06,1.9847238235115583e-06,1.8583244851066256e-07,8.862439403884044e-06,0.0,Canada,CAN,quebec,,,Linux-5.15.0-152-generic-x86_64-with-glibc2.35,3.14.2,3.1.0,4,AMD EPYC 9554 64-Core Processor,1,1 x NVIDIA RTX A5000,,,4,machine,N
Step #541,2026-02-26T21:50:36,whisper,dd7fdf3d-1b5f-439d-9ecd-dc3f9ba3ae65,0.0685109831392765,3.534464705683016e-08,5.150266296099581e-07,360.0,100.2097988988614,10.0,6.87256045639505e-06,1.913334841674441e-06,1.9085351377725647e-07,8.976748811847547e-06,0.0,Canada,CAN,quebec,,,Linux-5.15.0-152-generic-x86_64-with-glibc2.35,3.14.2,3.1.0,4,AMD EPYC 9554 64-Core Processor,1,1 x NVIDIA RTX A5000,,,4,machine,N
Step #542,2026-02-26T21:50:36,whisper,dd7fdf3d-1b5f-439d-9ecd-dc3f9ba3ae65,0.0716286189854145,3.468037474561094e-08,4.829986962191184e-07,360.0,74.58122093779637,10.0,7.132193632423869e-06,1.4777789800746177e-06,1.9806590862572553e-07,8.808038521124564e-06,0.0,Canada,CAN,quebec,,,Linux-5.15.0-152-generic-x86_64-with-glibc2.35,3.14.2,3.1.0,4,AMD EPYC 9554 64-Core Processor,1,1 x NVIDIA RTX A5000,,,4,machine,N
Step #543,2026-02-26T21:50:36,whisper,dd7fdf3d-1b5f-439d-9ecd-dc3f9ba3ae65,0.06863935478031635,3.082482057207718e-08,4.475323819092586e-07,360.0,54.55350615936876,10.0,6.638354621827779e-06,1.0061119155579945e-06,1.8434756849374466e-07,7.828814105878719e-06,0.0,Canada,CAN,quebec,,,Linux-5.15.0-152-generic-x86_64-with-glibc2.35,3.14.2,3.1.0,4,AMD EPYC 9554 64-Core Processor,1,1 x NVIDIA RTX A5000,,,4,machine,N
Step #544,2026-02-26T21:50:36,whisper,dd7fdf3d-1b5f-439d-9ecd-dc3f9ba3ae65,0.06461141258478165,3.566198714452309e-08,5.511521459199405e-07,360.0,132.82013243808612,10.0,6.4844937995075375e-06,2.3927796917178057e-06,1.8007259608970449e-07,9.057346087314871e-06,0.0,Canada,CAN,quebec,,,Linux-5.15.0-152-generic-x86_64-with-glibc2.35,3.14.2,3.1.0,4,AMD EPYC 9554 64-Core Processor,1,1 x NVIDIA RTX A5000,,,4,machine,N
Step #545,2026-02-26T21:50:36,whisper,dd7fdf3d-1b5f-439d-9ecd-dc3f9ba3ae65,0.0693281926214695,4.0596144073263765e-08,5.838034001637795e-07,360.0,137.50804779673203,10.0,7.313518784940031e-06,2.793891113128666e-06,2.0310154909061327e-07,1.031051144716015e-05,0.0,Canada,CAN,quebec,,,Linux-5.15.0-152-generic-x86_64-with-glibc2.35,3.14.2,3.1.0,4,AMD EPYC 9554 64-Core Processor,1,1 x NVIDIA RTX A5000,,,4,machine,N
Step #546,2026-02-26T21:50:36,whisper,dd7fdf3d-1b5f-439d-9ecd-dc3f9ba3ae65,0.06731292605400085,2.9754878762308607e-08,4.406716143131066e-07,360.0,0.0,10.0,7.3528695851564525e-06,0.0,2.0420326230427273e-07,7.557072847459885e-06,0.0,Canada,CAN,quebec,,,Linux-5.15.0-152-generic-x86_64-with-glibc2.35,3.14.2,3.1.0,4,AMD EPYC 9554 64-Core Processor,1,1 x NVIDIA RTX A5000,,,4,machine,N
Step #547,2026-02-26T21:50:36,whisper,dd7fdf3d-1b5f-439d-9ecd-dc3f9ba3ae65,0.0672160666435957,2.7780666667115455e-08,4.124335240310684e-07,360.0,0.0,10.0,6.865025125443822e-06,0.0,1.9064206216070484e-07,7.055667187605245e-06,0.0,Canada,CAN,quebec,,,Linux-5.15.0-152-generic-x86_64-with-glibc2.35,3.14.2,3.1.0,4,AMD EPYC 9554 64-Core Processor,1,1 x NVIDIA RTX A5000,,,4,machine,N
Step #548,2026-02-26T21:50:36,whisper,dd7fdf3d-1b5f-439d-9ecd-dc3f9ba3ae65,0.06665239855647087,2.7219042368110957e-08,4.0764436533510097e-07,360.0,0.0,10.0,6.726237758994218e-06,0.0,1.867894341962237e-07,6.913027193190292e-06,0.0,Canada,CAN,quebec,,,Linux-5.15.0-152-generic-x86_64-with-glibc2.35,3.14.2,3.1.0,4,AMD EPYC 9554 64-Core Processor,1,1 x NVIDIA RTX A5000,,,4,machine,N
Step #549,2026-02-26T21:50:36,whisper,dd7fdf3d-1b5f-439d-9ecd-dc3f9ba3ae65,0.0646603237837553,2.6291895691329655e-08,4.0560057905072024e-07,360.0,0.0,10.0,6.4971286803483345e-06,0.0,1.804240203152126e-07,6.677552700663954e-06,0.0,Canada,CAN,quebec,,,Linux-5.15.0-152-generic-x86_64-with-glibc2.35,3.14.2,3.1.0,4,AMD EPYC 9554 64-Core Processor,1,1 x NVIDIA RTX A5000,,,4,machine,N
Step #550,2026-02-26T21:50:36,whisper,dd7fdf3d-1b5f-439d-9ecd-dc3f9ba3ae65,0.0672902949154377,2.7865998493952225e-08,4.134702859177902e-07,360.0,0.0,10.0,6.886111572384796e-06,0.0,1.912279882364834e-07,7.077339560622106e-06,0.0,Canada,CAN,quebec,,,Linux-5.15.0-152-generic-x86_64-with-glibc2.35,3.14.2,3.1.0,4,AMD EPYC 9554 64-Core Processor,1,1 x NVIDIA RTX A5000,,,4,machine,N
Step #551,2026-02-26T21:50:37,whisper,dd7fdf3d-1b5f-439d-9ecd-dc3f9ba3ae65,0.06732227653265,2.7918060247623364e-08,4.1381533875497324e-07,360.0,0.0,10.0,6.898976862430763e-06,0.0,1.9158521770602658e-07,7.090562080136302e-06,0.0,Canada,CAN,quebec,,,Linux-5.15.0-152-generic-x86_64-with-glibc2.35,3.14.2,3.1.0,4,AMD EPYC 9554 64-Core Processor,1,1 x NVIDIA RTX A5000,,,4,machine,N
Step #552,2026-02-26T21:50:37,whisper,dd7fdf3d-1b5f-439d-9ecd-dc3f9ba3ae65,0.07362864352762699,4.263770766341305e-08,5.781628203675537e-07,360.0,154.24075552867941,10.0,7.4361223727464724e-06,3.18639143870314e-06,2.065090669526047e-07,1.0829022878401824e-05,0.0,Canada,CAN,quebec,,,Linux-5.15.0-152-generic-x86_64-with-glibc2.35,3.14.2,3.1.0,4,AMD EPYC 9554 64-Core Processor,1,1 x NVIDIA RTX A5000,,,4,machine,N
Step #553,2026-02-26T21:50:37,whisper,dd7fdf3d-1b5f-439d-9ecd-dc3f9ba3ae65,0.07360098510980606,4.3324559362417354e-08,5.877021562533286e-07,360.0,164.52898456917367,10.0,7.410449907183786e-06,3.387224921880261e-06,2.057929988950538e-07,1.1003467827959412e-05,0.0,Canada,CAN,quebec,,,Linux-5.15.0-152-generic-x86_64-with-glibc2.35,3.14.2,3.1.0,4,AMD EPYC 9554 64-Core Processor,1,1 x NVIDIA RTX A5000,,,4,machine,N
Step #554,2026-02-26T21:50:37,whisper,dd7fdf3d-1b5f-439d-9ecd-dc3f9ba3ae65,0.06559820659458637,2.923903724146338e-08,4.445551607451529e-07,360.0,0.0,10.0,7.225434854626726e-06,0.0,2.0062579876846897e-07,7.426060653395114e-06,0.0,Canada,CAN,quebec,,,Linux-5.15.0-152-generic-x86_64-with-glibc2.35,3.14.2,3.1.0,4,AMD EPYC 9554 64-Core Processor,1,1 x NVIDIA RTX A5000,,,4,machine,N
Step #555,2026-02-26T21:50:37,whisper,dd7fdf3d-1b5f-439d-9ecd-dc3f9ba3ae65,0.06893901526927948,4.075921735795387e-08,5.905042332215348e-07,360.0,169.01953169976284,10.0,6.913547962904103e-06,3.246391500510981e-06,1.9198894604212163e-07,1.0351928409457409e-05,0.0,Canada,CAN,quebec,,,Linux-5.15.0-152-generic-x86_64-with-glibc2.35,3.14.2,3.1.0,4,AMD EPYC 9554 64-Core Processor,1,1 x NVIDIA RTX A5000,,,4,machine,N
Step #556,2026-02-26T21:50:37,whisper,dd7fdf3d-1b5f-439d-9ecd-dc3f9ba3ae65,0.06864334084093571,3.589490078643502e-08,5.223590093363282e-07,360.0,126.78722154775419,10.0,6.606104969978169e-06,2.3269463014230496e-06,1.8344966487752567e-07,9.116500936278554e-06,0.0,Canada,CAN,quebec,,,Linux-5.15.0-152-generic-x86_64-with-glibc2.35,3.14.2,3.1.0,4,AMD EPYC 9554 64-Core Processor,1,1 x NVIDIA RTX A5000,,,4,machine,N
Step #557,2026-02-26T21:50:37,whisper,dd7fdf3d-1b5f-439d-9ecd-dc3f9ba3ae65,0.06717343255877495,3.838083854364234e-08,5.703604681200354e-07,360.0,134.36968438148688,10.0,6.957441382110258e-06,2.597224309397461e-06,1.9320776272151294e-07,9.747873454229138e-06,0.0,Canada,CAN,quebec,,,Linux-5.15.0-152-generic-x86_64-with-glibc2.35,3.14.2,3.1.0,4,AMD EPYC 9554 64-Core Processor,1,1 x NVIDIA RTX A5000,,,4,machine,N
Step #558,2026-02-26T21:50:37,whisper,dd7fdf3d-1b5f-439d-9ecd-dc3f9ba3ae65,0.0652913823723793,3.95413313953394e-08,6.0462598489047e-07,360.0,182.03631016362084,10.0,6.548806279897332e-06,3.3119470828069097e-06,1.8185928670897062e-07,1.0042612649413009e-05,0.0,Canada,CAN,quebec,,,Linux-5.15.0-152-generic-x86_64-with-glibc2.35,3.14.2,3.1.0,4,AMD EPYC 9554 64-Core Processor,1,1 x NVIDIA RTX A5000,,,4,machine,N
Step #559,2026-02-26T21:50:37,whisper,dd7fdf3d-1b5f-439d-9ecd-dc3f9ba3ae65,0.06466571614146233,3.489015803017593e-08,5.385658048732701e-07,360.0,121.40082589859702,10.0,6.491601653397204e-06,2.1894461923466224e-06,1.802709315800019e-07,8.861318777323747e-06,0.0,Canada,CAN,quebec,,,Linux-5.15.0-152-generic-x86_64-with-glibc2.35,3.14.2,3.1.0,4,AMD EPYC 9554 64-Core Processor,1,1 x NVIDIA RTX A5000,,,4,machine,N
Step #560,2026-02-26T21:50:37,whisper,dd7fdf3d-1b5f-439d-9ecd-dc3f9ba3ae65,0.07380681671202183,3.263151268738447e-08,4.4199146843887856e-07,360.0,37.28951670817262,10.0,7.325354963541066e-06,7.588895130083984e-07,2.0342896588974413e-07,8.287673442439018e-06,0.0,Canada,CAN,quebec,,,Linux-5.15.0-152-generic-x86_64-with-glibc2.35,3.14.2,3.1.0,4,AMD EPYC 9554 64-Core Processor,1,1 x NVIDIA RTX A5000,,,4,machine,N
Step #561,2026-02-26T21:50:38,whisper,dd7fdf3d-1b5f-439d-9ecd-dc3f9ba3ae65,0.06747250817716122,2.8471219235069977e-08,4.2061394493417243e-07,360.0,0.0,10.0,7.035670429467872e-06,0.0,1.9538164552714596e-07,7.231052074995262e-06,0.0,Canada,CAN,quebec,,,Linux-5.15.0-152-generic-x86_64-with-glibc2.35,3.14.2,3.1.0,4,AMD EPYC 9554 64-Core Processor,1,1 x NVIDIA RTX A5000,,,4,machine,N
Step #562,2026-02-26T21:50:38,whisper,dd7fdf3d-1b5f-439d-9ecd-dc3f9ba3ae65,0.06491593644022942,2.6360640528778765e-08,4.0545175641684946e-07,360.0,0.0,10.0,6.514116935431823e-06,0.0,1.808954144103713e-07,6.695012349841774e-06,0.0,Canada,CAN,quebec,,,Linux-5.15.0-152-generic-x86_64-with-glibc2.35,3.14.2,3.1.0,4,AMD EPYC 9554 64-Core Processor,1,1 x NVIDIA RTX A5000,,,4,machine,N
Step #563,2026-02-26T21:50:38,whisper,dd7fdf3d-1b5f-439d-9ecd-dc3f9ba3ae65,0.07347085140645504,3.986466213816141e-08,5.416386789948276e-07,360.0,128.0471117012876,10.0,7.318168878555319e-06,2.603335431672349e-06,2.0322710689570588e-07,1.0124731417123292e-05,0.0,Canada,CAN,quebec,,,Linux-5.15.0-152-generic-x86_64-with-glibc2.35,3.14.2,3.1.0,4,AMD EPYC 9554 64-Core Processor,1,1 x NVIDIA RTX A5000,,,4,machine,N
Step #564,2026-02-26T21:50:38,whisper,dd7fdf3d-1b5f-439d-9ecd-dc3f9ba3ae65,0.06618519499897957,3.6367504271285223e-08,5.487010866577959e-07,360.0,127.42544901590746,10.0,6.684514321386552e-06,2.3663907882109925e-06,1.856265279154035e-07,9.236531637512799e-06,0.0,Canada,CAN,quebec,,,Linux-5.15.0-152-generic-x86_64-with-glibc2.35,3.14.2,3.1.0,4,AMD EPYC 9554 64-Core Processor,1,1 x NVIDIA RTX A5000,,,4,machine,N
Step #565,2026-02-26T21:50:38,whisper,dd7fdf3d-1b5f-439d-9ecd-dc3f9ba3ae65,0.0647770669311285,3.89108033866757e-08,5.990734929030067e-07,360.0,176.78898381520997,10.0,6.506237760186412e-06,3.195558093693762e-06,1.8067680195801188e-07,9.8824726558382e-06,0.0,Canada,CAN,quebec,,,Linux-5.15.0-152-generic-x86_64-with-glibc2.35,3.14.2,3.1.0,4,AMD EPYC 9554 64-Core Processor,1,1 x NVIDIA RTX A5000,,,4,machine,N
Step #566,2026-02-26T21:50:38,whisper,dd7fdf3d-1b5f-439d-9ecd-dc3f9ba3ae65,0.06516747921705246,3.8714576899891704e-08,5.928024606809143e-07,360.0,171.231169362895,10.0,6.5399095416068115e-06,3.1111136138406437e-06,1.816123672243559e-07,9.832635522672231e-06,0.0,Canada,CAN,quebec,,,Linux-5.15.0-152-generic-x86_64-with-glibc2.35,3.14.2,3.1.0,4,AMD EPYC 9554 64-Core Processor,1,1 x NVIDIA RTX A5000,,,4,machine,N
Step #567,2026-02-26T21:50:38,whisper,dd7fdf3d-1b5f-439d-9ecd-dc3f9ba3ae65,0.07616051286458969,4.033171377336523e-08,5.288264409369411e-07,360.0,112.77369758669182,10.0,7.638176716864148e-06,2.3930574712949237e-06,2.1211788472202118e-07,1.0243352072881323e-05,0.0,Canada,CAN,quebec,,,Linux-5.15.0-152-generic-x86_64-with-glibc2.35,3.14.2,3.1.0,4,AMD EPYC 9554 64-Core Processor,1,1 x NVIDIA RTX A5000,,,4,machine,N
Step #568,2026-02-26T21:50:38,whisper,dd7fdf3d-1b5f-439d-9ecd-dc3f9ba3ae65,0.0671814363449812,2.716065227772042e-08,4.035658103781978e-07,360.0,0.0,10.0,6.711808405816637e-06,0.0,1.8638901205526295e-07,6.898197417871954e-06,0.0,Canada,CAN,quebec,,,Linux-5.15.0-152-generic-x86_64-with-glibc2.35,3.14.2,3.1.0,4,AMD EPYC 9554 64-Core Processor,1,1 x NVIDIA RTX A5000,,,4,machine,N
Step #569,2026-02-26T21:50:38,whisper,dd7fdf3d-1b5f-439d-9ecd-dc3f9ba3ae65,0.06950090266764164,2.895347173980826e-08,4.1602270105629417e-07,360.0,0.0,10.0,7.154837995767931e-06,0.0,1.9869541542397672e-07,7.353533411191826e-06,0.0,Canada,CAN,quebec,,,Linux-5.15.0-152-generic-x86_64-with-glibc2.35,3.14.2,3.1.0,4,AMD EPYC 9554 64-Core Processor,1,1 x NVIDIA RTX A5000,,,4,machine,N
Step #570,2026-02-26T21:50:38,whisper,dd7fdf3d-1b5f-439d-9ecd-dc3f9ba3ae65,0.06533624418079853,2.6751782036115053e-08,4.0870760098066196e-07,360.0,0.0,10.0,6.610774248838429e-06,0.0,1.8357928428385266e-07,6.794353533122119e-06,0.0,Canada,CAN,quebec,,,Linux-5.15.0-152-generic-x86_64-with-glibc2.35,3.14.2,3.1.0,4,AMD EPYC 9554 64-Core Processor,1,1 x NVIDIA RTX A5000,,,4,machine,N
Step #571,2026-02-26T21:50:38,whisper,dd7fdf3d-1b5f-439d-9ecd-dc3f9ba3ae65,0.06820270791649818,4.0271513907077166e-08,5.896899762683203e-07,360.0,168.1001221340717,10.0,6.842491030692628e-06,3.1955581221154716e-06,1.9001350220706646e-07,1.0228062655015004e-05,0.0,Canada,CAN,quebec,,,Linux-5.15.0-152-generic-x86_64-with-glibc2.35,3.14.2,3.1.0,4,AMD EPYC 9554 64-Core Processor,1,1 x NVIDIA RTX A5000,,,4,machine,N
Step #572,2026-02-26T21:50:38,whisper,dd7fdf3d-1b5f-439d-9ecd-dc3f9ba3ae65,0.06585094891488552,4.0284992974525e-08,6.104835749170255e-07,360.0,160.60411529496463,10.0,6.941493414342262e-06,3.09722469182816e-06,1.9276793011361042e-07,1.0231486036284439e-05,0.0,Canada,CAN,quebec,,,Linux-5.15.0-152-generic-x86_64-with-glibc2.35,3.14.2,3.1.0,4,AMD EPYC 9554 64-Core Processor,1,1 x NVIDIA RTX A5000,,,4,machine,N
Step #573,2026-02-26T21:50:39,whisper,dd7fdf3d-1b5f-439d-9ecd-dc3f9ba3ae65,0.06505190767347813,4.007350856043753e-08,6.152153514665736e-07,360.0,191.49068969772824,10.0,6.525178998708497e-06,3.4713916505779707e-06,1.8120308199690157e-07,1.017777373128314e-05,0.0,Canada,CAN,quebec,,,Linux-5.15.0-152-generic-x86_64-with-glibc2.35,3.14.2,3.1.0,4,AMD EPYC 9554 64-Core Processor,1,1 x NVIDIA RTX A5000,,,4,machine,N
Step #574,2026-02-26T21:50:39,whisper,dd7fdf3d-1b5f-439d-9ecd-dc3f9ba3ae65,0.07183056138455868,3.9696480048724466e-08,5.521977910712596e-07,360.0,155.599063461001,10.0,6.905251927673793e-06,2.985002396371783e-06,1.9176260878642128e-07,1.0082016932831672e-05,0.0,Canada,CAN,quebec,,,Linux-5.15.0-152-generic-x86_64-with-glibc2.35,3.14.2,3.1.0,4,AMD EPYC 9554 64-Core Processor,1,1 x NVIDIA RTX A5000,,,4,machine,N
Step #575,2026-02-26T21:50:39,whisper,dd7fdf3d-1b5f-439d-9ecd-dc3f9ba3ae65,0.06821674853563309,3.8094819723289537e-08,5.574855311852125e-07,360.0,135.78907695795442,10.0,6.886217556893726e-06,2.5977798685516973e-06,1.9123365378213917e-07,9.67523107922759e-06,0.0,Canada,CAN,quebec,,,Linux-5.15.0-152-generic-x86_64-with-glibc2.35,3.14.2,3.1.0,4,AMD EPYC 9554 64-Core Processor,1,1 x NVIDIA RTX A5000,,,4,machine,N
Step #576,2026-02-26T21:50:39,whisper,dd7fdf3d-1b5f-439d-9ecd-dc3f9ba3ae65,0.06609373167157173,2.6847947635605764e-08,4.058936708273383e-07,360.0,0.0,10.0,6.63453545421324e-06,0.0,1.8424198755787773e-07,6.818777441771132e-06,0.0,Canada,CAN,quebec,,,Linux-5.15.0-152-generic-x86_64-with-glibc2.35,3.14.2,3.1.0,4,AMD EPYC 9554 64-Core Processor,1,1 x NVIDIA RTX A5000,,,4,machine,N
Step #577,2026-02-26T21:50:39,whisper,dd7fdf3d-1b5f-439d-9ecd-dc3f9ba3ae65,0.07353374175727367,2.7943490142307654e-08,3.796317365357865e-07,360.0,0.0,10.0,6.905275769531968e-06,0.0,1.917449343535676e-07,7.097020703885834e-06,0.0,Canada,CAN,quebec,,,Linux-5.15.0-152-generic-x86_64-with-glibc2.35,3.14.2,3.1.0,4,AMD EPYC 9554 64-Core Processor,1,1 x NVIDIA RTX A5000,,,4,machine,N
Step #578,2026-02-26T21:50:39,whisper,dd7fdf3d-1b5f-439d-9ecd-dc3f9ba3ae65,0.06741446629166603,2.7412152100813838e-08,4.060141701256439e-07,360.0,0.0,10.0,6.773959286511186e-06,0.0,1.881134541084319e-07,6.962072740619198e-06,0.0,Canada,CAN,quebec,,,Linux-5.15.0-152-generic-x86_64-with-glibc2.35,3.14.2,3.1.0,4,AMD EPYC 9554 64-Core Processor,1,1 x NVIDIA RTX A5000,,,4,machine,N
Step #579,2026-02-26T21:50:39,whisper,dd7fdf3d-1b5f-439d-9ecd-dc3f9ba3ae65,0.06575282849371433,3.820503181031158e-08,5.80547560435232e-07,360.0,158.40559215602738,10.0,6.6104803234335804e-06,2.9091689839333412e-06,1.8357317377295167e-07,9.703222481140077e-06,0.0,Canada,CAN,quebec,,,Linux-5.15.0-152-generic-x86_64-with-glibc2.35,3.14.2,3.1.0,4,AMD EPYC 9554 64-Core Processor,1,1 x NVIDIA RTX A5000,,,4,machine,N
Step #580,2026-02-26T21:50:39,whisper,dd7fdf3d-1b5f-439d-9ecd-dc3f9ba3ae65,0.06681063026189804,3.703446732033813e-08,5.534882063394858e-07,360.0,135.02022881876573,10.0,6.704733148217221e-06,2.515002023528723e-06,1.861901436415016e-07,9.405925315387337e-06,0.0,Canada,CAN,quebec,,,Linux-5.15.0-152-generic-x86_64-with-glibc2.35,3.14.2,3.1.0,4,AMD EPYC 9554 64-Core Processor,1,1 x NVIDIA RTX A5000,,,4,machine,N
Step #581,2026-02-26T21:50:39,whisper,dd7fdf3d-1b5f-439d-9ecd-dc3f9ba3ae65,0.07454046420753002,4.2994332693382475e-08,5.76137567204948e-07,360.0,156.38577717419037,10.0,7.467764616012583e-06,3.2444470434711548e-06,2.0738598994082217e-07,1.09195976494246e-05,0.0,Canada,CAN,quebec,,,Linux-5.15.0-152-generic-x86_64-with-glibc2.35,3.14.2,3.1.0,4,AMD EPYC 9554 64-Core Processor,1,1 x NVIDIA RTX A5000,,,4,machine,N
Step #582,2026-02-26T21:50:39,whisper,dd7fdf3d-1b5f-439d-9ecd-dc3f9ba3ae65,0.06889890879392624,4.059692533087039e-08,5.880460053160627e-07,360.0,166.61044915017047,10.0,6.916956044733871e-06,3.20166921596865e-06,1.9208460839258569e-07,1.0310709869095283e-05,0.0,Canada,CAN,quebec,,,Linux-5.15.0-152-generic-x86_64-with-glibc2.35,3.14.2,3.1.0,4,AMD EPYC 9554 64-Core Processor,1,1 x NVIDIA RTX A5000,,,4,machine,N
Step #583,2026-02-26T21:50:39,whisper,dd7fdf3d-1b5f-439d-9ecd-dc3f9ba3ae65,0.07273079454898834,3.679874679429976e-08,5.053088737289487e-07,360.0,94.572085317532,10.0,7.2421599179505955e-06,1.9027793030090834e-06,2.011183597561394e-07,9.346057580715723e-06,0.0,Canada,CAN,quebec,,,Linux-5.15.0-152-generic-x86_64-with-glibc2.35,3.14.2,3.1.0,4,AMD EPYC 9554 64-Core Processor,1,1 x NVIDIA RTX A5000,,,4,machine,N
Step #584,2026-02-26T21:50:40,whisper,dd7fdf3d-1b5f-439d-9ecd-dc3f9ba3ae65,0.0676389504224062,2.7438415146364812e-08,4.049258382563401e-07,360.0,0.0,10.0,6.7804481834170954e-06,0.0,1.8829478261371633e-07,6.968742966031137e-06,0.0,Canada,CAN,quebec,,,Linux-5.15.0-152-generic-x86_64-with-glibc2.35,3.14.2,3.1.0,4,AMD EPYC 9554 64-Core Processor,1,1 x NVIDIA RTX A5000,,,4,machine,N
Step #585,2026-02-26T21:50:40,whisper,dd7fdf3d-1b5f-439d-9ecd-dc3f9ba3ae65,0.06967429630458355,2.7992539050332948e-08,4.011461034477503e-07,360.0,0.0,10.0,6.9173719733951755e-06,0.0,1.9210605468186954e-07,7.109478028077126e-06,0.0,Canada,CAN,quebec,,,Linux-5.15.0-152-generic-x86_64-with-glibc2.35,3.14.2,3.1.0,4,AMD EPYC 9554 64-Core Processor,1,1 x NVIDIA RTX A5000,,,4,machine,N
Step #586,2026-02-26T21:50:40,whisper,dd7fdf3d-1b5f-439d-9ecd-dc3f9ba3ae65,0.06664392910897732,2.803225303017596e-08,4.1994557424456794e-07,360.0,0.0,10.0,6.927194073796418e-06,0.0,1.9237041576868324e-07,7.11956448956521e-06,0.0,Canada,CAN,quebec,,,Linux-5.15.0-152-generic-x86_64-with-glibc2.35,3.14.2,3.1.0,4,AMD EPYC 9554 64-Core Processor,1,1 x NVIDIA RTX A5000,,,4,machine,N
Step #587,2026-02-26T21:50:40,whisper,dd7fdf3d-1b5f-439d-9ecd-dc3f9ba3ae65,0.07208412513136864,2.921115338468656e-08,4.0455878540281314e-07,360.0,0.0,10.0,7.218516618013801e-06,0.0,2.004621602180864e-07,7.418978778231562e-06,0.0,Canada,CAN,quebec,,,Linux-5.15.0-152-generic-x86_64-with-glibc2.35,3.14.2,3.1.0,4,AMD EPYC 9554 64-Core Processor,1,1 x NVIDIA RTX A5000,,,4,machine,N
Step #588,2026-02-26T21:50:40,whisper,dd7fdf3d-1b5f-439d-9ecd-dc3f9ba3ae65,0.06736058741807938,4.280413927367012e-08,6.344493503447017e-07,360.0,210.24201701806476,10.0,6.744546815752768e-06,3.939447609013769e-06,1.872983554171171e-07,1.0871292780183749e-05,0.0,Canada,CAN,quebec,,,Linux-5.15.0-152-generic-x86_64-with-glibc2.35,3.14.2,3.1.0,4,AMD EPYC 9554 64-Core Processor,1,1 x NVIDIA RTX A5000,,,4,machine,N
Step #589,2026-02-26T21:50:40,whisper,dd7fdf3d-1b5f-439d-9ecd-dc3f9ba3ae65,0.06609804183244705,3.8467853547473704e-08,5.807308822338039e-07,360.0,160.14914407061573,10.0,6.634074449539569e-06,2.9516690176478733e-06,1.842298493203191e-07,9.76997331650787e-06,0.0,Canada,CAN,quebec,,,Linux-5.15.0-152-generic-x86_64-with-glibc2.35,3.14.2,3.1.0,4,AMD EPYC 9554 64-Core Processor,1,1 x NVIDIA RTX A5000,,,4,machine,N
Step #590,2026-02-26T21:50:40,whisper,dd7fdf3d-1b5f-439d-9ecd-dc3f9ba3ae65,0.07282013446092606,3.893456618189438e-08,5.34072513435735e-07,360.0,121.68186525427683,10.0,7.239949889481338e-06,2.4475019557712585e-06,2.01056028405826e-07,9.88850787365849e-06,0.0,Canada,CAN,quebec,,,Linux-5.15.0-152-generic-x86_64-with-glibc2.35,3.14.2,3.1.0,4,AMD EPYC 9554 64-Core Processor,1,1 x NVIDIA RTX A5000,,,4,machine,N
Step #591,2026-02-26T21:50:40,whisper,dd7fdf3d-1b5f-439d-9ecd-dc3f9ba3ae65,0.067382937297225,3.816134750881479e-08,5.641873722783208e-07,360.0,142.16121815799497,10.0,6.812385842203811e-06,2.690557707296648e-06,1.891840973661978e-07,9.692127646866548e-06,0.0,Canada,CAN,quebec,,,Linux-5.15.0-152-generic-x86_64-with-glibc2.35,3.14.2,3.1.0,4,AMD EPYC 9554 64-Core Processor,1,1 x NVIDIA RTX A5000,,,4,machine,N
Step #592,2026-02-26T21:50:40,whisper,dd7fdf3d-1b5f-439d-9ecd-dc3f9ba3ae65,0.06958689354360104,3.8570716506228404e-08,5.541975396539306e-07,360.0,136.08381912514528,10.0,6.968142464756563e-06,2.6344465595684596e-06,1.9350918009877652e-07,9.796098204424043e-06,0.0,Canada,CAN,quebec,,,Linux-5.15.0-152-generic-x86_64-with-glibc2.35,3.14.2,3.1.0,4,AMD EPYC 9554 64-Core Processor,1,1 x NVIDIA RTX A5000,,,4,machine,N
Step #593,2026-02-26T21:50:40,whisper,dd7fdf3d-1b5f-439d-9ecd-dc3f9ba3ae65,0.07706770487129688,3.138546628897443e-08,4.0505142175221736e-07,360.0,0.0,10.0,7.755819894373663e-06,0.0,2.1538566797971333e-07,7.971205562353444e-06,0.0,Canada,CAN,quebec,,,Linux-5.15.0-152-generic-x86_64-with-glibc2.35,3.14.2,3.1.0,4,AMD EPYC 9554 64-Core Processor,1,1 x NVIDIA RTX A5000,,,4,machine,N
Step #594,2026-02-26T21:50:40,whisper,dd7fdf3d-1b5f-439d-9ecd-dc3f9ba3ae65,0.06518789194524288,2.660606232508114e-08,4.075151034192205e-07,360.0,0.0,10.0,6.574762798845432e-06,0.0,1.825811910546529e-07,6.757343989900397e-06,0.0,Canada,CAN,quebec,,,Linux-5.15.0-152-generic-x86_64-with-glibc2.35,3.14.2,3.1.0,4,AMD EPYC 9554 64-Core Processor,1,1 x NVIDIA RTX A5000,,,4,machine,N
Step #595,2026-02-26T21:50:40,whisper,dd7fdf3d-1b5f-439d-9ecd-dc3f9ba3ae65,0.07148755714297295,3.950854930697553e-08,5.519493400853002e-07,360.0,139.16000618296243,10.0,7.0944890379906825e-06,2.742779969366893e-06,1.9701772576405146e-07,1.0034286733121532e-05,0.0,Canada,CAN,quebec,,,Linux-5.15.0-152-generic-x86_64-with-glibc2.35,3.14.2,3.1.0,4,AMD EPYC 9554 64-Core Processor,1,1 x NVIDIA RTX A5000,,,4,machine,N
Step #596,2026-02-26T21:50:41,whisper,dd7fdf3d-1b5f-439d-9ecd-dc3f9ba3ae65,0.06767495162785053,3.769639156274562e-08,5.564462559384463e-07,360.0,127.4018677909054,10.0,6.929112225771347e-06,2.452501959737674e-06,1.9242506370775703e-07,9.574039249216765e-06,0.0,Canada,CAN,quebec,,,Linux-5.15.0-152-generic-x86_64-with-glibc2.35,3.14.2,3.1.0,4,AMD EPYC 9554 64-Core Processor,1,1 x NVIDIA RTX A5000,,,4,machine,N
Step #597,2026-02-26T21:50:41,whisper,dd7fdf3d-1b5f-439d-9ecd-dc3f9ba3ae65,0.06601771898567677,3.9368377176799443e-08,5.951169940334752e-07,360.0,169.0367003022085,10.0,6.677418015897142e-06,3.1358358398847486e-06,1.854322954184418e-07,9.998686151200739e-06,0.0,Canada,CAN,quebec,,,Linux-5.15.0-152-generic-x86_64-with-glibc2.35,3.14.2,3.1.0,4,AMD EPYC 9554 64-Core Processor,1,1 x NVIDIA RTX A5000,,,4,machine,N
Step #598,2026-02-26T21:50:41,whisper,dd7fdf3d-1b5f-439d-9ecd-dc3f9ba3ae65,0.06538035534322262,3.814393539102633e-08,5.820497696343076e-07,360.0,161.44665824101085,10.0,6.562140583992251e-06,2.9433357013886052e-06,1.822290735112238e-07,9.687705358892365e-06,0.0,Canada,CAN,quebec,,,Linux-5.15.0-152-generic-x86_64-with-glibc2.35,3.14.2,3.1.0,4,AMD EPYC 9554 64-Core Processor,1,1 x NVIDIA RTX A5000,,,4,machine,N
Step #599,2026-02-26T21:50:41,whisper,dd7fdf3d-1b5f-439d-9ecd-dc3f9ba3ae65,0.06594973243772984,3.8192764968133586e-08,5.786657996402951e-07,360.0,157.96190655114646,10.0,6.6139364615080964e-06,2.902502316715072e-06,1.836681997196578e-07,9.700106977942637e-06,0.0,Canada,CAN,quebec,,,Linux-5.15.0-152-generic-x86_64-with-glibc2.35,3.14.2,3.1.0,4,AMD EPYC 9554 64-Core Processor,1,1 x NVIDIA RTX A5000,,,4,machine,N
Step #600,2026-02-26T21:50:41,whisper,dd7fdf3d-1b5f-439d-9ecd-dc3f9ba3ae65,0.07617806643247604,4.044428219832427e-08,5.302249263526181e-07,360.0,113.93389575076581,10.0,7.64112602919323e-06,2.4186130502812375e-06,2.1220285238491806e-07,1.0271941931858965e-05,0.0,Canada,CAN,quebec,,,Linux-5.15.0-152-generic-x86_64-with-glibc2.35,3.14.2,3.1.0,4,AMD EPYC 9554 64-Core Processor,1,1 x NVIDIA RTX A5000,,,4,machine,N
Step #601,2026-02-26T21:50:41,whisper,dd7fdf3d-1b5f-439d-9ecd-dc3f9ba3ae65,0.0717246811836958,3.7588359122652155e-08,5.233452525489692e-07,360.0,111.45743739458533,10.0,7.138093747198655e-06,2.2102795469436387e-06,1.9822813467018586e-07,9.546601428812168e-06,0.0,Canada,CAN,quebec,,,Linux-5.15.0-152-generic-x86_64-with-glibc2.35,3.14.2,3.1.0,4,AMD EPYC 9554 64-Core Processor,1,1 x NVIDIA RTX A5000,,,4,machine,N
Step #602,2026-02-26T21:50:41,whisper,dd7fdf3d-1b5f-439d-9ecd-dc3f9ba3ae65,0.06772724539041519,2.764740090842373e-08,4.076623531497737e-07,360.0,0.0,10.0,6.8320909515024245e-06,0.0,1.8972971787055524e-07,7.02182066937302e-06,0.0,Canada,CAN,quebec,,,Linux-5.15.0-152-generic-x86_64-with-glibc2.35,3.14.2,3.1.0,4,AMD EPYC 9554 64-Core Processor,1,1 x NVIDIA RTX A5000,,,4,machine,N
Step #603,2026-02-26T21:50:41,whisper,dd7fdf3d-1b5f-439d-9ecd-dc3f9ba3ae65,0.06537174247205257,2.654510588065011e-08,4.053765396232835e-07,360.0,0.0,10.0,6.559700518846655e-06,0.0,1.8216189928352278e-07,6.7418624181301776e-06,0.0,Canada,CAN,quebec,,,Linux-5.15.0-152-generic-x86_64-with-glibc2.35,3.14.2,3.1.0,4,AMD EPYC 9554 64-Core Processor,1,1 x NVIDIA RTX A5000,,,4,machine,N
Step #604,2026-02-26T21:50:41,whisper,dd7fdf3d-1b5f-439d-9ecd-dc3f9ba3ae65,0.07086170837283134,3.827404321751985e-08,5.390734601992072e-07,360.0,125.39749933192302,10.0,7.0637518540025285e-06,2.460835290207797e-06,1.961626888563199e-07,9.720749833066686e-06,0.0,Canada,CAN,quebec,,,Linux-5.15.0-152-generic-x86_64-with-glibc2.35,3.14.2,3.1.0,4,AMD EPYC 9554 64-Core Processor,1,1 x NVIDIA RTX A5000,,,4,machine,N
Step #605,2026-02-26T21:50:41,whisper,dd7fdf3d-1b5f-439d-9ecd-dc3f9ba3ae65,0.06798289529979229,3.619098458680926e-08,5.309531908969071e-07,360.0,111.88888261884954,10.0,6.866567209363149e-06,2.1344461487160515e-06,1.90686232720818e-07,9.191699590799761e-06,0.0,Canada,CAN,quebec,,,Linux-5.15.0-152-generic-x86_64-with-glibc2.35,3.14.2,3.1.0,4,AMD EPYC 9554 64-Core Processor,1,1 x NVIDIA RTX A5000,,,4,machine,N
Step #606,2026-02-26T21:50:41,whisper,dd7fdf3d-1b5f-439d-9ecd-dc3f9ba3ae65,0.06977854669094086,3.849815901631843e-08,5.505998976406502e-07,360.0,136.59473077704598,10.0,6.9480521604423084e-06,2.6366687819745493e-06,1.9294928448896156e-07,9.777670226905968e-06,0.0,Canada,CAN,quebec,,,Linux-5.15.0-152-generic-x86_64-with-glibc2.35,3.14.2,3.1.0,4,AMD EPYC 9554 64-Core Processor,1,1 x NVIDIA RTX A5000,,,4,machine,N
Step #607,2026-02-26T21:50:42,whisper,dd7fdf3d-1b5f-439d-9ecd-dc3f9ba3ae65,0.06722866371273994,4.172104643212769e-08,6.194731055120157e-07,360.0,175.56729795664955,10.0,6.991766765713885e-06,3.410280498883367e-06,1.9416418961352988e-07,1.0596211454210781e-05,0.0,Canada,CAN,quebec,,,Linux-5.15.0-152-generic-x86_64-with-glibc2.35,3.14.2,3.1.0,4,AMD EPYC 9554 64-Core Processor,1,1 x NVIDIA RTX A5000,,,4,machine,N
Step #608,2026-02-26T21:50:42,whisper,dd7fdf3d-1b5f-439d-9ecd-dc3f9ba3ae65,0.06802487559616566,4.156110669447204e-08,6.102207310881193e-07,360.0,187.02138005568807,10.0,6.821703538298536e-06,3.5444472814560868e-06,1.8943952293032026e-07,1.0555590342685092e-05,0.0,Canada,CAN,quebec,,,Linux-5.15.0-152-generic-x86_64-with-glibc2.35,3.14.2,3.1.0,4,AMD EPYC 9554 64-Core Processor,1,1 x NVIDIA RTX A5000,,,4,machine,N
Step #609,2026-02-26T21:50:42,whisper,dd7fdf3d-1b5f-439d-9ecd-dc3f9ba3ae65,0.07071985863149166,3.650202154084156e-08,5.151843555211732e-07,360.0,103.89895485520091,10.0,7.042349316179787e-06,2.0327794061358873e-06,1.9556728916035658e-07,9.270696011476343e-06,0.0,Canada,CAN,quebec,,,Linux-5.15.0-152-generic-x86_64-with-glibc2.35,3.14.2,3.1.0,4,AMD EPYC 9554 64-Core Processor,1,1 x NVIDIA RTX A5000,,,4,machine,N
Step #610,2026-02-26T21:50:42,whisper,dd7fdf3d-1b5f-439d-9ecd-dc3f9ba3ae65,0.06717084534466267,2.739124656759567e-08,4.0699312562401253e-07,360.0,0.0,10.0,6.768792122602632e-06,0.0,1.879710807568526e-07,6.956763203359688e-06,0.0,Canada,CAN,quebec,,,Linux-5.15.0-152-generic-x86_64-with-glibc2.35,3.14.2,3.1.0,4,AMD EPYC 9554 64-Core Processor,1,1 x NVIDIA RTX A5000,,,4,machine,N
Step #611,2026-02-26T21:50:42,whisper,dd7fdf3d-1b5f-439d-9ecd-dc3f9ba3ae65,0.06504477933049202,2.6405413144355927e-08,4.054315658025427e-07,360.0,0.0,10.0,6.525178253650836e-06,0.0,1.812053378671426e-07,6.7063835915183445e-06,0.0,Canada,CAN,quebec,,,Linux-5.15.0-152-generic-x86_64-with-glibc2.35,3.14.2,3.1.0,4,AMD EPYC 9554 64-Core Processor,1,1 x NVIDIA RTX A5000,,,4,machine,N
Step #612,2026-02-26T21:50:42,whisper,dd7fdf3d-1b5f-439d-9ecd-dc3f9ba3ae65,0.06546278297901154,3.914702828606854e-08,5.9703110141442e-07,360.0,173.7156211949265,10.0,6.582721881568179e-06,3.1769469757136903e-06,1.8279963276452316e-07,9.942468490046e-06,0.0,Canada,CAN,quebec,,,Linux-5.15.0-152-generic-x86_64-with-glibc2.35,3.14.2,3.1.0,4,AMD EPYC 9554 64-Core Processor,1,1 x NVIDIA RTX A5000,,,4,machine,N
Step #613,2026-02-26T21:50:42,whisper,dd7fdf3d-1b5f-439d-9ecd-dc3f9ba3ae65,0.06575075909495354,3.6759211330075785e-08,5.583143857582693e-07,360.0,139.305375840716,10.0,6.598875299096245e-06,2.553890936951575e-06,1.8325022214817196e-07,9.33601645819633e-06,0.0,Canada,CAN,quebec,,,Linux-5.15.0-152-generic-x86_64-with-glibc2.35,3.14.2,3.1.0,4,AMD EPYC 9554 64-Core Processor,1,1 x NVIDIA RTX A5000,,,4,machine,N
Step #614,2026-02-26T21:50:42,whisper,dd7fdf3d-1b5f-439d-9ecd-dc3f9ba3ae65,0.07537485286593437,4.38046068473619e-08,5.803552289117084e-07,360.0,159.94007265718062,10.0,7.557455822825715e-06,3.3580582368131218e-06,2.098750788718433e-07,1.1125389138510328e-05,0.0,Canada,CAN,quebec,,,Linux-5.15.0-152-generic-x86_64-with-glibc2.35,3.14.2,3.1.0,4,AMD EPYC 9554 64-Core Processor,1,1 x NVIDIA RTX A5000,,,4,machine,N
Step #615,2026-02-26T21:50:42,whisper,dd7fdf3d-1b5f-439d-9ecd-dc3f9ba3ae65,0.06484059616923332,4.115037610936308e-08,6.335877820076058e-07,360.0,208.5283138310813,10.0,6.503178738057926e-06,3.767503017115814e-06,1.805922171721811e-07,1.0451273972345541e-05,0.0,Canada,CAN,quebec,,,Linux-5.15.0-152-generic-x86_64-with-glibc2.35,3.14.2,3.1.0,4,AMD EPYC 9554 64-Core Processor,1,1 x NVIDIA RTX A5000,,,4,machine,N
Step #616,2026-02-26T21:50:42,whisper,dd7fdf3d-1b5f-439d-9ecd-dc3f9ba3ae65,0.06829419918358326,3.7016163578898e-08,5.414423257899157e-07,360.0,124.65663468373711,10.0,6.841830909252479e-06,2.3694463351375816e-06,1.8999933058188939e-07,9.401276574972153e-06,0.0,Canada,CAN,quebec,,,Linux-5.15.0-152-generic-x86_64-with-glibc2.35,3.14.2,3.1.0,4,AMD EPYC 9554 64-Core Processor,1,1 x NVIDIA RTX A5000,,,4,machine,N
Step #617,2026-02-26T21:50:42,whisper,dd7fdf3d-1b5f-439d-9ecd-dc3f9ba3ae65,0.06915339827537537,2.783990292604257e-08,4.0155775149170485e-07,360.0,0.0,10.0,6.879663467407315e-06,0.0,1.9104840337402676e-07,7.070711870781586e-06,0.0,Canada,CAN,quebec,,,Linux-5.15.0-152-generic-x86_64-with-glibc2.35,3.14.2,3.1.0,4,AMD EPYC 9554 64-Core Processor,1,1 x NVIDIA RTX A5000,,,4,machine,N
Step #618,2026-02-26T21:50:42,whisper,dd7fdf3d-1b5f-439d-9ecd-dc3f9ba3ae65,0.06616711243987083,2.6855814929122854e-08,4.053695481844411e-07,360.0,0.0,10.0,6.636482290923312e-06,0.0,1.8429326721363813e-07,6.8207755581370724e-06,0.0,Canada,CAN,quebec,,,Linux-5.15.0-152-generic-x86_64-with-glibc2.35,3.14.2,3.1.0,4,AMD EPYC 9554 64-Core Processor,1,1 x NVIDIA RTX A5000,,,4,machine,N
Step #619,2026-02-26T21:50:43,whisper,dd7fdf3d-1b5f-439d-9ecd-dc3f9ba3ae65,0.06577936746180058,3.93552368201039e-08,5.974594113994608e-07,360.0,173.52109131678424,10.0,6.620116531848991e-06,3.1913914426695555e-06,1.8384082035886255e-07,9.995348794877151e-06,0.0,Canada,CAN,quebec,,,Linux-5.15.0-152-generic-x86_64-with-glibc2.35,3.14.2,3.1.0,4,AMD EPYC 9554 64-Core Processor,1,1 x NVIDIA RTX A5000,,,4,machine,N
Step #620,2026-02-26T21:50:43,whisper,dd7fdf3d-1b5f-439d-9ecd-dc3f9ba3ae65,0.0726238340139389,3.809061937482612e-08,5.239984154912711e-07,360.0,112.06385525159641,10.0,7.2243686765434065e-06,2.2491684745773455e-06,2.0062713366416393e-07,9.674164284784875e-06,0.0,Canada,CAN,quebec,,,Linux-5.15.0-152-generic-x86_64-with-glibc2.35,3.14.2,3.1.0,4,AMD EPYC 9554 64-Core Processor,1,1 x NVIDIA RTX A5000,,,4,machine,N
Step #621,2026-02-26T21:50:43,whisper,dd7fdf3d-1b5f-439d-9ecd-dc3f9ba3ae65,0.06717587634921074,3.9198922300134783e-08,5.826344708263899e-07,360.0,155.32114244107476,10.0,6.822298653424118e-06,2.943891232121132e-06,1.894585219108368e-07,9.95564840745606e-06,0.0,Canada,CAN,quebec,,,Linux-5.15.0-152-generic-x86_64-with-glibc2.35,3.14.2,3.1.0,4,AMD EPYC 9554 64-Core Processor,1,1 x NVIDIA RTX A5000,,,4,machine,N
Step #622,2026-02-26T21:50:43,whisper,dd7fdf3d-1b5f-439d-9ecd-dc3f9ba3ae65,0.0678739920258522,4.2967656989344476e-08,6.32055270885908e-07,360.0,207.0840054505901,10.0,6.8073868751527405e-06,3.916392032010663e-06,1.8904371083610597e-07,1.0912822617999834e-05,0.0,Canada,CAN,quebec,,,Linux-5.15.0-152-generic-x86_64-with-glibc2.35,3.14.2,3.1.0,4,AMD EPYC 9554 64-Core Processor,1,1 x NVIDIA RTX A5000,,,4,machine,N
Step #623,2026-02-26T21:50:43,whisper,dd7fdf3d-1b5f-439d-9ecd-dc3f9ba3ae65,0.07494222186505795,3.6771215465750904e-08,4.903497469685151e-07,360.0,117.28285054697486,10.0,6.8994076922535355e-06,2.2480573562688733e-06,1.9160019130342112e-07,9.339065239826264e-06,0.0,Canada,CAN,quebec,,,Linux-5.15.0-152-generic-x86_64-with-glibc2.35,3.14.2,3.1.0,4,AMD EPYC 9554 64-Core Processor,1,1 x NVIDIA RTX A5000,,,4,machine,N
Step #624,2026-02-26T21:50:43,whisper,dd7fdf3d-1b5f-439d-9ecd-dc3f9ba3ae65,0.0651050191372633,2.6453910828662044e-08,4.056786365380732e-07,360.0,0.0,10.0,6.537164375186241e-06,0.0,1.815365420447518e-07,6.718700917230681e-06,0.0,Canada,CAN,quebec,,,Linux-5.15.0-152-generic-x86_64-with-glibc2.35,3.14.2,3.1.0,4,AMD EPYC 9554 64-Core Processor,1,1 x NVIDIA RTX A5000,,,4,machine,N
Step #625,2026-02-26T21:50:43,whisper,dd7fdf3d-1b5f-439d-9ecd-dc3f9ba3ae65,0.06548026390373707,2.6592893908738703e-08,4.0551508091238767e-07,360.0,0.0,10.0,6.571508012712113e-06,0.0,1.8249149434268095e-07,6.753999507055214e-06,0.0,Canada,CAN,quebec,,,Linux-5.15.0-152-generic-x86_64-with-glibc2.35,3.14.2,3.1.0,4,AMD EPYC 9554 64-Core Processor,1,1 x NVIDIA RTX A5000,,,4,machine,N
Step #626,2026-02-26T21:50:43,whisper,dd7fdf3d-1b5f-439d-9ecd-dc3f9ba3ae65,0.07174547016620636,2.9394550269509805e-08,4.045262679428412e-07,360.0,0.0,10.0,7.263835147023126e-06,0.0,2.0172233279380563e-07,7.465557479816552e-06,0.0,Canada,CAN,quebec,,,Linux-5.15.0-152-generic-x86_64-with-glibc2.35,3.14.2,3.1.0,4,AMD EPYC 9554 64-Core Processor,1,1 x NVIDIA RTX A5000,,,4,machine,N
Step #627,2026-02-26T21:50:43,whisper,dd7fdf3d-1b5f-439d-9ecd-dc3f9ba3ae65,0.070100799202919,4.151963606398404e-08,5.90498158758783e-07,360.0,180.9858993665867,10.0,6.889553554356373e-06,3.46416943841632e-06,1.9133473849958574e-07,1.0545057731272713e-05,0.0,Canada,CAN,quebec,,,Linux-5.15.0-152-generic-x86_64-with-glibc2.35,3.14.2,3.1.0,4,AMD EPYC 9554 64-Core Processor,1,1 x NVIDIA RTX A5000,,,4,machine,N
Step #628,2026-02-26T21:50:43,whisper,dd7fdf3d-1b5f-439d-9ecd-dc3f9ba3ae65,0.06736120954155922,3.7849972589398866e-08,5.604233625702298e-07,360.0,138.722874262779,10.0,6.802473589777834e-06,2.621668755864448e-06,1.8890304490924205e-07,9.61304539055189e-06,0.0,Canada,CAN,quebec,,,Linux-5.15.0-152-generic-x86_64-with-glibc2.35,3.14.2,3.1.0,4,AMD EPYC 9554 64-Core Processor,1,1 x NVIDIA RTX A5000,,,4,machine,N
Step #629,2026-02-26T21:50:43,whisper,dd7fdf3d-1b5f-439d-9ecd-dc3f9ba3ae65,0.06731541641056538,3.9173733230632554e-08,5.814516421468521e-07,360.0,161.04175854708635,10.0,6.744452752172926e-06,3.017502422153484e-06,1.8729577358398656e-07,9.949250947910437e-06,0.0,Canada,CAN,quebec,,,Linux-5.15.0-152-generic-x86_64-with-glibc2.35,3.14.2,3.1.0,4,AMD EPYC 9554 64-Core Processor,1,1 x NVIDIA RTX A5000,,,4,machine,N
Step #630,2026-02-26T21:50:44,whisper,dd7fdf3d-1b5f-439d-9ecd-dc3f9ba3ae65,0.0718415416777134,3.8458906273762257e-08,5.347380207159154e-07,360.0,121.91713259809634,10.0,7.148082740604522e-06,2.4211130380535906e-06,1.9850513069993685e-07,9.767700909358266e-06,0.0,Canada,CAN,quebec,,,Linux-5.15.0-152-generic-x86_64-with-glibc2.35,3.14.2,3.1.0,4,AMD EPYC 9554 64-Core Processor,1,1 x NVIDIA RTX A5000,,,4,machine,N
Step #631,2026-02-26T21:50:44,whisper,dd7fdf3d-1b5f-439d-9ecd-dc3f9ba3ae65,0.06501751765608788,3.5127894031925156e-08,5.389913484122959e-07,360.0,121.89396533393978,10.0,6.529266200959623e-06,2.211112885674993e-06,1.813193110542183e-07,8.921698397688915e-06,0.0,Canada,CAN,quebec,,,Linux-5.15.0-152-generic-x86_64-with-glibc2.35,3.14.2,3.1.0,4,AMD EPYC 9554 64-Core Processor,1,1 x NVIDIA RTX A5000,,,4,machine,N
Step #632,2026-02-26T21:50:44,whisper,dd7fdf3d-1b5f-439d-9ecd-dc3f9ba3ae65,0.0658554695546627,3.5890240488052876e-08,5.442161813041551e-07,360.0,126.72968520118405,10.0,6.606032140553386e-06,2.3258351831145774e-06,1.8345000118844728e-07,9.11531732485614e-06,0.0,Canada,CAN,quebec,,,Linux-5.15.0-152-generic-x86_64-with-glibc2.35,3.14.2,3.1.0,4,AMD EPYC 9554 64-Core Processor,1,1 x NVIDIA RTX A5000,,,4,machine,N
Step #633,2026-02-26T21:50:44,whisper,dd7fdf3d-1b5f-439d-9ecd-dc3f9ba3ae65,0.0662609338760376,2.7108800884603806e-08,4.081815502788629e-07,360.0,0.0,10.0,6.698997505009442e-06,0.0,1.8603082021904525e-07,6.885028325228325e-06,0.0,Canada,CAN,quebec,,,Linux-5.15.0-152-generic-x86_64-with-glibc2.35,3.14.2,3.1.0,4,AMD EPYC 9554 64-Core Processor,1,1 x NVIDIA RTX A5000,,,4,machine,N
Step #634,2026-02-26T21:50:44,whisper,dd7fdf3d-1b5f-439d-9ecd-dc3f9ba3ae65,0.06519311852753162,2.6493243282971505e-08,4.0557029628151454e-07,360.0,0.0,10.0,6.5468763932588145e-06,0.0,1.8181408652001487e-07,6.728690479778504e-06,0.0,Canada,CAN,quebec,,,Linux-5.15.0-152-generic-x86_64-with-glibc2.35,3.14.2,3.1.0,4,AMD EPYC 9554 64-Core Processor,1,1 x NVIDIA RTX A5000,,,4,machine,N
Step #635,2026-02-26T21:50:44,whisper,dd7fdf3d-1b5f-439d-9ecd-dc3f9ba3ae65,0.0660476591438055,2.696858846033858e-08,4.0743086627240443e-07,360.0,0.0,10.0,6.66434876620773e-06,0.0,1.8506874330340714e-07,6.849417509511083e-06,0.0,Canada,CAN,quebec,,,Linux-5.15.0-152-generic-x86_64-with-glibc2.35,3.14.2,3.1.0,4,AMD EPYC 9554 64-Core Processor,1,1 x NVIDIA RTX A5000,,,4,machine,N
Step #636,2026-02-26T21:50:44,whisper,dd7fdf3d-1b5f-439d-9ecd-dc3f9ba3ae65,0.06665406003594398,4.1242312074930956e-08,6.17609653538984e-07,360.0,193.81737246599562,10.0,6.687790155410732e-06,3.6011139883385113e-06,1.8571950495242947e-07,1.0474623648702025e-05,0.0,Canada,CAN,quebec,,,Linux-5.15.0-152-generic-x86_64-with-glibc2.35,3.14.2,3.1.0,4,AMD EPYC 9554 64-Core Processor,1,1 x NVIDIA RTX A5000,,,4,machine,N
Step #637,2026-02-26T21:50:44,whisper,dd7fdf3d-1b5f-439d-9ecd-dc3f9ba3ae65,0.0672877561300993,4.061213343985653e-08,6.021962609050307e-07,360.0,167.31795330770817,10.0,6.910440698265803e-06,3.212224783055717e-06,1.9190690687132255e-07,1.031457238819325e-05,0.0,Canada,CAN,quebec,,,Linux-5.15.0-152-generic-x86_64-with-glibc2.35,3.14.2,3.1.0,4,AMD EPYC 9554 64-Core Processor,1,1 x NVIDIA RTX A5000,,,4,machine,N
Step #638,2026-02-26T21:50:44,whisper,dd7fdf3d-1b5f-439d-9ecd-dc3f9ba3ae65,0.06508695892989635,3.997519548110408e-08,6.132963187485819e-07,360.0,186.35508987424703,10.0,6.569261848926762e-06,3.4011138438927446e-06,1.824287180271359e-07,1.0152804410846344e-05,0.0,Canada,CAN,quebec,,,Linux-5.15.0-152-generic-x86_64-with-glibc2.35,3.14.2,3.1.0,4,AMD EPYC 9554 64-Core Processor,1,1 x NVIDIA RTX A5000,,,4,machine,N
Step #639,2026-02-26T21:50:44,whisper,dd7fdf3d-1b5f-439d-9ecd-dc3f9ba3ae65,0.06715178489685059,4.050401730127981e-08,6.01566213172103e-07,360.0,148.62540480161786,10.0,7.140483707189851e-06,2.948335691144166e-06,1.9829391191403993e-07,1.0287113310247786e-05,0.0,Canada,CAN,quebec,,,Linux-5.15.0-152-generic-x86_64-with-glibc2.35,3.14.2,3.1.0,4,AMD EPYC 9554 64-Core Processor,1,1 x NVIDIA RTX A5000,,,4,machine,N
Step #640,2026-02-26T21:50:44,whisper,dd7fdf3d-1b5f-439d-9ecd-dc3f9ba3ae65,0.06983549892902374,4.044914142288536e-08,5.783215856677401e-07,360.0,157.93642928961768,10.0,7.0050301030277415e-06,3.0736135698816724e-06,1.9453239316741234e-07,1.0273176066076528e-05,0.0,Canada,CAN,quebec,,,Linux-5.15.0-152-generic-x86_64-with-glibc2.35,3.14.2,3.1.0,4,AMD EPYC 9554 64-Core Processor,1,1 x NVIDIA RTX A5000,,,4,machine,N
Step #641,2026-02-26T21:50:45,whisper,dd7fdf3d-1b5f-439d-9ecd-dc3f9ba3ae65,0.07849643379449844,4.3992162909693976e-08,5.601994541100799e-07,360.0,141.46204675580532,10.0,7.86407347768553e-06,3.0905580246098907e-06,2.1839267574249818e-07,1.1173024178037783e-05,0.0,Canada,CAN,quebec,,,Linux-5.15.0-152-generic-x86_64-with-glibc2.35,3.14.2,3.1.0,4,AMD EPYC 9554 64-Core Processor,1,1 x NVIDIA RTX A5000,,,4,machine,N
Step #642,2026-02-26T21:50:45,whisper,dd7fdf3d-1b5f-439d-9ecd-dc3f9ba3ae65,0.06704854406416416,3.674764508126936e-08,5.474478210834574e-07,360.0,129.88496096753096,10.0,6.721152737736852e-06,2.4252797174995067e-06,1.8664643478889147e-07,9.333078890024979e-06,0.0,Canada,CAN,quebec,,,Linux-5.15.0-152-generic-x86_64-with-glibc2.35,3.14.2,3.1.0,4,AMD EPYC 9554 64-Core Processor,1,1 x NVIDIA RTX A5000,,,4,machine,N
Step #643,2026-02-26T21:50:45,whisper,dd7fdf3d-1b5f-439d-9ecd-dc3f9ba3ae65,0.07216766849160194,2.926549265916067e-08,4.0479635768243427e-07,360.0,0.0,10.0,7.231944985687695e-06,0.0,2.0083475133611983e-07,7.432779737024005e-06,0.0,Canada,CAN,quebec,,,Linux-5.15.0-152-generic-x86_64-with-glibc2.35,3.14.2,3.1.0,4,AMD EPYC 9554 64-Core Processor,1,1 x NVIDIA RTX A5000,,,4,machine,N
Step #644,2026-02-26T21:50:45,whisper,dd7fdf3d-1b5f-439d-9ecd-dc3f9ba3ae65,0.0662081241607666,2.6877200669506694e-08,4.0529987966336253e-07,360.0,0.0,10.0,6.641764380037503e-06,0.0,1.8444267722468057e-07,6.826207057262536e-06,0.0,Canada,CAN,quebec,,,Linux-5.15.0-152-generic-x86_64-with-glibc2.35,3.14.2,3.1.0,4,AMD EPYC 9554 64-Core Processor,1,1 x NVIDIA RTX A5000,,,4,machine,N
Step #645,2026-02-26T21:50:45,whisper,dd7fdf3d-1b5f-439d-9ecd-dc3f9ba3ae65,0.07255116105079651,3.875170861115132e-08,5.338280829761309e-07,360.0,142.14423321453367,10.0,6.918003968894512e-06,2.731946622702708e-06,1.9211555417212103e-07,9.842066145769775e-06,0.0,Canada,CAN,quebec,,,Linux-5.15.0-152-generic-x86_64-with-glibc2.35,3.14.2,3.1.0,4,AMD EPYC 9554 64-Core Processor,1,1 x NVIDIA RTX A5000,,,4,machine,N
Step #646,2026-02-26T21:50:45,whisper,dd7fdf3d-1b5f-439d-9ecd-dc3f9ba3ae65,0.06795949675142765,3.859553726581519e-08,5.669169955889255e-07,360.0,143.16388009492613,10.0,6.876438483596065e-06,2.7350021838401517e-06,1.9096145406364488e-07,9.802402121499888e-06,0.0,Canada,CAN,quebec,,,Linux-5.15.0-152-generic-x86_64-with-glibc2.35,3.14.2,3.1.0,4,AMD EPYC 9554 64-Core Processor,1,1 x NVIDIA RTX A5000,,,4,machine,N
Step #647,2026-02-26T21:50:45,whisper,dd7fdf3d-1b5f-439d-9ecd-dc3f9ba3ae65,0.06521615013480186,3.9486712315315084e-08,6.046079751120165e-07,360.0,181.8884057184484,10.0,6.5415233373644285e-06,3.3055581951657587e-06,1.8165909374754643e-07,1.0028740626277788e-05,0.0,Canada,CAN,quebec,,,Linux-5.15.0-152-generic-x86_64-with-glibc2.35,3.14.2,3.1.0,4,AMD EPYC 9554 64-Core Processor,1,1 x NVIDIA RTX A5000,,,4,machine,N
Step #648,2026-02-26T21:50:45,whisper,dd7fdf3d-1b5f-439d-9ecd-dc3f9ba3ae65,0.06798306480050087,3.563806537970924e-08,5.232770739605056e-07,360.0,111.64682124639708,10.0,6.765057891607029e-06,2.0983350168535253e-06,1.8787758631838374e-07,9.051270494778857e-06,0.0,Canada,CAN,quebec,,,Linux-5.15.0-152-generic-x86_64-with-glibc2.35,3.14.2,3.1.0,4,AMD EPYC 9554 64-Core Processor,1,1 x NVIDIA RTX A5000,,,4,machine,N
Step #649,2026-02-26T21:50:45,whisper,dd7fdf3d-1b5f-439d-9ecd-dc3f9ba3ae65,0.06894826330244541,3.943416870846625e-08,5.711338227935626e-07,360.0,159.41465117216376,10.0,6.810161471366982e-06,3.016113524267894e-06,1.8912073121302576e-07,1.0015395726847495e-05,0.0,Canada,CAN,quebec,,,Linux-5.15.0-152-generic-x86_64-with-glibc2.35,3.14.2,3.1.0,4,AMD EPYC 9554 64-Core Processor,1,1 x NVIDIA RTX A5000,,,4,machine,N
Step #650,2026-02-26T21:50:45,whisper,dd7fdf3d-1b5f-439d-9ecd-dc3f9ba3ae65,0.06494237668812275,2.634251083417108e-08,4.0563236651986035e-07,360.0,0.0,10.0,6.509633734822461e-06,0.0,1.8077407860092945e-07,6.690407813423824e-06,0.0,Canada,CAN,quebec,,,Linux-5.15.0-152-generic-x86_64-with-glibc2.35,3.14.2,3.1.0,4,AMD EPYC 9554 64-Core Processor,1,1 x NVIDIA RTX A5000,,,4,machine,N
Step #651,2026-02-26T21:50:45,whisper,dd7fdf3d-1b5f-439d-9ecd-dc3f9ba3ae65,0.07164824940264225,2.9055737164056006e-08,4.0503162204188475e-07,360.0,0.0,10.0,7.180110178887575e-06,0.0,1.9939635983770815e-07,7.379506538725093e-06,0.0,Canada,CAN,quebec,,,Linux-5.15.0-152-generic-x86_64-with-glibc2.35,3.14.2,3.1.0,4,AMD EPYC 9554 64-Core Processor,1,1 x NVIDIA RTX A5000,,,4,machine,N
Step #652,2026-02-26T21:50:45,whisper,dd7fdf3d-1b5f-439d-9ecd-dc3f9ba3ae65,0.06639253720641136,2.801742413845694e-08,4.2048375669912457e-07,360.0,0.0,10.0,6.923530250787548e-06,0.0,1.922680323736541e-07,7.115798283161175e-06,0.0,Canada,CAN,quebec,,,Linux-5.15.0-152-generic-x86_64-with-glibc2.35,3.14.2,3.1.0,4,AMD EPYC 9554 64-Core Processor,1,1 x NVIDIA RTX A5000,,,4,machine,N
Step #653,2026-02-26T21:50:46,whisper,dd7fdf3d-1b5f-439d-9ecd-dc3f9ba3ae65,0.07271744310855865,2.947906913405618e-08,4.045814071914539e-07,360.0,0.0,10.0,7.284724339843077e-06,0.0,2.0229903877609125e-07,7.487023378618951e-06,0.0,Canada,CAN,quebec,,,Linux-5.15.0-152-generic-x86_64-with-glibc2.35,3.14.2,3.1.0,4,AMD EPYC 9554 64-Core Processor,1,1 x NVIDIA RTX A5000,,,4,machine,N
Step #654,2026-02-26T21:50:46,whisper,dd7fdf3d-1b5f-439d-9ecd-dc3f9ba3ae65,0.06572489626705647,2.9298165895852424e-08,4.447586866760648e-07,360.0,0.0,10.0,7.240017876029153e-06,0.0,2.0106013139917526e-07,7.441078007428166e-06,0.0,Canada,CAN,quebec,,,Linux-5.15.0-152-generic-x86_64-with-glibc2.35,3.14.2,3.1.0,4,AMD EPYC 9554 64-Core Processor,1,1 x NVIDIA RTX A5000,,,4,machine,N
Step #655,2026-02-26T21:50:46,whisper,dd7fdf3d-1b5f-439d-9ecd-dc3f9ba3ae65,0.06525034084916115,3.932553529663324e-08,6.013462714239709e-07,360.0,178.82662623755593,10.0,6.551156379282393e-06,3.2547248025593944e-06,1.819240912381045e-07,9.987805273079485e-06,0.0,Canada,CAN,quebec,,,Linux-5.15.0-152-generic-x86_64-with-glibc2.35,3.14.2,3.1.0,4,AMD EPYC 9554 64-Core Processor,1,1 x NVIDIA RTX A5000,,,4,machine,N
Step #656,2026-02-26T21:50:46,whisper,dd7fdf3d-1b5f-439d-9ecd-dc3f9ba3ae65,0.0741236787289381,4.184099533683527e-08,5.63486919302669e-07,360.0,144.5852066794938,10.0,7.434104196727374e-06,2.9861135004694006e-06,2.0645809256368314e-07,1.0626675789760648e-05,0.0,Canada,CAN,quebec,,,Linux-5.15.0-152-generic-x86_64-with-glibc2.35,3.14.2,3.1.0,4,AMD EPYC 9554 64-Core Processor,1,1 x NVIDIA RTX A5000,,,4,machine,N
Step #657,2026-02-26T21:50:46,whisper,dd7fdf3d-1b5f-439d-9ecd-dc3f9ba3ae65,0.06863013096153736,3.747389454766061e-08,5.453957026318032e-07,360.0,127.81323552306831,10.0,6.8825116381048684e-06,2.443890863901288e-06,1.9112748818266132e-07,9.517529990188574e-06,0.0,Canada,CAN,quebec,,,Linux-5.15.0-152-generic-x86_64-with-glibc2.35,3.14.2,3.1.0,4,AMD EPYC 9554 64-Core Processor,1,1 x NVIDIA RTX A5000,,,4,machine,N
Step #658,2026-02-26T21:50:46,whisper,dd7fdf3d-1b5f-439d-9ecd-dc3f9ba3ae65,0.07000397890806198,3.576230696545493e-08,5.10180221077548e-07,360.0,99.34581144182859,10.0,6.966581754386594e-06,1.922779304663891e-06,1.9346401612790605e-07,9.082825075177985e-06,0.0,Canada,CAN,quebec,,,Linux-5.15.0-152-generic-x86_64-with-glibc2.35,3.14.2,3.1.0,4,AMD EPYC 9554 64-Core Processor,1,1 x NVIDIA RTX A5000,,,4,machine,N
Step #659,2026-02-26T21:50:46,whisper,dd7fdf3d-1b5f-439d-9ecd-dc3f9ba3ae65,0.06758165173232555,3.65030645599164e-08,5.392009443051396e-07,360.0,136.3846103824004,10.0,6.590712070464987e-06,2.4972242300691505e-06,1.8302461442847788e-07,9.270960914962642e-06,0.0,Canada,CAN,quebec,,,Linux-5.15.0-152-generic-x86_64-with-glibc2.35,3.14.2,3.1.0,4,AMD EPYC 9554 64-Core Processor,1,1 x NVIDIA RTX A5000,,,4,machine,N
Step #660,2026-02-26T21:50:46,whisper,dd7fdf3d-1b5f-439d-9ecd-dc3f9ba3ae65,0.07170685939490795,3.62618584720882e-08,5.049685410098376e-07,360.0,95.59359821340617,10.0,7.120841369032821e-06,1.891112617613544e-06,1.9774598379929446e-07,9.209699970445795e-06,0.0,Canada,CAN,quebec,,,Linux-5.15.0-152-generic-x86_64-with-glibc2.35,3.14.2,3.1.0,4,AMD EPYC 9554 64-Core Processor,1,1 x NVIDIA RTX A5000,,,4,machine,N
Step #661,2026-02-26T21:50:46,whisper,dd7fdf3d-1b5f-439d-9ecd-dc3f9ba3ae65,0.0657220371067524,2.667994011507511e-08,4.052083085629744e-07,360.0,0.0,10.0,6.593018770218069e-06,0.0,1.830885238531595e-07,6.776107294071201e-06,0.0,Canada,CAN,quebec,,,Linux-5.15.0-152-generic-x86_64-with-glibc2.35,3.14.2,3.1.0,4,AMD EPYC 9554 64-Core Processor,1,1 x NVIDIA RTX A5000,,,4,machine,N
Step #662,2026-02-26T21:50:46,whisper,dd7fdf3d-1b5f-439d-9ecd-dc3f9ba3ae65,0.06495186686515808,2.6430504701998865e-08,4.060617902740701e-07,360.0,0.0,10.0,6.531380116939385e-06,0.0,1.8137616829738863e-07,6.712756285236557e-06,0.0,Canada,CAN,quebec,,,Linux-5.15.0-152-generic-x86_64-with-glibc2.35,3.14.2,3.1.0,4,AMD EPYC 9554 64-Core Processor,1,1 x NVIDIA RTX A5000,,,4,machine,N
Step #663,2026-02-26T21:50:46,whisper,dd7fdf3d-1b5f-439d-9ecd-dc3f9ba3ae65,0.07475651614367962,4.043210918552306e-08,5.399654374659945e-07,360.0,126.05424616638855,10.0,7.452175579965303e-06,2.6097243051026453e-06,2.0695037415458147e-07,1.0268850259222313e-05,0.0,Canada,CAN,quebec,,,Linux-5.15.0-152-generic-x86_64-with-glibc2.35,3.14.2,3.1.0,4,AMD EPYC 9554 64-Core Processor,1,1 x NVIDIA RTX A5000,,,4,machine,N
Step #664,2026-02-26T21:50:47,whisper,dd7fdf3d-1b5f-439d-9ecd-dc3f9ba3ae65,0.06640727631747723,3.7816508315651105e-08,5.679090032411784e-07,360.0,145.14185304455845,10.0,6.711769476533229e-06,2.7063910579272488e-06,1.8638567999006194e-07,9.604546214450269e-06,0.0,Canada,CAN,quebec,,,Linux-5.15.0-152-generic-x86_64-with-glibc2.35,3.14.2,3.1.0,4,AMD EPYC 9554 64-Core Processor,1,1 x NVIDIA RTX A5000,,,4,machine,N
Step #665,2026-02-26T21:50:47,whisper,dd7fdf3d-1b5f-439d-9ecd-dc3f9ba3ae65,0.06857122294604778,3.7104424914563485e-08,5.404889874406551e-07,360.0,123.38598447982764,10.0,6.875804439187075e-06,2.356946311010688e-06,1.9094222742648968e-07,9.42369297762466e-06,0.0,Canada,CAN,quebec,,,Linux-5.15.0-152-generic-x86_64-with-glibc2.35,3.14.2,3.1.0,4,AMD EPYC 9554 64-Core Processor,1,1 x NVIDIA RTX A5000,,,4,machine,N
Step #666,2026-02-26T21:50:47,whisper,dd7fdf3d-1b5f-439d-9ecd-dc3f9ba3ae65,0.06757333129644394,3.690697138975332e-08,5.450436998228254e-07,360.0,110.2755593343438,10.0,7.02593009918942e-06,2.1525017359635967e-06,1.951123691267334e-07,9.37354420427975e-06,0.0,Canada,CAN,quebec,,,Linux-5.15.0-152-generic-x86_64-with-glibc2.35,3.14.2,3.1.0,4,AMD EPYC 9554 64-Core Processor,1,1 x NVIDIA RTX A5000,,,4,machine,N
Step #667,2026-02-26T21:50:47,whisper,dd7fdf3d-1b5f-439d-9ecd-dc3f9ba3ae65,0.0689836572855711,3.471453731307647e-08,5.022915425532411e-07,360.0,92.22977014401694,10.0,6.866582110524183e-06,1.7594458512348865e-06,1.9068708643316893e-07,8.816715048192564e-06,0.0,Canada,CAN,quebec,,,Linux-5.15.0-152-generic-x86_64-with-glibc2.35,3.14.2,3.1.0,4,AMD EPYC 9554 64-Core Processor,1,1 x NVIDIA RTX A5000,,,4,machine,N
Step #668,2026-02-26T21:50:47,whisper,dd7fdf3d-1b5f-439d-9ecd-dc3f9ba3ae65,0.06541108340024948,3.5274770846424846e-08,5.378406300350284e-07,360.0,120.91785374606407,10.0,6.569617800414665e-06,2.2069462204399315e-06,1.8243779842223602e-07,8.959001819276724e-06,0.0,Canada,CAN,quebec,,,Linux-5.15.0-152-generic-x86_64-with-glibc2.35,3.14.2,3.1.0,4,AMD EPYC 9554 64-Core Processor,1,1 x NVIDIA RTX A5000,,,4,machine,N
Step #669,2026-02-26T21:50:47,whisper,dd7fdf3d-1b5f-439d-9ecd-dc3f9ba3ae65,0.06993980892002583,3.509605370068754e-08,5.025997063816493e-07,360.0,92.29181442380329,10.0,6.941132247448127e-06,1.779723632466812e-06,1.9275578670203573e-07,8.913611666616812e-06,0.0,Canada,CAN,quebec,,,Linux-5.15.0-152-generic-x86_64-with-glibc2.35,3.14.2,3.1.0,4,AMD EPYC 9554 64-Core Processor,1,1 x NVIDIA RTX A5000,,,4,machine,N
Step #670,2026-02-26T21:50:47,whisper,dd7fdf3d-1b5f-439d-9ecd-dc3f9ba3ae65,0.0691505279392004,3.481837913504494e-08,5.024162391368328e-07,360.0,93.04893283097266,10.0,6.874943524599192e-06,1.777223644694459e-06,1.9092137614886242e-07,8.843088545442378e-06,0.0,Canada,CAN,quebec,,,Linux-5.15.0-152-generic-x86_64-with-glibc2.35,3.14.2,3.1.0,4,AMD EPYC 9554 64-Core Processor,1,1 x NVIDIA RTX A5000,,,4,machine,N
Step #671,2026-02-26T21:50:47,whisper,dd7fdf3d-1b5f-439d-9ecd-dc3f9ba3ae65,0.06749557703733444,2.7607236362577482e-08,4.088856616477254e-07,360.0,0.0,10.0,6.822165474295802e-06,0.0,1.8945429991517248e-07,7.011619774210595e-06,0.0,Canada,CAN,quebec,,,Linux-5.15.0-152-generic-x86_64-with-glibc2.35,3.14.2,3.1.0,4,AMD EPYC 9554 64-Core Processor,1,1 x NVIDIA RTX A5000,,,4,machine,N
Step #672,2026-02-26T21:50:47,whisper,dd7fdf3d-1b5f-439d-9ecd-dc3f9ba3ae65,0.0660911314189434,2.6824773524870187e-08,4.0550231379255046e-07,360.0,0.0,10.0,6.628809124231e-06,0.0,1.8408261239527437e-07,6.812891736626518e-06,0.0,Canada,CAN,quebec,,,Linux-5.15.0-152-generic-x86_64-with-glibc2.35,3.14.2,3.1.0,4,AMD EPYC 9554 64-Core Processor,1,1 x NVIDIA RTX A5000,,,4,machine,N
Step #673,2026-02-26T21:50:47,whisper,dd7fdf3d-1b5f-439d-9ecd-dc3f9ba3ae65,0.06790350563824177,3.714747013298467e-08,5.459097823044447e-07,360.0,128.5166104505715,10.0,6.812949664891134e-06,2.432501929661157e-06,1.8917390455801177e-07,9.434625499109978e-06,0.0,Canada,CAN,quebec,,,Linux-5.15.0-152-generic-x86_64-with-glibc2.35,3.14.2,3.1.0,4,AMD EPYC 9554 64-Core Processor,1,1 x NVIDIA RTX A5000,,,4,machine,N
Step #674,2026-02-26T21:50:47,whisper,dd7fdf3d-1b5f-439d-9ecd-dc3f9ba3ae65,0.06818029657006264,3.75126085787565e-08,5.492545710970775e-07,360.0,128.24076968949228,10.0,6.883700378238974e-06,2.4525019881593835e-06,1.9116012069087494e-07,9.52736248708945e-06,0.0,Canada,CAN,quebec,,,Linux-5.15.0-152-generic-x86_64-with-glibc2.35,3.14.2,3.1.0,4,AMD EPYC 9554 64-Core Processor,1,1 x NVIDIA RTX A5000,,,4,machine,N
Step #675,2026-02-26T21:50:48,whisper,dd7fdf3d-1b5f-439d-9ecd-dc3f9ba3ae65,0.06541232392191887,3.742928448695901e-08,5.71118286181971e-07,360.0,151.30739881027938,10.0,6.564457528292732e-06,2.7594466303071385e-06,1.822958752099044e-07,9.5062000338101e-06,0.0,Canada,CAN,quebec,,,Linux-5.15.0-152-generic-x86_64-with-glibc2.35,3.14.2,3.1.0,4,AMD EPYC 9554 64-Core Processor,1,1 x NVIDIA RTX A5000,,,4,machine,N
Step #676,2026-02-26T21:50:48,whisper,dd7fdf3d-1b5f-439d-9ecd-dc3f9ba3ae65,0.07271071150898933,3.5533049812635625e-08,4.880595930679599e-07,360.0,76.48312308818345,10.0,7.276416383684113e-06,1.5461123581417269e-06,2.0207015073134315e-07,9.024598892556912e-06,0.0,Canada,CAN,quebec,,,Linux-5.15.0-152-generic-x86_64-with-glibc2.35,3.14.2,3.1.0,4,AMD EPYC 9554 64-Core Processor,1,1 x NVIDIA RTX A5000,,,4,machine,N
Step #677,2026-02-26T21:50:48,whisper,dd7fdf3d-1b5f-439d-9ecd-dc3f9ba3ae65,0.06842951849102974,3.9013961472326005e-08,5.69212179214229e-07,360.0,146.60282318793253,10.0,6.90470077097452e-06,2.8122244657424744e-06,1.917472626600063e-07,9.908672499376811e-06,0.0,Canada,CAN,quebec,,,Linux-5.15.0-152-generic-x86_64-with-glibc2.35,3.14.2,3.1.0,4,AMD EPYC 9554 64-Core Processor,1,1 x NVIDIA RTX A5000,,,4,machine,N
Step #678,2026-02-26T21:50:48,whisper,dd7fdf3d-1b5f-439d-9ecd-dc3f9ba3ae65,0.06488867662847042,3.579240526976646e-08,5.500047430096538e-07,360.0,131.97640288637717,10.0,6.519145146012366e-06,2.390279689734598e-06,1.8104453467659596e-07,9.090469370423397e-06,0.0,Canada,CAN,quebec,,,Linux-5.15.0-152-generic-x86_64-with-glibc2.35,3.14.2,3.1.0,4,AMD EPYC 9554 64-Core Processor,1,1 x NVIDIA RTX A5000,,,4,machine,N
Step #679,2026-02-26T21:50:48,whisper,dd7fdf3d-1b5f-439d-9ecd-dc3f9ba3ae65,0.07282273471355438,3.60155875681364e-08,4.940324674129907e-07,360.0,103.5956254320489,10.0,6.952955201268082e-06,2.0011127190855404e-06,1.930847557054681e-07,9.147152676059443e-06,0.0,Canada,CAN,quebec,,,Linux-5.15.0-152-generic-x86_64-with-glibc2.35,3.14.2,3.1.0,4,AMD EPYC 9554 64-Core Processor,1,1 x NVIDIA RTX A5000,,,4,machine,N
Step #680,2026-02-26T21:50:48,whisper,dd7fdf3d-1b5f-439d-9ecd-dc3f9ba3ae65,0.06643731705844402,2.8700942889723052e-08,4.311216305701889e-07,360.0,0.0,10.0,7.092436961829776e-06,0.0,1.9695977680384588e-07,7.289396738633866e-06,0.0,Canada,CAN,quebec,,,Linux-5.15.0-152-generic-x86_64-with-glibc2.35,3.14.2,3.1.0,4,AMD EPYC 9554 64-Core Processor,1,1 x NVIDIA RTX A5000,,,4,machine,N
Step #681,2026-02-26T21:50:48,whisper,dd7fdf3d-1b5f-439d-9ecd-dc3f9ba3ae65,0.06561927683651447,2.6631674405944145e-08,4.0529790854674906e-07,360.0,0.0,10.0,6.581091508269139e-06,0.0,1.8275737658971338e-07,6.763848884859015e-06,0.0,Canada,CAN,quebec,,,Linux-5.15.0-152-generic-x86_64-with-glibc2.35,3.14.2,3.1.0,4,AMD EPYC 9554 64-Core Processor,1,1 x NVIDIA RTX A5000,,,4,machine,N
Step #682,2026-02-26T21:50:48,whisper,dd7fdf3d-1b5f-439d-9ecd-dc3f9ba3ae65,0.07109924405813217,3.8248331753491707e-08,5.373589641512027e-07,360.0,144.91153475441902,10.0,6.79145250469422e-06,2.7341688451087975e-06,1.885983472069109e-07,9.714219697009793e-06,0.0,Canada,CAN,quebec,,,Linux-5.15.0-152-generic-x86_64-with-glibc2.35,3.14.2,3.1.0,4,AMD EPYC 9554 64-Core Processor,1,1 x NVIDIA RTX A5000,,,4,machine,N
Step #683,2026-02-26T21:50:48,whisper,dd7fdf3d-1b5f-439d-9ecd-dc3f9ba3ae65,0.07029091380536556,3.892069311835862e-08,5.525228170267293e-07,360.0,123.6770576367659,10.0,7.208142615854757e-06,2.4766686550492523e-06,2.001731553011375e-07,9.884984426205418e-06,0.0,Canada,CAN,quebec,,,Linux-5.15.0-152-generic-x86_64-with-glibc2.35,3.14.2,3.1.0,4,AMD EPYC 9554 64-Core Processor,1,1 x NVIDIA RTX A5000,,,4,machine,N
Step #684,2026-02-26T21:50:48,whisper,dd7fdf3d-1b5f-439d-9ecd-dc3f9ba3ae65,0.06985807977616787,3.524547496860472e-08,5.039239780277155e-07,360.0,112.64328040184613,10.0,6.676705926657138e-06,2.089446098807457e-06,1.8540929692486999e-07,8.951561322389709e-06,0.0,Canada,CAN,quebec,,,Linux-5.15.0-152-generic-x86_64-with-glibc2.35,3.14.2,3.1.0,4,AMD EPYC 9554 64-Core Processor,1,1 x NVIDIA RTX A5000,,,4,machine,N
Step #685,2026-02-26T21:50:48,whisper,dd7fdf3d-1b5f-439d-9ecd-dc3f9ba3ae65,0.06931553222239017,4.251314062109012e-08,6.123148031549275e-07,360.0,164.71488237848826,10.0,7.2691261768344576e-06,3.3263915639736297e-06,2.0186789851222024e-07,1.0797385639320714e-05,0.0,Canada,CAN,quebec,,,Linux-5.15.0-152-generic-x86_64-with-glibc2.35,3.14.2,3.1.0,4,AMD EPYC 9554 64-Core Processor,1,1 x NVIDIA RTX A5000,,,4,machine,N
Step #686,2026-02-26T21:50:49,whisper,dd7fdf3d-1b5f-439d-9ecd-dc3f9ba3ae65,0.07026918418705463,3.964785652824825e-08,5.636211278164213e-07,360.0,173.13638326005812,10.0,6.674048677086583e-06,3.2102803402267455e-06,1.8533863023752445e-07,1.0069667647550663e-05,0.0,Canada,CAN,quebec,,,Linux-5.15.0-152-generic-x86_64-with-glibc2.35,3.14.2,3.1.0,4,AMD EPYC 9554 64-Core Processor,1,1 x NVIDIA RTX A5000,,,4,machine,N
Step #687,2026-02-26T21:50:49,whisper,dd7fdf3d-1b5f-439d-9ecd-dc3f9ba3ae65,0.07404197007417679,4.142740072649636e-08,5.587110992318995e-07,360.0,140.4787861991913,10.0,7.419746927916915e-06,2.895835649496803e-06,2.0604944373997318e-07,1.052163202115361e-05,0.0,Canada,CAN,quebec,,,Linux-5.15.0-152-generic-x86_64-with-glibc2.35,3.14.2,3.1.0,4,AMD EPYC 9554 64-Core Processor,1,1 x NVIDIA RTX A5000,,,4,machine,N
Step #688,2026-02-26T21:50:49,whisper,dd7fdf3d-1b5f-439d-9ecd-dc3f9ba3ae65,0.07174452394247055,3.706162789325878e-08,5.157048020567139e-07,360.0,121.40745009725067,10.0,6.895496882498506e-06,2.325835197325432e-06,1.914914128267164e-07,9.412823492650248e-06,0.0,Canada,CAN,quebec,,,Linux-5.15.0-152-generic-x86_64-with-glibc2.35,3.14.2,3.1.0,4,AMD EPYC 9554 64-Core Processor,1,1 x NVIDIA RTX A5000,,,4,machine,N
Step #689,2026-02-26T21:50:49,whisper,dd7fdf3d-1b5f-439d-9ecd-dc3f9ba3ae65,0.06789551116526127,2.772812376916205e-08,4.076854295955245e-07,360.0,0.0,10.0,6.852040998637544e-06,0.0,1.9028146958186432e-07,7.0423224682193e-06,0.0,Canada,CAN,quebec,,,Linux-5.15.0-152-generic-x86_64-with-glibc2.35,3.14.2,3.1.0,4,AMD EPYC 9554 64-Core Processor,1,1 x NVIDIA RTX A5000,,,4,machine,N
Step #690,2026-02-26T21:50:49,whisper,dd7fdf3d-1b5f-439d-9ecd-dc3f9ba3ae65,0.06708582304418087,2.7227132713904023e-08,4.053665107109067e-07,360.0,0.0,10.0,6.728238612413798e-06,0.0,1.8684334742526164e-07,6.915081959838788e-06,0.0,Canada,CAN,quebec,,,Linux-5.15.0-152-generic-x86_64-with-glibc2.35,3.14.2,3.1.0,4,AMD EPYC 9554 64-Core Processor,1,1 x NVIDIA RTX A5000,,,4,machine,N
Step #691,2026-02-26T21:50:49,whisper,dd7fdf3d-1b5f-439d-9ecd-dc3f9ba3ae65,0.06626000441610813,3.721633818284478e-08,5.611845859972177e-07,360.0,142.1798102681021,10.0,6.643459387123581e-06,2.624168757847656e-06,1.8448829650880125e-07,9.452116441479794e-06,0.0,Canada,CAN,quebec,,,Linux-5.15.0-152-generic-x86_64-with-glibc2.35,3.14.2,3.1.0,4,AMD EPYC 9554 64-Core Processor,1,1 x NVIDIA RTX A5000,,,4,machine,N
Step #692,2026-02-26T21:50:49,whisper,dd7fdf3d-1b5f-439d-9ecd-dc3f9ba3ae65,0.0769304446876049,3.8907587223954086e-08,5.050396693333071e-07,360.0,90.54907653158924,10.0,7.724091783165889e-06,1.943057100106671e-06,2.14506939260489e-07,9.881655822533211e-06,0.0,Canada,CAN,quebec,,,Linux-5.15.0-152-generic-x86_64-with-glibc2.35,3.14.2,3.1.0,4,AMD EPYC 9554 64-Core Processor,1,1 x NVIDIA RTX A5000,,,4,machine,N
Step #693,2026-02-26T21:50:49,whisper,dd7fdf3d-1b5f-439d-9ecd-dc3f9ba3ae65,0.06787803396582603,3.59169845801995e-08,5.283199937055061e-07,360.0,112.1584921833336,10.0,6.810751743614729e-06,2.1222239325879855e-06,1.8913404912585191e-07,9.122109725328946e-06,0.0,Canada,CAN,quebec,,,Linux-5.15.0-152-generic-x86_64-with-glibc2.35,3.14.2,3.1.0,4,AMD EPYC 9554 64-Core Processor,1,1 x NVIDIA RTX A5000,,,4,machine,N
Step #694,2026-02-26T21:50:49,whisper,dd7fdf3d-1b5f-439d-9ecd-dc3f9ba3ae65,0.0699084009975195,3.9108301113219203e-08,5.588386715046383e-07,360.0,169.20407127048085,10.0,6.631257571280275e-06,3.117224707693822e-06,1.841503764606295e-07,9.932632655434807e-06,0.0,Canada,CAN,quebec,,,Linux-5.15.0-152-generic-x86_64-with-glibc2.35,3.14.2,3.1.0,4,AMD EPYC 9554 64-Core Processor,1,1 x NVIDIA RTX A5000,,,4,machine,N
Step #695,2026-02-26T21:50:49,whisper,dd7fdf3d-1b5f-439d-9ecd-dc3f9ba3ae65,0.06741182878613472,4.0146919473118186e-08,5.946136039251177e-07,360.0,153.75630311844162,10.0,7.008184306323863e-06,2.993613506419024e-06,1.946206463293793e-07,1.0196418459072591e-05,0.0,Canada,CAN,quebec,,,Linux-5.15.0-152-generic-x86_64-with-glibc2.35,3.14.2,3.1.0,4,AMD EPYC 9554 64-Core Processor,1,1 x NVIDIA RTX A5000,,,4,machine,N
Step #696,2026-02-26T21:50:49,whisper,dd7fdf3d-1b5f-439d-9ecd-dc3f9ba3ae65,0.06845416128635406,3.766827081722328e-08,5.493592779475756e-07,360.0,131.46371078166715,10.0,6.867840141058096e-06,2.508335342099599e-06,1.9072172645893427e-07,9.566897209616412e-06,0.0,Canada,CAN,quebec,,,Linux-5.15.0-152-generic-x86_64-with-glibc2.35,3.14.2,3.1.0,4,AMD EPYC 9554 64-Core Processor,1,1 x NVIDIA RTX A5000,,,4,machine,N
Step #697,2026-02-26T21:50:50,whisper,dd7fdf3d-1b5f-439d-9ecd-dc3f9ba3ae65,0.06786138378083706,2.7708734335435517e-08,4.0736664438139954e-07,360.0,0.0,10.0,6.847251206636151e-06,0.0,1.9014677964151105e-07,7.037397986277283e-06,0.0,Canada,CAN,quebec,,,Linux-5.15.0-152-generic-x86_64-with-glibc2.35,3.14.2,3.1.0,4,AMD EPYC 9554 64-Core Processor,1,1 x NVIDIA RTX A5000,,,4,machine,N
Step #698,2026-02-26T21:50:50,whisper,dd7fdf3d-1b5f-439d-9ecd-dc3f9ba3ae65,0.06502304784953594,2.639995764303017e-08,4.0523107394829734e-07,360.0,0.0,10.0,6.523831933736776e-06,0.0,1.8116608262061474e-07,6.704998016357662e-06,0.0,Canada,CAN,quebec,,,Linux-5.15.0-152-generic-x86_64-with-glibc2.35,3.14.2,3.1.0,4,AMD EPYC 9554 64-Core Processor,1,1 x NVIDIA RTX A5000,,,4,machine,N
Step #699,2026-02-26T21:50:50,whisper,dd7fdf3d-1b5f-439d-9ecd-dc3f9ba3ae65,0.06575602851808071,3.805013465967377e-08,5.779543052625832e-07,360.0,157.65760180493902,10.0,6.593015976249887e-06,2.8877800986037983e-06,1.8308599893416492e-07,9.663882073788176e-06,0.0,Canada,CAN,quebec,,,Linux-5.15.0-152-generic-x86_64-with-glibc2.35,3.14.2,3.1.0,4,AMD EPYC 9554 64-Core Processor,1,1 x NVIDIA RTX A5000,,,4,machine,N
Step #700,2026-02-26T21:50:50,whisper,dd7fdf3d-1b5f-439d-9ecd-dc3f9ba3ae65,0.0719890333712101,3.5252356288462865e-08,4.890230115583643e-07,360.0,79.86785257393191,10.0,7.164620049297972e-06,1.5897234959538764e-06,1.9896547827455858e-07,8.953309023526299e-06,0.0,Canada,CAN,quebec,,,Linux-5.15.0-152-generic-x86_64-with-glibc2.35,3.14.2,3.1.0,4,AMD EPYC 9554 64-Core Processor,1,1 x NVIDIA RTX A5000,,,4,machine,N
Step #701,2026-02-26T21:50:50,whisper,dd7fdf3d-1b5f-439d-9ecd-dc3f9ba3ae65,0.07043560408055782,3.637389798748949e-08,5.155731889929855e-07,360.0,118.43293122634186,10.0,6.808793731033665e-06,2.240279556531277e-06,1.890822106765473e-07,9.238155498241842e-06,0.0,Canada,CAN,quebec,,,Linux-5.15.0-152-generic-x86_64-with-glibc2.35,3.14.2,3.1.0,4,AMD EPYC 9554 64-Core Processor,1,1 x NVIDIA RTX A5000,,,4,machine,N
Step #702,2026-02-26T21:50:50,whisper,dd7fdf3d-1b5f-439d-9ecd-dc3f9ba3ae65,0.06775107979774475,4.194446605548205e-08,6.18223176393661e-07,360.0,171.67861547795752,10.0,7.079678960144296e-06,3.376669383214903e-06,1.966066917197533e-07,1.0652955035078682e-05,0.0,Canada,CAN,quebec,,,Linux-5.15.0-152-generic-x86_64-with-glibc2.35,3.14.2,3.1.0,4,AMD EPYC 9554 64-Core Processor,1,1 x NVIDIA RTX A5000,,,4,machine,N
Step #703,2026-02-26T21:50:50,whisper,dd7fdf3d-1b5f-439d-9ecd-dc3f9ba3ae65,0.06638328731060028,4.1333000350166164e-08,6.213028172817526e-07,360.0,197.3038328123392,10.0,6.66128173470483e-06,3.65139179336893e-06,1.8498291158014078e-07,1.0497656439654307e-05,0.0,Canada,CAN,quebec,,,Linux-5.15.0-152-generic-x86_64-with-glibc2.35,3.14.2,3.1.0,4,AMD EPYC 9554 64-Core Processor,1,1 x NVIDIA RTX A5000,,,4,machine,N
Step #704,2026-02-26T21:50:50,whisper,dd7fdf3d-1b5f-439d-9ecd-dc3f9ba3ae65,0.0748565886169672,4.310823716130533e-08,5.751592472592069e-07,360.0,143.45200646398823,10.0,7.676182128489237e-06,3.059169117136662e-06,2.1317558777001096e-07,1.0948526833395693e-05,0.0,Canada,CAN,quebec,,,Linux-5.15.0-152-generic-x86_64-with-glibc2.35,3.14.2,3.1.0,4,AMD EPYC 9554 64-Core Processor,1,1 x NVIDIA RTX A5000,,,4,machine,N
Step #705,2026-02-26T21:50:50,whisper,dd7fdf3d-1b5f-439d-9ecd-dc3f9ba3ae65,0.06528725288808346,2.6511871845439733e-08,4.053970757394061e-07,360.0,0.0,10.0,6.5514873713251945e-06,0.0,1.8193434613445608e-07,6.7334217174596506e-06,0.0,Canada,CAN,quebec,,,Linux-5.15.0-152-generic-x86_64-with-glibc2.35,3.14.2,3.1.0,4,AMD EPYC 9554 64-Core Processor,1,1 x NVIDIA RTX A5000,,,4,machine,N
Step #706,2026-02-26T21:50:50,whisper,dd7fdf3d-1b5f-439d-9ecd-dc3f9ba3ae65,0.0661796536296606,2.6884470250558595e-08,4.0585947666725414e-07,360.0,0.0,10.0,6.643562577664762e-06,0.0,1.844907903836724e-07,6.8280533680482175e-06,0.0,Canada,CAN,quebec,,,Linux-5.15.0-152-generic-x86_64-with-glibc2.35,3.14.2,3.1.0,4,AMD EPYC 9554 64-Core Processor,1,1 x NVIDIA RTX A5000,,,4,machine,N
Step #707,2026-02-26T21:50:50,whisper,dd7fdf3d-1b5f-439d-9ecd-dc3f9ba3ae65,0.06967107579112053,3.684027121780042e-08,5.277182086691935e-07,360.0,137.5375735145338,10.0,6.636474281549766e-06,2.5358353639148845e-06,1.8429420888424843e-07,9.356603854348763e-06,0.0,Canada,CAN,quebec,,,Linux-5.15.0-152-generic-x86_64-with-glibc2.35,3.14.2,3.1.0,4,AMD EPYC 9554 64-Core Processor,1,1 x NVIDIA RTX A5000,,,4,machine,N
Step #708,2026-02-26T21:50:50,whisper,dd7fdf3d-1b5f-439d-9ecd-dc3f9ba3ae65,0.0656103752553463,3.2109467163516124e-08,4.892952930109961e-07,360.0,76.54141060192181,10.0,6.574454717338078e-06,1.3980566677673778e-06,1.8257418543928612e-07,8.155085570544715e-06,0.0,Canada,CAN,quebec,,,Linux-5.15.0-152-generic-x86_64-with-glibc2.35,3.14.2,3.1.0,4,AMD EPYC 9554 64-Core Processor,1,1 x NVIDIA RTX A5000,,,4,machine,N
Step #709,2026-02-26T21:50:51,whisper,dd7fdf3d-1b5f-439d-9ecd-dc3f9ba3ae65,0.07167168892920017,3.4499047275377064e-08,4.806771716512626e-07,360.0,71.8852375875938,10.0,7.138196751475638e-06,1.4255566895826632e-06,1.9823196344077908e-07,8.76198540449881e-06,0.0,Canada,CAN,quebec,,,Linux-5.15.0-152-generic-x86_64-with-glibc2.35,3.14.2,3.1.0,4,AMD EPYC 9554 64-Core Processor,1,1 x NVIDIA RTX A5000,,,4,machine,N
Step #710,2026-02-26T21:50:51,whisper,dd7fdf3d-1b5f-439d-9ecd-dc3f9ba3ae65,0.06781842187047005,4.166066235020385e-08,6.13427616293232e-07,360.0,169.09408476939555,10.0,7.065495848656081e-06,3.3191693233902697e-06,1.9621007765332154e-07,1.0580875249699591e-05,0.0,Canada,CAN,quebec,,,Linux-5.15.0-152-generic-x86_64-with-glibc2.35,3.14.2,3.1.0,4,AMD EPYC 9554 64-Core Processor,1,1 x NVIDIA RTX A5000,,,4,machine,N
Step #711,2026-02-26T21:50:51,whisper,dd7fdf3d-1b5f-439d-9ecd-dc3f9ba3ae65,0.06566843576729298,4.0749025588884146e-08,6.193129437796652e-07,360.0,194.51062147951987,10.0,6.599695980548728e-06,3.5663917543615753e-06,1.832521934476113e-07,1.0349339928357806e-05,0.0,Canada,CAN,quebec,,,Linux-5.15.0-152-generic-x86_64-with-glibc2.35,3.14.2,3.1.0,4,AMD EPYC 9554 64-Core Processor,1,1 x NVIDIA RTX A5000,,,4,machine,N
Step #712,2026-02-26T21:50:51,whisper,dd7fdf3d-1b5f-439d-9ecd-dc3f9ba3ae65,0.0661762934178114,3.603681346307268e-08,5.441596947451515e-07,360.0,126.52286154552311,10.0,6.635765358805473e-06,2.3325018503328465e-06,1.842763688829081e-07,9.152543578021255e-06,0.0,Canada,CAN,quebec,,,Linux-5.15.0-152-generic-x86_64-with-glibc2.35,3.14.2,3.1.0,4,AMD EPYC 9554 64-Core Processor,1,1 x NVIDIA RTX A5000,,,4,machine,N
Step #713,2026-02-26T21:50:51,whisper,dd7fdf3d-1b5f-439d-9ecd-dc3f9ba3ae65,0.07276361621916294,2.9512073597974298e-08,4.052301291984384e-07,360.0,0.0,10.0,7.292877510190268e-06,0.0,2.0252826313178806e-07,7.495405773321785e-06,0.0,Canada,CAN,quebec,,,Linux-5.15.0-152-generic-x86_64-with-glibc2.35,3.14.2,3.1.0,4,AMD EPYC 9554 64-Core Processor,1,1 x NVIDIA RTX A5000,,,4,machine,N
Step #714,2026-02-26T21:50:51,whisper,dd7fdf3d-1b5f-439d-9ecd-dc3f9ba3ae65,0.06619625352323055,2.696647020730331e-08,4.066580643418765e-07,360.0,0.0,10.0,6.663823500275418e-06,0.0,1.8505602040225114e-07,6.848879520677913e-06,0.0,Canada,CAN,quebec,,,Linux-5.15.0-152-generic-x86_64-with-glibc2.35,3.14.2,3.1.0,4,AMD EPYC 9554 64-Core Processor,1,1 x NVIDIA RTX A5000,,,4,machine,N
Step #715,2026-02-26T21:50:51,whisper,dd7fdf3d-1b5f-439d-9ecd-dc3f9ba3ae65,0.0655179750174284,3.738708204314891e-08,5.699199309261316e-07,360.0,149.02277210321617,10.0,6.5859239548448495e-06,2.726668853370029e-06,1.8288874998690025e-07,9.495481558202158e-06,0.0,Canada,CAN,quebec,,,Linux-5.15.0-152-generic-x86_64-with-glibc2.35,3.14.2,3.1.0,4,AMD EPYC 9554 64-Core Processor,1,1 x NVIDIA RTX A5000,,,4,machine,N
Step #716,2026-02-26T21:50:51,whisper,dd7fdf3d-1b5f-439d-9ecd-dc3f9ba3ae65,0.07089577056467533,3.299522408178101e-08,4.648165776922045e-07,360.0,57.856731070139396,10.0,7.050911709665861e-06,1.1333342371244726e-06,1.9580204453731884e-07,8.380047991327598e-06,0.0,Canada,CAN,quebec,,,Linux-5.15.0-152-generic-x86_64-with-glibc2.35,3.14.2,3.1.0,4,AMD EPYC 9554 64-Core Processor,1,1 x NVIDIA RTX A5000,,,4,machine,N
Step #717,2026-02-26T21:50:51,whisper,dd7fdf3d-1b5f-439d-9ecd-dc3f9ba3ae65,0.07018124125897884,3.550407783664005e-08,5.051027560202496e-07,360.0,123.32297019890655,10.0,6.580065563321219e-06,2.2544462439100244e-06,1.8272885224886507e-07,9.017240659480244e-06,0.0,Canada,CAN,quebec,,,Linux-5.15.0-152-generic-x86_64-with-glibc2.35,3.14.2,3.1.0,4,AMD EPYC 9554 64-Core Processor,1,1 x NVIDIA RTX A5000,,,4,machine,N
Step #718,2026-02-26T21:50:51,whisper,dd7fdf3d-1b5f-439d-9ecd-dc3f9ba3ae65,0.06773701310157776,4.147171921584173e-08,6.110908571370155e-07,360.0,171.53201395287007,10.0,7.001777924597538e-06,3.336669337272724e-06,1.9444066306782194e-07,1.0532887924938165e-05,0.0,Canada,CAN,quebec,,,Linux-5.15.0-152-generic-x86_64-with-glibc2.35,3.14.2,3.1.0,4,AMD EPYC 9554 64-Core Processor,1,1 x NVIDIA RTX A5000,,,4,machine,N
Step #719,2026-02-26T21:50:51,whisper,dd7fdf3d-1b5f-439d-9ecd-dc3f9ba3ae65,0.06553056463599205,4.1514890527825996e-08,6.321251267441399e-07,360.0,206.7899579566875,10.0,6.580551899969256e-06,3.7805585719752344e-06,1.8274199941920206e-07,1.0543852471363475e-05,0.0,Canada,CAN,quebec,,,Linux-5.15.0-152-generic-x86_64-with-glibc2.35,3.14.2,3.1.0,4,AMD EPYC 9554 64-Core Processor,1,1 x NVIDIA RTX A5000,,,4,machine,N
Step #720,2026-02-26T21:50:52,whisper,dd7fdf3d-1b5f-439d-9ecd-dc3f9ba3ae65,0.06617768108844757,2.6922959673612764e-08,4.061366474181855e-07,360.0,0.0,10.0,6.653073802590469e-06,0.0,1.8475501694612288e-07,6.837828819536429e-06,0.0,Canada,CAN,quebec,,,Linux-5.15.0-152-generic-x86_64-with-glibc2.35,3.14.2,3.1.0,4,AMD EPYC 9554 64-Core Processor,1,1 x NVIDIA RTX A5000,,,4,machine,N
Step #721,2026-02-26T21:50:52,whisper,dd7fdf3d-1b5f-439d-9ecd-dc3f9ba3ae65,0.07313035801053047,2.9443819235136254e-08,4.022053376161217e-07,360.0,0.0,10.0,7.276012375950595e-06,0.0,2.0205831776062334e-07,7.4780706937113e-06,0.0,Canada,CAN,quebec,,,Linux-5.15.0-152-generic-x86_64-with-glibc2.35,3.14.2,3.1.0,4,AMD EPYC 9554 64-Core Processor,1,1 x NVIDIA RTX A5000,,,4,machine,N
Step #722,2026-02-26T21:50:52,whisper,dd7fdf3d-1b5f-439d-9ecd-dc3f9ba3ae65,0.0682362075895071,2.7851825517303592e-08,4.0742643529322563e-07,360.0,0.0,10.0,6.882608681917091e-06,0.0,1.9113126003907793e-07,7.073739941956467e-06,0.0,Canada,CAN,quebec,,,Linux-5.15.0-152-generic-x86_64-with-glibc2.35,3.14.2,3.1.0,4,AMD EPYC 9554 64-Core Processor,1,1 x NVIDIA RTX A5000,,,4,machine,N
Step #723,2026-02-26T21:50:52,whisper,dd7fdf3d-1b5f-439d-9ecd-dc3f9ba3ae65,0.06708923354744911,3.700645462499484e-08,5.509659080046022e-07,360.0,133.00743873234086,10.0,6.7264596000310775e-06,2.485557544673611e-06,1.867935734076718e-07,9.398810718112306e-06,0.0,Canada,CAN,quebec,,,Linux-5.15.0-152-generic-x86_64-with-glibc2.35,3.14.2,3.1.0,4,AMD EPYC 9554 64-Core Processor,1,1 x NVIDIA RTX A5000,,,4,machine,N
Step #724,2026-02-26T21:50:52,whisper,dd7fdf3d-1b5f-439d-9ecd-dc3f9ba3ae65,0.0719465110450983,3.063967830023624e-08,4.252862501943751e-07,360.0,49.634166615048805,10.0,6.675847060978041e-06,9.20556303185549e-07,1.85388750914068e-07,7.78179211507763e-06,0.0,Canada,CAN,quebec,,,Linux-5.15.0-152-generic-x86_64-with-glibc2.35,3.14.2,3.1.0,4,AMD EPYC 9554 64-Core Processor,1,1 x NVIDIA RTX A5000,,,4,machine,N
Step #725,2026-02-26T21:50:52,whisper,dd7fdf3d-1b5f-439d-9ecd-dc3f9ba3ae65,0.06773130036890507,4.014813768071746e-08,5.918948716549536e-07,360.0,159.52667750357776,10.0,6.9319982081653825e-06,3.072224671996082e-06,1.925049763586758e-07,1.0196727856520357e-05,0.0,Canada,CAN,quebec,,,Linux-5.15.0-152-generic-x86_64-with-glibc2.35,3.14.2,3.1.0,4,AMD EPYC 9554 64-Core Processor,1,1 x NVIDIA RTX A5000,,,4,machine,N
Step #726,2026-02-26T21:50:52,whisper,dd7fdf3d-1b5f-439d-9ecd-dc3f9ba3ae65,0.0728376917541027,4.0380250568120034e-08,5.537483319219952e-07,360.0,138.87577271232033,10.0,7.2550350800155636e-06,2.799168910883054e-06,2.0147534087299325e-07,1.0255679331771204e-05,0.0,Canada,CAN,quebec,,,Linux-5.15.0-152-generic-x86_64-with-glibc2.35,3.14.2,3.1.0,4,AMD EPYC 9554 64-Core Processor,1,1 x NVIDIA RTX A5000,,,4,machine,N
Step #727,2026-02-26T21:50:52,whisper,dd7fdf3d-1b5f-439d-9ecd-dc3f9ba3ae65,0.06543261185288429,3.975899983055652e-08,6.068531564977355e-07,360.0,155.49561338987243,10.0,6.917459890246058e-06,2.9883357228754903e-06,1.920999441709821e-07,1.0097895557292097e-05,0.0,Canada,CAN,quebec,,,Linux-5.15.0-152-generic-x86_64-with-glibc2.35,3.14.2,3.1.0,4,AMD EPYC 9554 64-Core Processor,1,1 x NVIDIA RTX A5000,,,4,machine,N
Step #728,2026-02-26T21:50:52,whisper,dd7fdf3d-1b5f-439d-9ecd-dc3f9ba3ae65,0.07461925595998764,3.6883271851541284e-08,4.937455777456754e-07,360.0,118.73883831344882,10.0,6.899804808199565e-06,2.27611292302754e-06,1.9160732109513258e-07,9.367525052322509e-06,0.0,Canada,CAN,quebec,,,Linux-5.15.0-152-generic-x86_64-with-glibc2.35,3.14.2,3.1.0,4,AMD EPYC 9554 64-Core Processor,1,1 x NVIDIA RTX A5000,,,4,machine,N
Step #729,2026-02-26T21:50:52,whisper,dd7fdf3d-1b5f-439d-9ecd-dc3f9ba3ae65,0.06826473772525787,2.7835028798892233e-08,4.0721915124091465e-07,360.0,0.0,10.0,6.878456659614729e-06,0.0,1.910172920260183e-07,7.069473951641127e-06,0.0,Canada,CAN,quebec,,,Linux-5.15.0-152-generic-x86_64-with-glibc2.35,3.14.2,3.1.0,4,AMD EPYC 9554 64-Core Processor,1,1 x NVIDIA RTX A5000,,,4,machine,N
Step #730,2026-02-26T21:50:52,whisper,dd7fdf3d-1b5f-439d-9ecd-dc3f9ba3ae65,0.06860178522765636,2.7840897646699055e-08,4.054496793064947e-07,360.0,0.0,10.0,6.879906356335036e-06,0.0,1.9105815121696758e-07,7.070964507551597e-06,0.0,Canada,CAN,quebec,,,Linux-5.15.0-152-generic-x86_64-with-glibc2.35,3.14.2,3.1.0,4,AMD EPYC 9554 64-Core Processor,1,1 x NVIDIA RTX A5000,,,4,machine,N
Step #731,2026-02-26T21:50:52,whisper,dd7fdf3d-1b5f-439d-9ecd-dc3f9ba3ae65,0.06608138233423233,3.5133628920956374e-08,5.306545862919163e-07,360.0,114.07595589189498,10.0,6.635821424424634e-06,2.1030572412428228e-06,1.842762654026412e-07,8.9231549310698e-06,0.0,Canada,CAN,quebec,,,Linux-5.15.0-152-generic-x86_64-with-glibc2.35,3.14.2,3.1.0,4,AMD EPYC 9554 64-Core Processor,1,1 x NVIDIA RTX A5000,,,4,machine,N
Step #732,2026-02-26T21:50:53,whisper,dd7fdf3d-1b5f-439d-9ecd-dc3f9ba3ae65,0.0743822529911995,3.792570741470761e-08,5.093852060149226e-07,360.0,95.31736523239942,10.0,7.451996579766092e-06,1.973334917693137e-06,2.0694884264634418e-07,9.632280340105166e-06,0.0,Canada,CAN,quebec,,,Linux-5.15.0-152-generic-x86_64-with-glibc2.35,3.14.2,3.1.0,4,AMD EPYC 9554 64-Core Processor,1,1 x NVIDIA RTX A5000,,,4,machine,N
Step #733,2026-02-26T21:50:53,whisper,dd7fdf3d-1b5f-439d-9ecd-dc3f9ba3ae65,0.0659546609967947,3.8520523971827736e-08,5.832212937657617e-07,360.0,157.30607992464726,10.0,6.678982079028756e-06,2.9188912122890542e-06,1.8547713342639566e-07,9.783350424744097e-06,0.0,Canada,CAN,quebec,,,Linux-5.15.0-152-generic-x86_64-with-glibc2.35,3.14.2,3.1.0,4,AMD EPYC 9554 64-Core Processor,1,1 x NVIDIA RTX A5000,,,4,machine,N
Step #734,2026-02-26T21:50:53,whisper,dd7fdf3d-1b5f-439d-9ecd-dc3f9ba3ae65,0.06559586711227894,4.105452255961551e-08,6.250116147551132e-07,360.0,200.51106009883867,10.0,6.579220108687833e-06,3.6650029358042957e-06,1.8270627285044464e-07,1.0426929317342709e-05,0.0,Canada,CAN,quebec,,,Linux-5.15.0-152-generic-x86_64-with-glibc2.35,3.14.2,3.1.0,4,AMD EPYC 9554 64-Core Processor,1,1 x NVIDIA RTX A5000,,,4,machine,N
Step #735,2026-02-26T21:50:53,whisper,dd7fdf3d-1b5f-439d-9ecd-dc3f9ba3ae65,0.07356991246342659,3.70208391541021e-08,5.026286409865151e-07,360.0,98.00225603004412,10.0,7.232447899878022e-06,1.9691682524580756e-06,2.0084791402849144e-07,9.402464066364698e-06,0.0,Canada,CAN,quebec,,,Linux-5.15.0-152-generic-x86_64-with-glibc2.35,3.14.2,3.1.0,4,AMD EPYC 9554 64-Core Processor,1,1 x NVIDIA RTX A5000,,,4,machine,N
Step #736,2026-02-26T21:50:53,whisper,dd7fdf3d-1b5f-439d-9ecd-dc3f9ba3ae65,0.06654940918087959,2.705549815435932e-08,4.059105226513975e-07,360.0,0.0,10.0,6.685825064777981e-06,0.0,1.8566556067930876e-07,6.8714906254572355e-06,0.0,Canada,CAN,quebec,,,Linux-5.15.0-152-generic-x86_64-with-glibc2.35,3.14.2,3.1.0,4,AMD EPYC 9554 64-Core Processor,1,1 x NVIDIA RTX A5000,,,4,machine,N
Step #737,2026-02-26T21:50:53,whisper,dd7fdf3d-1b5f-439d-9ecd-dc3f9ba3ae65,0.07235975749790668,2.9078417011002344e-08,4.016696029451928e-07,360.0,0.0,10.0,7.185716181993748e-06,0.0,1.9955052994190844e-07,7.3852667119359006e-06,0.0,Canada,CAN,quebec,,,Linux-5.15.0-152-generic-x86_64-with-glibc2.35,3.14.2,3.1.0,4,AMD EPYC 9554 64-Core Processor,1,1 x NVIDIA RTX A5000,,,4,machine,N
Step #738,2026-02-26T21:50:53,whisper,dd7fdf3d-1b5f-439d-9ecd-dc3f9ba3ae65,0.06645895726978779,2.7318706887532584e-08,4.1043163942805775e-07,360.0,0.0,10.0,6.750866025685871e-06,0.0,1.8747372345791192e-07,6.938339749143485e-06,0.0,Canada,CAN,quebec,,,Linux-5.15.0-152-generic-x86_64-with-glibc2.35,3.14.2,3.1.0,4,AMD EPYC 9554 64-Core Processor,1,1 x NVIDIA RTX A5000,,,4,machine,N
Step #739,2026-02-26T21:50:53,whisper,dd7fdf3d-1b5f-439d-9ecd-dc3f9ba3ae65,0.06745902635157108,3.737664060409778e-08,5.532626902866161e-07,360.0,134.72487706285364,10.0,6.770639307797366e-06,2.534168686452176e-06,1.8802167226872162e-07,9.49282966651848e-06,0.0,Canada,CAN,quebec,,,Linux-5.15.0-152-generic-x86_64-with-glibc2.35,3.14.2,3.1.0,4,AMD EPYC 9554 64-Core Processor,1,1 x NVIDIA RTX A5000,,,4,machine,N
Step #740,2026-02-26T21:50:53,whisper,dd7fdf3d-1b5f-439d-9ecd-dc3f9ba3ae65,0.07144446857273579,3.742245394674977e-08,5.231600538129336e-07,360.0,111.2396680581951,10.0,7.109801657498131e-06,2.1972239778733638e-06,1.9743959419428253e-07,9.504465229565398e-06,0.0,Canada,CAN,quebec,,,Linux-5.15.0-152-generic-x86_64-with-glibc2.35,3.14.2,3.1.0,4,AMD EPYC 9554 64-Core Processor,1,1 x NVIDIA RTX A5000,,,4,machine,N
Step #741,2026-02-26T21:50:53,whisper,dd7fdf3d-1b5f-439d-9ecd-dc3f9ba3ae65,0.06763138994574547,4.0430090864618365e-08,5.971607796607266e-07,360.0,172.12627545017358,10.0,6.818431615829464e-06,3.260558159468019e-06,1.893478756149732e-07,1.0268337650912347e-05,0.0,Canada,CAN,quebec,,,Linux-5.15.0-152-generic-x86_64-with-glibc2.35,3.14.2,3.1.0,4,AMD EPYC 9554 64-Core Processor,1,1 x NVIDIA RTX A5000,,,4,machine,N
Step #742,2026-02-26T21:50:53,whisper,dd7fdf3d-1b5f-439d-9ecd-dc3f9ba3ae65,0.06759531050920486,4.1447613262043156e-08,6.117585140530843e-07,360.0,185.29815876583888,10.0,6.824198737740567e-06,3.513058373982858e-06,1.8950844080084907e-07,1.0526765552524436e-05,0.0,Canada,CAN,quebec,,,Linux-5.15.0-152-generic-x86_64-with-glibc2.35,3.14.2,3.1.0,4,AMD EPYC 9554 64-Core Processor,1,1 x NVIDIA RTX A5000,,,4,machine,N
Step #743,2026-02-26T21:50:54,whisper,dd7fdf3d-1b5f-439d-9ecd-dc3f9ba3ae65,0.06778175383806229,4.1859764004424605e-08,6.165141155349023e-07,360.0,190.53548383680084,10.0,6.827668659389191e-06,3.6141695431979315e-06,1.896044084181384e-07,1.0631442611005668e-05,0.0,Canada,CAN,quebec,,,Linux-5.15.0-152-generic-x86_64-with-glibc2.35,3.14.2,3.1.0,4,AMD EPYC 9554 64-Core Processor,1,1 x NVIDIA RTX A5000,,,4,machine,N
Step #744,2026-02-26T21:50:54,whisper,dd7fdf3d-1b5f-439d-9ecd-dc3f9ba3ae65,0.07070804759860039,3.6045898004429563e-08,5.091025826624284e-07,360.0,98.49955583456064,10.0,7.034500315785709e-06,1.92500155549169e-06,1.953489768008335e-07,9.154850848078558e-06,0.0,Canada,CAN,quebec,,,Linux-5.15.0-152-generic-x86_64-with-glibc2.35,3.14.2,3.1.0,4,AMD EPYC 9554 64-Core Processor,1,1 x NVIDIA RTX A5000,,,4,machine,N
Step #745,2026-02-26T21:50:54,whisper,dd7fdf3d-1b5f-439d-9ecd-dc3f9ba3ae65,0.0680849626660347,2.7780856635372102e-08,4.0762444418256304e-07,360.0,0.0,10.0,6.865069828927359e-06,0.0,1.906456063605099e-07,7.055715435288004e-06,0.0,Canada,CAN,quebec,,,Linux-5.15.0-152-generic-x86_64-with-glibc2.35,3.14.2,3.1.0,4,AMD EPYC 9554 64-Core Processor,1,1 x NVIDIA RTX A5000,,,4,machine,N
Step #746,2026-02-26T21:50:54,whisper,dd7fdf3d-1b5f-439d-9ecd-dc3f9ba3ae65,0.06535542383790016,2.654046252674195e-08,4.054852486049431e-07,360.0,0.0,10.0,6.558552570641411e-06,0.0,1.82130539582825e-07,6.740683110224507e-06,0.0,Canada,CAN,quebec,,,Linux-5.15.0-152-generic-x86_64-with-glibc2.35,3.14.2,3.1.0,4,AMD EPYC 9554 64-Core Processor,1,1 x NVIDIA RTX A5000,,,4,machine,N
Step #747,2026-02-26T21:50:54,whisper,dd7fdf3d-1b5f-439d-9ecd-dc3f9ba3ae65,0.07292255572974682,3.817266747723527e-08,5.226966818216225e-07,360.0,111.28278179828219,10.0,7.251671142876302e-06,2.241946219783131e-06,2.0138530267609718e-07,9.695002665335503e-06,0.0,Canada,CAN,quebec,,,Linux-5.15.0-152-generic-x86_64-with-glibc2.35,3.14.2,3.1.0,4,AMD EPYC 9554 64-Core Processor,1,1 x NVIDIA RTX A5000,,,4,machine,N
Step #748,2026-02-26T21:50:54,whisper,dd7fdf3d-1b5f-439d-9ecd-dc3f9ba3ae65,0.0695670135319233,3.836428909434155e-08,5.512107031780962e-07,360.0,140.33947818769778,10.0,6.8730764091013904e-06,2.6797243748433175e-06,1.9086948078539476e-07,9.743670264730428e-06,0.0,Canada,CAN,quebec,,,Linux-5.15.0-152-generic-x86_64-with-glibc2.35,3.14.2,3.1.0,4,AMD EPYC 9554 64-Core Processor,1,1 x NVIDIA RTX A5000,,,4,machine,N
Step #749,2026-02-26T21:50:54,whisper,dd7fdf3d-1b5f-439d-9ecd-dc3f9ba3ae65,0.06886732764542103,3.937053526423568e-08,5.708932089013426e-07,360.0,150.99697712095536,10.0,6.9090336561206805e-06,2.8983356656908654e-06,1.9186493526731447e-07,9.999234257079131e-06,0.0,Canada,CAN,quebec,,,Linux-5.15.0-152-generic-x86_64-with-glibc2.35,3.14.2,3.1.0,4,AMD EPYC 9554 64-Core Processor,1,1 x NVIDIA RTX A5000,,,4,machine,N
Step #750,2026-02-26T21:50:54,whisper,dd7fdf3d-1b5f-439d-9ecd-dc3f9ba3ae65,0.07009042799472809,3.960577826454364e-08,5.639839337328475e-07,360.0,149.67870872574514,10.0,6.967975385486873e-06,2.8975023127486565e-06,1.9350301267372604e-07,1.0058980710909472e-05,0.0,Canada,CAN,quebec,,,Linux-5.15.0-152-generic-x86_64-with-glibc2.35,3.14.2,3.1.0,4,AMD EPYC 9554 64-Core Processor,1,1 x NVIDIA RTX A5000,,,4,machine,N
Step #751,2026-02-26T21:50:54,whisper,dd7fdf3d-1b5f-439d-9ecd-dc3f9ba3ae65,0.06858305260539055,3.970905016842681e-08,5.781972520086673e-07,360.0,144.71671096850974,10.0,7.053495757281501e-06,2.8358356018998165e-06,1.9587810254760476e-07,1.0085209461729167e-05,0.0,Canada,CAN,quebec,,,Linux-5.15.0-152-generic-x86_64-with-glibc2.35,3.14.2,3.1.0,4,AMD EPYC 9554 64-Core Processor,1,1 x NVIDIA RTX A5000,,,4,machine,N
Step #752,2026-02-26T21:50:54,whisper,dd7fdf3d-1b5f-439d-9ecd-dc3f9ba3ae65,0.0707573089748621,3.656979964954894e-08,5.159996577440789e-07,360.0,121.95873530574127,10.0,6.7963946610693354e-06,2.302779620322326e-06,1.8873585181104942e-07,9.287910133202494e-06,0.0,Canada,CAN,quebec,,,Linux-5.15.0-152-generic-x86_64-with-glibc2.35,3.14.2,3.1.0,4,AMD EPYC 9554 64-Core Processor,1,1 x NVIDIA RTX A5000,,,4,machine,N
Step #753,2026-02-26T21:50:54,whisper,dd7fdf3d-1b5f-439d-9ecd-dc3f9ba3ae65,0.07344719208776951,2.9779814841378956e-08,4.0496257415199764e-07,360.0,0.0,10.0,7.359039597212846e-06,0.0,2.0436645588941009e-07,7.563406053102094e-06,0.0,Canada,CAN,quebec,,,Linux-5.15.0-152-generic-x86_64-with-glibc2.35,3.14.2,3.1.0,4,AMD EPYC 9554 64-Core Processor,1,1 x NVIDIA RTX A5000,,,4,machine,N
Step #754,2026-02-26T21:50:55,whisper,dd7fdf3d-1b5f-439d-9ecd-dc3f9ba3ae65,0.06958860345184803,2.6686121977602276e-08,3.834321337655375e-07,360.0,0.0,10.0,6.594536826014588e-06,0.0,1.8314052269689405e-07,6.7776773487113195e-06,0.0,Canada,CAN,quebec,,,Linux-5.15.0-152-generic-x86_64-with-glibc2.35,3.14.2,3.1.0,4,AMD EPYC 9554 64-Core Processor,1,1 x NVIDIA RTX A5000,,,4,machine,N
Step #755,2026-02-26T21:50:55,whisper,dd7fdf3d-1b5f-439d-9ecd-dc3f9ba3ae65,0.0686791930347681,2.8322091116592384e-08,4.119731165266502e-07,360.0,0.0,10.0,6.998818926512787e-06,0.0,1.943579461011636e-07,7.193176872613734e-06,0.0,Canada,CAN,quebec,,,Linux-5.15.0-152-generic-x86_64-with-glibc2.35,3.14.2,3.1.0,4,AMD EPYC 9554 64-Core Processor,1,1 x NVIDIA RTX A5000,,,4,machine,N
Step #756,2026-02-26T21:50:55,whisper,dd7fdf3d-1b5f-439d-9ecd-dc3f9ba3ae65,0.07026087120175362,3.773044783340047e-08,5.361986725595744e-07,360.0,123.38384861508615,10.0,6.9918541237713044e-06,2.396668577375749e-06,1.94166078128753e-07,9.582688779275969e-06,0.0,Canada,CAN,quebec,,,Linux-5.15.0-152-generic-x86_64-with-glibc2.35,3.14.2,3.1.0,4,AMD EPYC 9554 64-Core Processor,1,1 x NVIDIA RTX A5000,,,4,machine,N
Step #757,2026-02-26T21:50:55,whisper,dd7fdf3d-1b5f-439d-9ecd-dc3f9ba3ae65,0.0690650288015604,3.7433871607112134e-08,5.414713893837086e-07,360.0,134.70452545605883,10.0,6.781269982457372e-06,2.537779820954711e-06,1.8831525618832065e-07,9.50736505960035e-06,0.0,Canada,CAN,quebec,,,Linux-5.15.0-152-generic-x86_64-with-glibc2.35,3.14.2,3.1.0,4,AMD EPYC 9554 64-Core Processor,1,1 x NVIDIA RTX A5000,,,4,machine,N
Step #758,2026-02-26T21:50:55,whisper,dd7fdf3d-1b5f-439d-9ecd-dc3f9ba3ae65,0.07262587174773216,3.888769977339118e-08,5.35068876336904e-07,360.0,143.91487324555843,10.0,6.91836867481449e-06,2.766113325947117e-06,1.9212285470632164e-07,9.876604855467604e-06,0.0,Canada,CAN,quebec,,,Linux-5.15.0-152-generic-x86_64-with-glibc2.35,3.14.2,3.1.0,4,AMD EPYC 9554 64-Core Processor,1,1 x NVIDIA RTX A5000,,,4,machine,N
Step #759,2026-02-26T21:50:55,whisper,dd7fdf3d-1b5f-439d-9ecd-dc3f9ba3ae65,0.06765351071953773,4.0378986642794956e-08,5.955841611599158e-07,360.0,167.4320671522853,10.0,6.869313307106446e-06,3.195280314116644e-06,1.9076470182173176e-07,1.025535832304466e-05,0.0,Canada,CAN,quebec,,,Linux-5.15.0-152-generic-x86_64-with-glibc2.35,3.14.2,3.1.0,4,AMD EPYC 9554 64-Core Processor,1,1 x NVIDIA RTX A5000,,,4,machine,N
Step #760,2026-02-26T21:50:55,whisper,dd7fdf3d-1b5f-439d-9ecd-dc3f9ba3ae65,0.069109708070755,4.137946482969437e-08,5.982381741847785e-07,360.0,175.64226794846883,10.0,6.933573074638724e-06,3.383336050433172e-06,1.9254825181432315e-07,1.0509457376886057e-05,0.0,Canada,CAN,quebec,,,Linux-5.15.0-152-generic-x86_64-with-glibc2.35,3.14.2,3.1.0,4,AMD EPYC 9554 64-Core Processor,1,1 x NVIDIA RTX A5000,,,4,machine,N
Step #761,2026-02-26T21:50:55,whisper,dd7fdf3d-1b5f-439d-9ecd-dc3f9ba3ae65,0.07429001107811928,3.9159967391259474e-08,5.262484833321957e-07,360.0,110.4154867000957,10.0,7.452676631510176e-06,2.286112945171226e-06,2.0696515631344974e-07,9.94575473299477e-06,0.0,Canada,CAN,quebec,,,Linux-5.15.0-152-generic-x86_64-with-glibc2.35,3.14.2,3.1.0,4,AMD EPYC 9554 64-Core Processor,1,1 x NVIDIA RTX A5000,,,4,machine,N
Step #762,2026-02-26T21:50:55,whisper,dd7fdf3d-1b5f-439d-9ecd-dc3f9ba3ae65,0.07394752837717533,3.792653528632964e-08,5.12312287156299e-07,360.0,101.48709980939182,10.0,7.354636490345019e-06,2.073612762387711e-06,2.042413482235652e-07,9.632490600956431e-06,0.0,Canada,CAN,quebec,,,Linux-5.15.0-152-generic-x86_64-with-glibc2.35,3.14.2,3.1.0,4,AMD EPYC 9554 64-Core Processor,1,1 x NVIDIA RTX A5000,,,4,machine,N
Step #763,2026-02-26T21:50:55,whisper,dd7fdf3d-1b5f-439d-9ecd-dc3f9ba3ae65,0.06777812354266644,2.7747284833539462e-08,4.086154757573488e-07,360.0,0.0,10.0,6.856776028871768e-06,0.0,1.9041292058925136e-07,7.047188949460721e-06,0.0,Canada,CAN,quebec,,,Linux-5.15.0-152-generic-x86_64-with-glibc2.35,3.14.2,3.1.0,4,AMD EPYC 9554 64-Core Processor,1,1 x NVIDIA RTX A5000,,,4,machine,N
Step #764,2026-02-26T21:50:55,whisper,dd7fdf3d-1b5f-439d-9ecd-dc3f9ba3ae65,0.0676457118242979,2.7486587572424757e-08,4.057705288336946e-07,360.0,0.0,10.0,6.792352534830577e-06,0.0,1.8862514860099565e-07,6.98097768343179e-06,0.0,Canada,CAN,quebec,,,Linux-5.15.0-152-generic-x86_64-with-glibc2.35,3.14.2,3.1.0,4,AMD EPYC 9554 64-Core Processor,1,1 x NVIDIA RTX A5000,,,4,machine,N
Step #765,2026-02-26T21:50:55,whisper,dd7fdf3d-1b5f-439d-9ecd-dc3f9ba3ae65,0.06697480008006096,2.8533990125924655e-08,4.2432724193510197e-07,360.0,0.0,10.0,7.051178626715955e-06,0.0,1.9581584880749153e-07,7.246994475523447e-06,0.0,Canada,CAN,quebec,,,Linux-5.15.0-152-generic-x86_64-with-glibc2.35,3.14.2,3.1.0,4,AMD EPYC 9554 64-Core Processor,1,1 x NVIDIA RTX A5000,,,4,machine,N
Step #766,2026-02-26T21:50:56,whisper,dd7fdf3d-1b5f-439d-9ecd-dc3f9ba3ae65,0.06766158156096935,3.668306538479339e-08,5.419843968302712e-07,360.0,138.76496750516404,10.0,6.592218764126315e-06,2.541390941246391e-06,1.8306738800471698e-07,9.316677093377558e-06,0.0,Canada,CAN,quebec,,,Linux-5.15.0-152-generic-x86_64-with-glibc2.35,3.14.2,3.1.0,4,AMD EPYC 9554 64-Core Processor,1,1 x NVIDIA RTX A5000,,,4,machine,N
Step #767,2026-02-26T21:50:56,whisper,dd7fdf3d-1b5f-439d-9ecd-dc3f9ba3ae65,0.07913784123957157,4.439923054532565e-08,5.603495425027226e-07,360.0,141.68840082730577,10.0,7.93331135064395e-06,3.1227802708144736e-06,2.203186197827331e-07,1.127641024124132e-05,0.0,Canada,CAN,quebec,,,Linux-5.15.0-152-generic-x86_64-with-glibc2.35,3.14.2,3.1.0,4,AMD EPYC 9554 64-Core Processor,1,1 x NVIDIA RTX A5000,,,4,machine,N
Step #768,2026-02-26T21:50:56,whisper,dd7fdf3d-1b5f-439d-9ecd-dc3f9ba3ae65,0.07170685939490795,3.8052168114400934e-08,5.292205176738731e-07,360.0,116.93514932932243,10.0,7.144868932664264e-06,2.32111295872528e-06,1.9841663435928307e-07,9.664398525749233e-06,0.0,Canada,CAN,quebec,,,Linux-5.15.0-152-generic-x86_64-with-glibc2.35,3.14.2,3.1.0,4,AMD EPYC 9554 64-Core Processor,1,1 x NVIDIA RTX A5000,,,4,machine,N
Step #769,2026-02-26T21:50:56,whisper,dd7fdf3d-1b5f-439d-9ecd-dc3f9ba3ae65,0.06779525987803936,4.0886984261493585e-08,6.022555984610228e-07,360.0,158.54727499652182,10.0,7.0726836100222165e-06,3.1152802648648503e-06,1.9641446674035687e-07,1.038437834162756e-05,0.0,Canada,CAN,quebec,,,Linux-5.15.0-152-generic-x86_64-with-glibc2.35,3.14.2,3.1.0,4,AMD EPYC 9554 64-Core Processor,1,1 x NVIDIA RTX A5000,,,4,machine,N
Step #770,2026-02-26T21:50:56,whisper,dd7fdf3d-1b5f-439d-9ecd-dc3f9ba3ae65,0.07253215089440346,4.112330485988853e-08,5.662146500849476e-07,360.0,150.21076502431956,10.0,7.227572798728862e-06,3.016113524267894e-06,2.007121582412103e-07,1.0444398481237668e-05,0.0,Canada,CAN,quebec,,,Linux-5.15.0-152-generic-x86_64-with-glibc2.35,3.14.2,3.1.0,4,AMD EPYC 9554 64-Core Processor,1,1 x NVIDIA RTX A5000,,,4,machine,N
Step #771,2026-02-26T21:50:56,whisper,dd7fdf3d-1b5f-439d-9ecd-dc3f9ba3ae65,0.07004787027835846,3.874048611897748e-08,5.520501647345448e-07,360.0,130.23835026186364,10.0,7.080635242164013e-06,2.5619465020554344e-06,1.9663413986564164e-07,9.839215884085116e-06,0.0,Canada,CAN,quebec,,,Linux-5.15.0-152-generic-x86_64-with-glibc2.35,3.14.2,3.1.0,4,AMD EPYC 9554 64-Core Processor,1,1 x NVIDIA RTX A5000,,,4,machine,N
Step #772,2026-02-26T21:50:56,whisper,dd7fdf3d-1b5f-439d-9ecd-dc3f9ba3ae65,0.06723347678780556,3.9629030005211867e-08,5.88229584270834e-07,360.0,138.94489354696182,10.0,7.11912531405675e-06,2.7480577529104266e-06,1.9770306535066002e-07,1.006488613231743e-05,0.0,Canada,CAN,quebec,,,Linux-5.15.0-152-generic-x86_64-with-glibc2.35,3.14.2,3.1.0,4,AMD EPYC 9554 64-Core Processor,1,1 x NVIDIA RTX A5000,,,4,machine,N
Step #773,2026-02-26T21:50:56,whisper,dd7fdf3d-1b5f-439d-9ecd-dc3f9ba3ae65,0.06647235713899136,2.6780051044620907e-08,4.026027015754094e-07,360.0,0.0,10.0,6.617757491767656e-06,0.0,1.83775736432943e-07,6.801533228200166e-06,0.0,Canada,CAN,quebec,,,Linux-5.15.0-152-generic-x86_64-with-glibc2.35,3.14.2,3.1.0,4,AMD EPYC 9554 64-Core Processor,1,1 x NVIDIA RTX A5000,,,4,machine,N
Step #774,2026-02-26T21:50:56,whisper,dd7fdf3d-1b5f-439d-9ecd-dc3f9ba3ae65,0.06698858179152012,2.7196266936068114e-08,4.0540420579054096e-07,360.0,0.0,10.0,6.720611639320778e-06,0.0,1.866311041845111e-07,6.907242743505425e-06,0.0,Canada,CAN,quebec,,,Linux-5.15.0-152-generic-x86_64-with-glibc2.35,3.14.2,3.1.0,4,AMD EPYC 9554 64-Core Processor,1,1 x NVIDIA RTX A5000,,,4,machine,N
Step #775,2026-02-26T21:50:56,whisper,dd7fdf3d-1b5f-439d-9ecd-dc3f9ba3ae65,0.0720775555819273,3.3162962971575654e-08,4.594348733855005e-07,360.0,49.36972044244819,10.0,7.230196706950638e-06,9.91667462812984e-07,2.007857430726351e-07,8.422649912836339e-06,0.0,Canada,CAN,quebec,,,Linux-5.15.0-152-generic-x86_64-with-glibc2.35,3.14.2,3.1.0,4,AMD EPYC 9554 64-Core Processor,1,1 x NVIDIA RTX A5000,,,4,machine,N
Step #776,2026-02-26T21:50:56,whisper,dd7fdf3d-1b5f-439d-9ecd-dc3f9ba3ae65,0.06773073226213455,3.67291257468337e-08,5.410895181659858e-07,360.0,123.28442064953953,10.0,6.807658635079802e-06,2.331668525812347e-06,1.8904823292462017e-07,9.328375393817014e-06,0.0,Canada,CAN,quebec,,,Linux-5.15.0-152-generic-x86_64-with-glibc2.35,3.14.2,3.1.0,4,AMD EPYC 9554 64-Core Processor,1,1 x NVIDIA RTX A5000,,,4,machine,N
Step #777,2026-02-26T21:50:57,whisper,dd7fdf3d-1b5f-439d-9ecd-dc3f9ba3ae65,0.07243207842111588,4.1853362433893885e-08,5.76725985991682e-07,360.0,156.42182150361737,10.0,7.26905241608608e-06,3.1588914168878546e-06,2.018729224801156e-07,1.0629816755453915e-05,0.0,Canada,CAN,quebec,,,Linux-5.15.0-152-generic-x86_64-with-glibc2.35,3.14.2,3.1.0,4,AMD EPYC 9554 64-Core Processor,1,1 x NVIDIA RTX A5000,,,4,machine,N
Step #778,2026-02-26T21:50:57,whisper,dd7fdf3d-1b5f-439d-9ecd-dc3f9ba3ae65,0.06707537174224854,3.783281386887221e-08,5.634476510816934e-07,360.0,144.08268467280965,10.0,6.7284995689991314e-06,2.693335488856974e-06,1.8685240195029503e-07,9.608687459806455e-06,0.0,Canada,CAN,quebec,,,Linux-5.15.0-152-generic-x86_64-with-glibc2.35,3.14.2,3.1.0,4,AMD EPYC 9554 64-Core Processor,1,1 x NVIDIA RTX A5000,,,4,machine,N
Step #779,2026-02-26T21:50:57,whisper,dd7fdf3d-1b5f-439d-9ecd-dc3f9ba3ae65,0.07021706365048885,3.9933243415669374e-08,5.675616561675663e-07,360.0,152.48598036926683,10.0,6.987814791500728e-06,2.9602801561168235e-06,1.940545781204978e-07,1.0142149525738456e-05,0.0,Canada,CAN,quebec,,,Linux-5.15.0-152-generic-x86_64-with-glibc2.35,3.14.2,3.1.0,4,AMD EPYC 9554 64-Core Processor,1,1 x NVIDIA RTX A5000,,,4,machine,N
Step #780,2026-02-26T21:50:57,whisper,dd7fdf3d-1b5f-439d-9ecd-dc3f9ba3ae65,0.06738919578492641,3.7130045605723074e-08,5.50565361201395e-07,360.0,129.6097649275421,10.0,6.794837675988541e-06,2.4466686170399043e-06,1.8869376637868814e-07,9.430200059406917e-06,0.0,Canada,CAN,quebec,,,Linux-5.15.0-152-generic-x86_64-with-glibc2.35,3.14.2,3.1.0,4,AMD EPYC 9554 64-Core Processor,1,1 x NVIDIA RTX A5000,,,4,machine,N
Step #781,2026-02-26T21:50:57,whisper,dd7fdf3d-1b5f-439d-9ecd-dc3f9ba3ae65,0.07390155643224716,3.8354368626441836e-08,5.178727324405584e-07,360.0,102.82230999085027,10.0,7.416573911905519e-06,2.1186128122963055e-06,2.0596396384969014e-07,9.74115068805119e-06,0.0,Canada,CAN,quebec,,,Linux-5.15.0-152-generic-x86_64-with-glibc2.35,3.14.2,3.1.0,4,AMD EPYC 9554 64-Core Processor,1,1 x NVIDIA RTX A5000,,,4,machine,N
Step #782,2026-02-26T21:50:57,whisper,dd7fdf3d-1b5f-439d-9ecd-dc3f9ba3ae65,0.06864182092249393,3.616835427481724e-08,5.260964447439735e-07,360.0,110.33418961630792,10.0,6.884489394723935e-06,2.1102794534044733e-06,1.9118315022851598e-07,9.185951998357846e-06,0.0,Canada,CAN,quebec,,,Linux-5.15.0-152-generic-x86_64-with-glibc2.35,3.14.2,3.1.0,4,AMD EPYC 9554 64-Core Processor,1,1 x NVIDIA RTX A5000,,,4,machine,N
Step #783,2026-02-26T21:50:57,whisper,dd7fdf3d-1b5f-439d-9ecd-dc3f9ba3ae65,0.07113589160144329,2.8650899851826426e-08,4.022282758394819e-07,360.0,0.0,10.0,7.0800717920068215e-06,0.0,1.9661513571110904e-07,7.276686927718337e-06,0.0,Canada,CAN,quebec,,,Linux-5.15.0-152-generic-x86_64-with-glibc2.35,3.14.2,3.1.0,4,AMD EPYC 9554 64-Core Processor,1,1 x NVIDIA RTX A5000,,,4,machine,N
Step #784,2026-02-26T21:50:57,whisper,dd7fdf3d-1b5f-439d-9ecd-dc3f9ba3ae65,0.06522617116570473,2.6486570823592865e-08,4.0528556032425685e-07,360.0,0.0,10.0,6.545234099030253e-06,0.0,1.817617254952649e-07,6.726995824525572e-06,0.0,Canada,CAN,quebec,,,Linux-5.15.0-152-generic-x86_64-with-glibc2.35,3.14.2,3.1.0,4,AMD EPYC 9554 64-Core Processor,1,1 x NVIDIA RTX A5000,,,4,machine,N
Step #785,2026-02-26T21:50:57,whisper,dd7fdf3d-1b5f-439d-9ecd-dc3f9ba3ae65,0.07094153016805649,3.284241606185082e-08,4.6301289006067304e-07,360.0,56.03368024106932,10.0,7.0482805371282e-06,1.0972231052619463e-06,1.9573453399870976e-07,8.341238176388585e-06,0.0,Canada,CAN,quebec,,,Linux-5.15.0-152-generic-x86_64-with-glibc2.35,3.14.2,3.1.0,4,AMD EPYC 9554 64-Core Processor,1,1 x NVIDIA RTX A5000,,,4,machine,N
Step #786,2026-02-26T21:50:57,whisper,dd7fdf3d-1b5f-439d-9ecd-dc3f9ba3ae65,0.06774180196225643,3.755132428923412e-08,5.535357342920696e-07,360.0,132.59443929454673,10.0,6.831103004515185e-06,2.5163909072034585e-06,1.8970149879654575e-07,9.53719541051546e-06,0.0,Canada,CAN,quebec,,,Linux-5.15.0-152-generic-x86_64-with-glibc2.35,3.14.2,3.1.0,4,AMD EPYC 9554 64-Core Processor,1,1 x NVIDIA RTX A5000,,,4,machine,N
Step #787,2026-02-26T21:50:57,whisper,dd7fdf3d-1b5f-439d-9ecd-dc3f9ba3ae65,0.0684514194726944,3.982396376587345e-08,5.808013421586103e-07,360.0,159.88631981853763,10.0,6.871352344751773e-06,3.0522246703412748e-06,1.9081792690687832e-07,1.0114394941999547e-05,0.0,Canada,CAN,quebec,,,Linux-5.15.0-152-generic-x86_64-with-glibc2.35,3.14.2,3.1.0,4,AMD EPYC 9554 64-Core Processor,1,1 x NVIDIA RTX A5000,,,4,machine,N
Step #788,2026-02-26T21:50:58,whisper,dd7fdf3d-1b5f-439d-9ecd-dc3f9ba3ae65,0.0689685270190239,3.8968241038322586e-08,5.644374450653334e-07,360.0,149.4297948142746,10.0,6.85908216983052e-06,2.8475022730845012e-06,1.9047609012986751e-07,9.897060533044753e-06,0.0,Canada,CAN,quebec,,,Linux-5.15.0-152-generic-x86_64-with-glibc2.35,3.14.2,3.1.0,4,AMD EPYC 9554 64-Core Processor,1,1 x NVIDIA RTX A5000,,,4,machine,N
Step #789,2026-02-26T21:50:58,whisper,dd7fdf3d-1b5f-439d-9ecd-dc3f9ba3ae65,0.06821619719266891,3.9282267827086946e-08,5.747904937447603e-07,360.0,151.558137577169,10.0,6.886138394474918e-06,2.899446755577628e-06,1.9123115473323841e-07,9.976816304786001e-06,0.0,Canada,CAN,quebec,,,Linux-5.15.0-152-generic-x86_64-with-glibc2.35,3.14.2,3.1.0,4,AMD EPYC 9554 64-Core Processor,1,1 x NVIDIA RTX A5000,,,4,machine,N
Step #790,2026-02-26T21:50:58,whisper,dd7fdf3d-1b5f-439d-9ecd-dc3f9ba3ae65,0.06546134315431118,2.6552144851442526e-08,4.051931829650468e-07,360.0,0.0,10.0,6.561442837118951e-06,0.0,1.8220732195508758e-07,6.743650159074174e-06,0.0,Canada,CAN,quebec,,,Linux-5.15.0-152-generic-x86_64-with-glibc2.35,3.14.2,3.1.0,4,AMD EPYC 9554 64-Core Processor,1,1 x NVIDIA RTX A5000,,,4,machine,N
Step #791,2026-02-26T21:50:58,whisper,dd7fdf3d-1b5f-439d-9ecd-dc3f9ba3ae65,0.07070999778807163,2.847674528439433e-08,4.02124400361075e-07,360.0,0.0,10.0,7.037034444511148e-06,0.0,1.9542112325628288e-07,7.232455567767783e-06,0.0,Canada,CAN,quebec,,,Linux-5.15.0-152-generic-x86_64-with-glibc2.35,3.14.2,3.1.0,4,AMD EPYC 9554 64-Core Processor,1,1 x NVIDIA RTX A5000,,,4,machine,N
Step #792,2026-02-26T21:50:58,whisper,dd7fdf3d-1b5f-439d-9ecd-dc3f9ba3ae65,0.06570443697273731,2.668168061138894e-08,4.0530173710670673e-07,360.0,0.0,10.0,6.593450903892399e-06,0.0,1.8309843726455988e-07,6.776549341156769e-06,0.0,Canada,CAN,quebec,,,Linux-5.15.0-152-generic-x86_64-with-glibc2.35,3.14.2,3.1.0,4,AMD EPYC 9554 64-Core Processor,1,1 x NVIDIA RTX A5000,,,4,machine,N
Step #793,2026-02-26T21:50:58,whisper,dd7fdf3d-1b5f-439d-9ecd-dc3f9ba3ae65,0.07247968949377537,3.802525507387919e-08,5.234249626884134e-07,360.0,107.62311568791226,10.0,7.279029116034896e-06,2.1763906232763475e-06,2.021434768620465e-07,9.657563216173073e-06,0.0,Canada,CAN,quebec,,,Linux-5.15.0-152-generic-x86_64-with-glibc2.35,3.14.2,3.1.0,4,AMD EPYC 9554 64-Core Processor,1,1 x NVIDIA RTX A5000,,,4,machine,N
Step #794,2026-02-26T21:50:58,whisper,dd7fdf3d-1b5f-439d-9ecd-dc3f9ba3ae65,0.06856827065348625,3.669201409890131e-08,5.345402332577527e-07,360.0,114.23134148575507,10.0,6.927946209907623e-06,2.198612875758954e-06,1.9239078068899107e-07,9.318949866355189e-06,0.0,Canada,CAN,quebec,,,Linux-5.15.0-152-generic-x86_64-with-glibc2.35,3.14.2,3.1.0,4,AMD EPYC 9554 64-Core Processor,1,1 x NVIDIA RTX A5000,,,4,machine,N
Step #795,2026-02-26T21:50:58,whisper,dd7fdf3d-1b5f-439d-9ecd-dc3f9ba3ae65,0.07528512552380562,3.953410766221243e-08,5.24571131912512e-07,360.0,123.85018997018553,10.0,7.319182902574585e-06,2.5183353358215754e-06,2.0325974457794911e-07,1.0040777982974272e-05,0.0,Canada,CAN,quebec,,,Linux-5.15.0-152-generic-x86_64-with-glibc2.35,3.14.2,3.1.0,4,AMD EPYC 9554 64-Core Processor,1,1 x NVIDIA RTX A5000,,,4,machine,N
Step #796,2026-02-26T21:50:58,whisper,dd7fdf3d-1b5f-439d-9ecd-dc3f9ba3ae65,0.06553761474788189,3.623891897027169e-08,5.517881044088678e-07,360.0,133.65924943461224,10.0,6.578411720693268e-06,2.4427797455928157e-06,1.8268238442638242e-07,9.20387385071244e-06,0.0,Canada,CAN,quebec,,,Linux-5.15.0-152-generic-x86_64-with-glibc2.35,3.14.2,3.1.0,4,AMD EPYC 9554 64-Core Processor,1,1 x NVIDIA RTX A5000,,,4,machine,N
Step #797,2026-02-26T21:50:58,whisper,dd7fdf3d-1b5f-439d-9ecd-dc3f9ba3ae65,0.07161588780581951,4.2325032516351034e-08,5.886056365362836e-07,360.0,167.38443657487085,10.0,7.201011478901245e-06,3.348613788034527e-06,1.9998512644733867e-07,1.0749610393383409e-05,0.0,Canada,CAN,quebec,,,Linux-5.15.0-152-generic-x86_64-with-glibc2.35,3.14.2,3.1.0,4,AMD EPYC 9554 64-Core Processor,1,1 x NVIDIA RTX A5000,,,4,machine,N
Step #798,2026-02-26T21:50:58,whisper,dd7fdf3d-1b5f-439d-9ecd-dc3f9ba3ae65,0.06680677831172943,4.230130157904777e-08,6.320477839243231e-07,360.0,207.58818573104654,10.0,6.695967167616099e-06,3.8616697395355e-06,1.8594635960955913e-07,1.0743583266760968e-05,0.0,Canada,CAN,quebec,,,Linux-5.15.0-152-generic-x86_64-with-glibc2.35,3.14.2,3.1.0,4,AMD EPYC 9554 64-Core Processor,1,1 x NVIDIA RTX A5000,,,4,machine,N
Step #799,2026-02-26T21:50:59,whisper,dd7fdf3d-1b5f-439d-9ecd-dc3f9ba3ae65,0.07145947962999344,3.4406328978168175e-08,4.809684094245107e-07,360.0,72.60397029860114,10.0,7.1074470877645e-06,1.4336122688973774e-06,1.97377676765118e-07,8.73843703342713e-06,0.0,Canada,CAN,quebec,,,Linux-5.15.0-152-generic-x86_64-with-glibc2.35,3.14.2,3.1.0,4,AMD EPYC 9554 64-Core Processor,1,1 x NVIDIA RTX A5000,,,4,machine,N
Step #800,2026-02-26T21:50:59,whisper,dd7fdf3d-1b5f-439d-9ecd-dc3f9ba3ae65,0.06812211498618126,2.7775646513961735e-08,4.071058474877135e-07,360.0,0.0,10.0,6.863782368600642e-06,0.0,1.906098125295573e-07,7.054392181129847e-06,0.0,Canada,CAN,quebec,,,Linux-5.15.0-152-generic-x86_64-with-glibc2.35,3.14.2,3.1.0,4,AMD EPYC 9554 64-Core Processor,1,1 x NVIDIA RTX A5000,,,4,machine,N
Step #801,2026-02-26T21:50:59,whisper,dd7fdf3d-1b5f-439d-9ecd-dc3f9ba3ae65,0.06640058383345604,2.6947282700153093e-08,4.0536373048280206e-07,360.0,0.0,10.0,6.659084744751152e-06,0.0,1.849215788145872e-07,6.844006323565577e-06,0.0,Canada,CAN,quebec,,,Linux-5.15.0-152-generic-x86_64-with-glibc2.35,3.14.2,3.1.0,4,AMD EPYC 9554 64-Core Processor,1,1 x NVIDIA RTX A5000,,,4,machine,N
Step #802,2026-02-26T21:50:59,whisper,dd7fdf3d-1b5f-439d-9ecd-dc3f9ba3ae65,0.06818985752761364,3.659086739597669e-08,5.361140025532373e-07,360.0,123.45380988610106,10.0,6.779707968235411e-06,2.3252796523820507e-06,1.8827324836618664e-07,9.293260868984028e-06,0.0,Canada,CAN,quebec,,,Linux-5.15.0-152-generic-x86_64-with-glibc2.35,3.14.2,3.1.0,4,AMD EPYC 9554 64-Core Processor,1,1 x NVIDIA RTX A5000,,,4,machine,N
Step #803,2026-02-26T21:50:59,whisper,dd7fdf3d-1b5f-439d-9ecd-dc3f9ba3ae65,0.069081487134099,3.742357585769066e-08,5.408072696319478e-07,360.0,121.03294214295539,10.0,6.968184374273219e-06,2.3430574174199137e-06,1.935083781265455e-07,9.504750169819949e-06,0.0,Canada,CAN,quebec,,,Linux-5.15.0-152-generic-x86_64-with-glibc2.35,3.14.2,3.1.0,4,AMD EPYC 9554 64-Core Processor,1,1 x NVIDIA RTX A5000,,,4,machine,N
Step #804,2026-02-26T21:50:59,whisper,dd7fdf3d-1b5f-439d-9ecd-dc3f9ba3ae65,0.07341648079454899,3.980124278418149e-08,5.41186272518484e-07,360.0,129.37465585938708,10.0,7.287089154124106e-06,2.619168768092095e-06,2.023663992683025e-07,1.010862432148426e-05,0.0,Canada,CAN,quebec,,,Linux-5.15.0-152-generic-x86_64-with-glibc2.35,3.14.2,3.1.0,4,AMD EPYC 9554 64-Core Processor,1,1 x NVIDIA RTX A5000,,,4,machine,N
Step #805,2026-02-26T21:50:59,whisper,dd7fdf3d-1b5f-439d-9ecd-dc3f9ba3ae65,0.0671917051076889,3.6232310437933255e-08,5.38203120240446e-07,360.0,121.94876872759103,10.0,6.733805872499894e-06,2.2813907065710737e-06,1.8699885242514334e-07,9.202195431496328e-06,0.0,Canada,CAN,quebec,,,Linux-5.15.0-152-generic-x86_64-with-glibc2.35,3.14.2,3.1.0,4,AMD EPYC 9554 64-Core Processor,1,1 x NVIDIA RTX A5000,,,4,machine,N
Step #806,2026-02-26T21:50:59,whisper,dd7fdf3d-1b5f-439d-9ecd-dc3f9ba3ae65,0.07481222040951252,4.247682822238112e-08,5.670299076042753e-07,360.0,147.71046441864559,10.0,7.5015051290393264e-06,3.0783358084818246e-06,2.083221657408574e-07,1.078816310326209e-05,0.0,Canada,CAN,quebec,,,Linux-5.15.0-152-generic-x86_64-with-glibc2.35,3.14.2,3.1.0,4,AMD EPYC 9554 64-Core Processor,1,1 x NVIDIA RTX A5000,,,4,machine,N
Step #807,2026-02-26T21:50:59,whisper,dd7fdf3d-1b5f-439d-9ecd-dc3f9ba3ae65,0.06619581207633018,4.147201211044299e-08,6.254366330738473e-07,360.0,198.91109156799564,10.0,6.664820760488195e-06,3.683058508840986e-06,1.850830442789585e-07,1.0532962313607869e-05,0.0,Canada,CAN,quebec,,,Linux-5.15.0-152-generic-x86_64-with-glibc2.35,3.14.2,3.1.0,4,AMD EPYC 9554 64-Core Processor,1,1 x NVIDIA RTX A5000,,,4,machine,N
Step #808,2026-02-26T21:50:59,whisper,dd7fdf3d-1b5f-439d-9ecd-dc3f9ba3ae65,0.06588896736502647,3.365501696943733e-08,5.100575821540619e-07,360.0,95.80975497048793,10.0,6.6058401018377275e-06,1.7583347329264143e-06,1.8344577401875335e-07,8.547620608782489e-06,0.0,Canada,CAN,quebec,,,Linux-5.15.0-152-generic-x86_64-with-glibc2.35,3.14.2,3.1.0,4,AMD EPYC 9554 64-Core Processor,1,1 x NVIDIA RTX A5000,,,4,machine,N
Step #809,2026-02-26T21:50:59,whisper,dd7fdf3d-1b5f-439d-9ecd-dc3f9ba3ae65,0.06747160851955414,2.8667993022577323e-08,4.2439953162057393e-07,360.0,0.0,10.0,7.084291987121197e-06,0.0,1.96736223167848e-07,7.281028210288747e-06,0.0,Canada,CAN,quebec,,,Linux-5.15.0-152-generic-x86_64-with-glibc2.35,3.14.2,3.1.0,4,AMD EPYC 9554 64-Core Processor,1,1 x NVIDIA RTX A5000,,,4,machine,N
Step #810,2026-02-26T21:50:59,whisper,dd7fdf3d-1b5f-439d-9ecd-dc3f9ba3ae65,0.06843852065503597,2.779293535711615e-08,4.0527407972290625e-07,360.0,0.0,10.0,6.868055649101798e-06,0.0,1.907275110069322e-07,7.058783160108703e-06,0.0,Canada,CAN,quebec,,,Linux-5.15.0-152-generic-x86_64-with-glibc2.35,3.14.2,3.1.0,4,AMD EPYC 9554 64-Core Processor,1,1 x NVIDIA RTX A5000,,,4,machine,N
Step #811,2026-02-26T21:51:00,whisper,dd7fdf3d-1b5f-439d-9ecd-dc3f9ba3ae65,0.07023452036082745,3.8237894066677945e-08,5.437714886730135e-07,360.0,129.88389865595616,10.0,6.993737071752867e-06,2.5236131335759637e-06,1.9421855298180197e-07,9.711568758310335e-06,0.0,Canada,CAN,quebec,,,Linux-5.15.0-152-generic-x86_64-with-glibc2.35,3.14.2,3.1.0,4,AMD EPYC 9554 64-Core Processor,1,1 x NVIDIA RTX A5000,,,4,machine,N
Step #812,2026-02-26T21:51:00,whisper,dd7fdf3d-1b5f-439d-9ecd-dc3f9ba3ae65,0.06573768705129623,3.4987530176641056e-08,5.311510509173546e-07,360.0,115.65441108578798,10.0,6.586745008826597e-06,2.1163905898902158e-06,1.8291352316736906e-07,8.886049121884128e-06,0.0,Canada,CAN,quebec,,,Linux-5.15.0-152-generic-x86_64-with-glibc2.35,3.14.2,3.1.0,4,AMD EPYC 9554 64-Core Processor,1,1 x NVIDIA RTX A5000,,,4,machine,N
Step #813,2026-02-26T21:51:00,whisper,dd7fdf3d-1b5f-439d-9ecd-dc3f9ba3ae65,0.06967676803469658,3.670341938943845e-08,5.260303559752597e-07,360.0,114.75153372850717,10.0,6.922657042741746e-06,2.2069462062290768e-06,1.9224330575928913e-07,9.321846554730465e-06,0.0,Canada,CAN,quebec,,,Linux-5.15.0-152-generic-x86_64-with-glibc2.35,3.14.2,3.1.0,4,AMD EPYC 9554 64-Core Processor,1,1 x NVIDIA RTX A5000,,,4,machine,N
Step #814,2026-02-26T21:51:00,whisper,dd7fdf3d-1b5f-439d-9ecd-dc3f9ba3ae65,0.06614555232226849,3.8903190352744e-08,5.868360774020216e-07,360.0,161.94337019994717,10.0,6.686542183160886e-06,3.0083357387411525e-06,1.85661193811222e-07,9.880539115713315e-06,0.0,Canada,CAN,quebec,,,Linux-5.15.0-152-generic-x86_64-with-glibc2.35,3.14.2,3.1.0,4,AMD EPYC 9554 64-Core Processor,1,1 x NVIDIA RTX A5000,,,4,machine,N
Step #815,2026-02-26T21:51:00,whisper,dd7fdf3d-1b5f-439d-9ecd-dc3f9ba3ae65,0.07106684148311615,4.0422642682844335e-08,5.677446909558035e-07,360.0,168.56384870145962,10.0,6.86226915568109e-06,3.2136136809413074e-06,1.9056314292054339e-07,1.026644597954332e-05,0.0,Canada,CAN,quebec,,,Linux-5.15.0-152-generic-x86_64-with-glibc2.35,3.14.2,3.1.0,4,AMD EPYC 9554 64-Core Processor,1,1 x NVIDIA RTX A5000,,,4,machine,N
Step #816,2026-02-26T21:51:00,whisper,dd7fdf3d-1b5f-439d-9ecd-dc3f9ba3ae65,0.07228809781372547,3.886957025414642e-08,5.371516968046556e-07,360.0,120.42990767781518,10.0,7.246322929858884e-06,2.4244463787681525e-06,2.012310549616696e-07,9.872000363588679e-06,0.0,Canada,CAN,quebec,,,Linux-5.15.0-152-generic-x86_64-with-glibc2.35,3.14.2,3.1.0,4,AMD EPYC 9554 64-Core Processor,1,1 x NVIDIA RTX A5000,,,4,machine,N
Step #817,2026-02-26T21:51:00,whisper,dd7fdf3d-1b5f-439d-9ecd-dc3f9ba3ae65,0.06564474664628506,2.664518181122482e-08,4.053275412266912e-07,360.0,0.0,10.0,6.58443104475763e-06,0.0,1.8284841854539885e-07,6.7672794633027306e-06,0.0,Canada,CAN,quebec,,,Linux-5.15.0-152-generic-x86_64-with-glibc2.35,3.14.2,3.1.0,4,AMD EPYC 9554 64-Core Processor,1,1 x NVIDIA RTX A5000,,,4,machine,N
Step #818,2026-02-26T21:51:00,whisper,dd7fdf3d-1b5f-439d-9ecd-dc3f9ba3ae65,0.06776628457009792,2.7538098896890236e-08,4.057067045074323e-07,360.0,0.0,10.0,6.805083528161303e-06,0.0,1.889768780933426e-07,6.9940604062544015e-06,0.0,Canada,CAN,quebec,,,Linux-5.15.0-152-generic-x86_64-with-glibc2.35,3.14.2,3.1.0,4,AMD EPYC 9554 64-Core Processor,1,1 x NVIDIA RTX A5000,,,4,machine,N
Step #819,2026-02-26T21:51:00,whisper,dd7fdf3d-1b5f-439d-9ecd-dc3f9ba3ae65,0.06944693066179752,3.721356008107407e-08,5.350242425250875e-07,360.0,122.88524258579393,10.0,6.903043761849123e-06,2.3566685598552795e-06,1.9169854414131222e-07,9.451410865845417e-06,0.0,Canada,CAN,quebec,,,Linux-5.15.0-152-generic-x86_64-with-glibc2.35,3.14.2,3.1.0,4,AMD EPYC 9554 64-Core Processor,1,1 x NVIDIA RTX A5000,,,4,machine,N
Step #820,2026-02-26T21:51:00,whisper,dd7fdf3d-1b5f-439d-9ecd-dc3f9ba3ae65,0.06563163548707962,3.599972798831605e-08,5.47184862017976e-07,360.0,126.0920734485752,10.0,6.6347096115354845e-06,2.3241685198627238e-06,1.8424656656054143e-07,9.143124697959075e-06,0.0,Canada,CAN,quebec,,,Linux-5.15.0-152-generic-x86_64-with-glibc2.35,3.14.2,3.1.0,4,AMD EPYC 9554 64-Core Processor,1,1 x NVIDIA RTX A5000,,,4,machine,N
Step #821,2026-02-26T21:51:00,whisper,dd7fdf3d-1b5f-439d-9ecd-dc3f9ba3ae65,0.06622644327580929,3.957036801887834e-08,5.966371274190286e-07,360.0,174.69660972670772,10.0,6.6419273614887545e-06,3.223613703084993e-06,1.844462369465067e-07,1.0049987301519875e-05,0.0,Canada,CAN,quebec,,,Linux-5.15.0-152-generic-x86_64-with-glibc2.35,3.14.2,3.1.0,4,AMD EPYC 9554 64-Core Processor,1,1 x NVIDIA RTX A5000,,,4,machine,N
Step #822,2026-02-26T21:51:01,whisper,dd7fdf3d-1b5f-439d-9ecd-dc3f9ba3ae65,0.06787069328129292,4.117466176532477e-08,6.062804693774082e-07,360.0,155.3577576065406,10.0,7.165667042135886e-06,3.0927802470159804e-06,1.9899469593334142e-07,1.045744198508499e-05,0.0,Canada,CAN,quebec,,,Linux-5.15.0-152-generic-x86_64-with-glibc2.35,3.14.2,3.1.0,4,AMD EPYC 9554 64-Core Processor,1,1 x NVIDIA RTX A5000,,,4,machine,N
Step #823,2026-02-26T21:51:01,whisper,dd7fdf3d-1b5f-439d-9ecd-dc3f9ba3ae65,0.06568104587495327,4.1264701902312534e-08,6.274206408953849e-07,360.0,202.51077444020345,10.0,6.589807756245125e-06,3.7075029695188277e-06,1.829994376748923e-07,1.0480310163438547e-05,0.0,Canada,CAN,quebec,,,Linux-5.15.0-152-generic-x86_64-with-glibc2.35,3.14.2,3.1.0,4,AMD EPYC 9554 64-Core Processor,1,1 x NVIDIA RTX A5000,,,4,machine,N
Step #824,2026-02-26T21:51:01,whisper,dd7fdf3d-1b5f-439d-9ecd-dc3f9ba3ae65,0.0690105389803648,3.308236461164305e-08,4.788829617486559e-07,360.0,66.24819574448611,10.0,6.933519989251943e-06,1.2761121297444333e-06,1.9254761541055167e-07,8.40217973440728e-06,0.0,Canada,CAN,quebec,,,Linux-5.15.0-152-generic-x86_64-with-glibc2.35,3.14.2,3.1.0,4,AMD EPYC 9554 64-Core Processor,1,1 x NVIDIA RTX A5000,,,4,machine,N
Step #825,2026-02-26T21:51:01,whisper,dd7fdf3d-1b5f-439d-9ecd-dc3f9ba3ae65,0.06829437986016273,2.8059646228982798e-08,4.096763305044301e-07,360.0,0.0,10.0,6.9339631125330675e-06,0.0,1.9255863606100834e-07,7.1265217485945095e-06,0.0,Canada,CAN,quebec,,,Linux-5.15.0-152-generic-x86_64-with-glibc2.35,3.14.2,3.1.0,4,AMD EPYC 9554 64-Core Processor,1,1 x NVIDIA RTX A5000,,,4,machine,N
Step #826,2026-02-26T21:51:01,whisper,dd7fdf3d-1b5f-439d-9ecd-dc3f9ba3ae65,0.06762868165969849,2.6709952960890895e-08,3.9425650872255656e-07,360.0,0.0,10.0,6.600436940788941e-06,0.0,1.8329294398426407e-07,6.7837298847730695e-06,0.0,Canada,CAN,quebec,,,Linux-5.15.0-152-generic-x86_64-with-glibc2.35,3.14.2,3.1.0,4,AMD EPYC 9554 64-Core Processor,1,1 x NVIDIA RTX A5000,,,4,machine,N
Step #827,2026-02-26T21:51:01,whisper,dd7fdf3d-1b5f-439d-9ecd-dc3f9ba3ae65,0.07609648443758488,4.094915119952369e-08,5.370413681293601e-07,360.0,120.10298251871106,10.0,7.639130018651484e-06,2.5488909187743047e-06,2.1214641423688554e-07,1.0400167351662729e-05,0.0,Canada,CAN,quebec,,,Linux-5.15.0-152-generic-x86_64-with-glibc2.35,3.14.2,3.1.0,4,AMD EPYC 9554 64-Core Processor,1,1 x NVIDIA RTX A5000,,,4,machine,N
Step #828,2026-02-26T21:51:01,whisper,dd7fdf3d-1b5f-439d-9ecd-dc3f9ba3ae65,0.06931697204709053,4.2259487493613216e-08,6.091404915855541e-07,360.0,187.27411719775588,10.0,6.933202035724721e-06,3.607225110613399e-06,1.9253627914521051e-07,1.0732963425483764e-05,0.0,Canada,CAN,quebec,,,Linux-5.15.0-152-generic-x86_64-with-glibc2.35,3.14.2,3.1.0,4,AMD EPYC 9554 64-Core Processor,1,1 x NVIDIA RTX A5000,,,4,machine,N
Step #829,2026-02-26T21:51:01,whisper,dd7fdf3d-1b5f-439d-9ecd-dc3f9ba3ae65,0.07549088820815086,4.249990310992559e-08,5.621783904034109e-07,360.0,142.98213054190938,10.0,7.574773952364645e-06,3.0088912978953886e-06,2.1035835767786878e-07,1.0794023607938255e-05,0.0,Canada,CAN,quebec,,,Linux-5.15.0-152-generic-x86_64-with-glibc2.35,3.14.2,3.1.0,4,AMD EPYC 9554 64-Core Processor,1,1 x NVIDIA RTX A5000,,,4,machine,N
Step #830,2026-02-26T21:51:01,whisper,dd7fdf3d-1b5f-439d-9ecd-dc3f9ba3ae65,0.06670675054192543,3.8587736073861614e-08,5.773867963899261e-07,360.0,157.1297789672511,10.0,6.692891195416058e-06,2.9216690080602348e-06,1.8586058997445832e-07,9.800420793450344e-06,0.0,Canada,CAN,quebec,,,Linux-5.15.0-152-generic-x86_64-with-glibc2.35,3.14.2,3.1.0,4,AMD EPYC 9554 64-Core Processor,1,1 x NVIDIA RTX A5000,,,4,machine,N
Step #831,2026-02-26T21:51:01,whisper,dd7fdf3d-1b5f-439d-9ecd-dc3f9ba3ae65,0.075934873893857,4.1048919049975165e-08,5.393675999941541e-07,360.0,122.44259464157885,10.0,7.6213505119087505e-06,2.592502070797309e-06,2.116535686784405e-07,1.0425506151384364e-05,0.0,Canada,CAN,quebec,,,Linux-5.15.0-152-generic-x86_64-with-glibc2.35,3.14.2,3.1.0,4,AMD EPYC 9554 64-Core Processor,1,1 x NVIDIA RTX A5000,,,4,machine,N
Step #832,2026-02-26T21:51:01,whisper,dd7fdf3d-1b5f-439d-9ecd-dc3f9ba3ae65,0.06916287168860435,4.0815106296084654e-08,5.890618476768258e-07,360.0,166.5901093107968,10.0,6.954412534832671e-06,3.218613684907723e-06,1.9309672837455362e-07,1.0366122948114731e-05,0.0,Canada,CAN,quebec,,,Linux-5.15.0-152-generic-x86_64-with-glibc2.35,3.14.2,3.1.0,4,AMD EPYC 9554 64-Core Processor,1,1 x NVIDIA RTX A5000,,,4,machine,N
Step #833,2026-02-26T21:51:02,whisper,dd7fdf3d-1b5f-439d-9ecd-dc3f9ba3ae65,0.07035484351217747,3.113029795641847e-08,4.4189285032832104e-07,360.0,55.343783270893084,10.0,6.691680476069231e-06,1.0288896987731277e-06,1.8582834551732685e-07,7.906398520359306e-06,0.0,Canada,CAN,quebec,,,Linux-5.15.0-152-generic-x86_64-with-glibc2.35,3.14.2,3.1.0,4,AMD EPYC 9554 64-Core Processor,1,1 x NVIDIA RTX A5000,,,4,machine,N
Step #834,2026-02-26T21:51:02,whisper,dd7fdf3d-1b5f-439d-9ecd-dc3f9ba3ae65,0.06815608777105808,2.8315993390139248e-08,4.1488484120346113e-07,360.0,0.0,10.0,6.99731204658726e-06,0.0,1.9431614006558797e-07,7.191628186653011e-06,0.0,Canada,CAN,quebec,,,Linux-5.15.0-152-generic-x86_64-with-glibc2.35,3.14.2,3.1.0,4,AMD EPYC 9554 64-Core Processor,1,1 x NVIDIA RTX A5000,,,4,machine,N
Step #835,2026-02-26T21:51:02,whisper,dd7fdf3d-1b5f-439d-9ecd-dc3f9ba3ae65,0.06690597347915173,2.7313099554209332e-08,4.0734332800866684e-07,360.0,0.0,10.0,6.749481894076197e-06,0.0,1.8743371797932712e-07,6.9369156120557135e-06,0.0,Canada,CAN,quebec,,,Linux-5.15.0-152-generic-x86_64-with-glibc2.35,3.14.2,3.1.0,4,AMD EPYC 9554 64-Core Processor,1,1 x NVIDIA RTX A5000,,,4,machine,N
Step #836,2026-02-26T21:51:02,whisper,dd7fdf3d-1b5f-439d-9ecd-dc3f9ba3ae65,0.07655609957873821,4.138943554303964e-08,5.401064080770455e-07,360.0,122.90327207736102,10.0,7.677391357719873e-06,2.6213909904981847e-06,2.132073665658601e-07,1.0511989714783593e-05,0.0,Canada,CAN,quebec,,,Linux-5.15.0-152-generic-x86_64-with-glibc2.35,3.14.2,3.1.0,4,AMD EPYC 9554 64-Core Processor,1,1 x NVIDIA RTX A5000,,,4,machine,N
Step #837,2026-02-26T21:51:02,whisper,dd7fdf3d-1b5f-439d-9ecd-dc3f9ba3ae65,0.06672669015824795,2.8389838055371602e-08,4.246088755803612e-07,360.0,0.0,10.0,7.015557214617302e-06,0.0,1.9482586325871238e-07,7.210383077876394e-06,0.0,Canada,CAN,quebec,,,Linux-5.15.0-152-generic-x86_64-with-glibc2.35,3.14.2,3.1.0,4,AMD EPYC 9554 64-Core Processor,1,1 x NVIDIA RTX A5000,,,4,machine,N
Step #838,2026-02-26T21:51:02,whisper,dd7fdf3d-1b5f-439d-9ecd-dc3f9ba3ae65,0.07778770290315151,4.56590515020729e-08,5.864222520831899e-07,360.0,169.32502000358664,10.0,7.740306109190083e-06,3.6411140200698355e-06,2.149564214050815e-07,1.1596376550664783e-05,0.0,Canada,CAN,quebec,,,Linux-5.15.0-152-generic-x86_64-with-glibc2.35,3.14.2,3.1.0,4,AMD EPYC 9554 64-Core Processor,1,1 x NVIDIA RTX A5000,,,4,machine,N
Step #839,2026-02-26T21:51:02,whisper,dd7fdf3d-1b5f-439d-9ecd-dc3f9ba3ae65,0.06938434019684792,3.926376393187657e-08,5.648828160788224e-07,360.0,142.7579174636938,10.0,7.0010269060732586e-06,2.7766688788233296e-06,1.944209448993177e-07,9.972116729795553e-06,0.0,Canada,CAN,quebec,,,Linux-5.15.0-152-generic-x86_64-with-glibc2.35,3.14.2,3.1.0,4,AMD EPYC 9554 64-Core Processor,1,1 x NVIDIA RTX A5000,,,4,machine,N
Step #840,2026-02-26T21:51:02,whisper,dd7fdf3d-1b5f-439d-9ecd-dc3f9ba3ae65,0.07352224178612232,4.303526342425674e-08,5.840930928197694e-07,360.0,162.97321548270543,10.0,7.3824744671584924e-06,3.3425026799704938e-06,2.050159912970204e-07,1.0929993138426332e-05,0.0,Canada,CAN,quebec,,,Linux-5.15.0-152-generic-x86_64-with-glibc2.35,3.14.2,3.1.0,4,AMD EPYC 9554 64-Core Processor,1,1 x NVIDIA RTX A5000,,,4,machine,N
Step #841,2026-02-26T21:51:02,whisper,dd7fdf3d-1b5f-439d-9ecd-dc3f9ba3ae65,0.06515893898904324,3.853040366338519e-08,5.90639408237401e-07,360.0,169.15594903604872,10.0,6.533857434988001e-06,3.0705580087442286e-06,1.814442014114702e-07,9.785859645144133e-06,0.0,Canada,CAN,quebec,,,Linux-5.15.0-152-generic-x86_64-with-glibc2.35,3.14.2,3.1.0,4,AMD EPYC 9554 64-Core Processor,1,1 x NVIDIA RTX A5000,,,4,machine,N
Step #842,2026-02-26T21:51:02,whisper,dd7fdf3d-1b5f-439d-9ecd-dc3f9ba3ae65,0.06584786809980869,3.916319417268766e-08,5.934447395918847e-07,360.0,171.59009262424337,10.0,6.6113110631701305e-06,3.1516691905153493e-06,1.8359400952855788e-07,9.946574263213631e-06,0.0,Canada,CAN,quebec,,,Linux-5.15.0-152-generic-x86_64-with-glibc2.35,3.14.2,3.1.0,4,AMD EPYC 9554 64-Core Processor,1,1 x NVIDIA RTX A5000,,,4,machine,N
Step #843,2026-02-26T21:51:02,whisper,dd7fdf3d-1b5f-439d-9ecd-dc3f9ba3ae65,0.0780719667673111,4.116775579529337e-08,5.26536971674686e-07,360.0,110.59889205720641,10.0,7.831798307597788e-06,2.4063908199423167e-06,2.1749889581566557e-07,1.0455688023355662e-05,0.0,Canada,CAN,quebec,,,Linux-5.15.0-152-generic-x86_64-with-glibc2.35,3.14.2,3.1.0,4,AMD EPYC 9554 64-Core Processor,1,1 x NVIDIA RTX A5000,,,4,machine,N
Step #844,2026-02-26T21:51:03,whisper,dd7fdf3d-1b5f-439d-9ecd-dc3f9ba3ae65,0.07196595333516598,3.135569459875471e-08,4.3511742293530983e-07,360.0,47.49675870905562,10.0,6.866837292909822e-06,9.061118362296838e-07,1.9069509063330907e-07,7.963644219772734e-06,0.0,Canada,CAN,quebec,,,Linux-5.15.0-152-generic-x86_64-with-glibc2.35,3.14.2,3.1.0,4,AMD EPYC 9554 64-Core Processor,1,1 x NVIDIA RTX A5000,,,4,machine,N
Step #845,2026-02-26T21:51:03,whisper,dd7fdf3d-1b5f-439d-9ecd-dc3f9ba3ae65,0.06777655892074108,2.825751539485918e-08,4.163084875005022e-07,360.0,0.0,10.0,6.982859596610033e-06,0.0,1.9391648885277546e-07,7.176776085462619e-06,0.0,Canada,CAN,quebec,,,Linux-5.15.0-152-generic-x86_64-with-glibc2.35,3.14.2,3.1.0,4,AMD EPYC 9554 64-Core Processor,1,1 x NVIDIA RTX A5000,,,4,machine,N
Step #846,2026-02-26T21:51:03,whisper,dd7fdf3d-1b5f-439d-9ecd-dc3f9ba3ae65,0.06561206839978695,2.6634818202375416e-08,4.0526612918211824e-07,360.0,0.0,10.0,6.5818708390001646e-06,0.0,1.8277649974657458e-07,6.7646473387470915e-06,0.0,Canada,CAN,quebec,,,Linux-5.15.0-152-generic-x86_64-with-glibc2.35,3.14.2,3.1.0,4,AMD EPYC 9554 64-Core Processor,1,1 x NVIDIA RTX A5000,,,4,machine,N
Step #847,2026-02-26T21:51:03,whisper,dd7fdf3d-1b5f-439d-9ecd-dc3f9ba3ae65,0.0723403301090002,3.9101720857181744e-08,5.397631262268098e-07,360.0,145.76192402440225,10.0,6.931523047387471e-06,2.8069466964097955e-06,1.9249167396791136e-07,9.930961417764853e-06,0.0,Canada,CAN,quebec,,,Linux-5.15.0-152-generic-x86_64-with-glibc2.35,3.14.2,3.1.0,4,AMD EPYC 9554 64-Core Processor,1,1 x NVIDIA RTX A5000,,,4,machine,N
Step #848,2026-02-26T21:51:03,whisper,dd7fdf3d-1b5f-439d-9ecd-dc3f9ba3ae65,0.06617699190974236,3.92932764237159e-08,5.919728981692742e-07,360.0,137.8326414641791,10.0,7.074267789721096e-06,2.708891045699602e-06,1.964534063720138e-07,9.979612241793091e-06,0.0,Canada,CAN,quebec,,,Linux-5.15.0-152-generic-x86_64-with-glibc2.35,3.14.2,3.1.0,4,AMD EPYC 9554 64-Core Processor,1,1 x NVIDIA RTX A5000,,,4,machine,N
Step #849,2026-02-26T21:51:03,whisper,dd7fdf3d-1b5f-439d-9ecd-dc3f9ba3ae65,0.0674288384616375,4.0270044016346495e-08,5.966572518205746e-07,360.0,174.75982631356584,10.0,6.758609972894181e-06,3.28139152827589e-06,1.8768783451782135e-07,1.0227689335688163e-05,0.0,Canada,CAN,quebec,,,Linux-5.15.0-152-generic-x86_64-with-glibc2.35,3.14.2,3.1.0,4,AMD EPYC 9554 64-Core Processor,1,1 x NVIDIA RTX A5000,,,4,machine,N
Step #850,2026-02-26T21:51:03,whisper,dd7fdf3d-1b5f-439d-9ecd-dc3f9ba3ae65,0.07479423843324184,4.370315997249486e-08,5.833335098954244e-07,360.0,162.43962045775305,10.0,7.504547014832927e-06,3.3866693627260247e-06,2.0840752662883892e-07,1.109962390418752e-05,0.0,Canada,CAN,quebec,,,Linux-5.15.0-152-generic-x86_64-with-glibc2.35,3.14.2,3.1.0,4,AMD EPYC 9554 64-Core Processor,1,1 x NVIDIA RTX A5000,,,4,machine,N
Step #851,2026-02-26T21:51:03,whisper,dd7fdf3d-1b5f-439d-9ecd-dc3f9ba3ae65,0.06959094665944576,3.8367438254873236e-08,5.506089743035607e-07,360.0,160.05753376059917,10.0,6.6179111599925025e-06,2.942780142234369e-06,1.8377877875335336e-07,9.744470080980117e-06,0.0,Canada,CAN,quebec,,,Linux-5.15.0-152-generic-x86_64-with-glibc2.35,3.14.2,3.1.0,4,AMD EPYC 9554 64-Core Processor,1,1 x NVIDIA RTX A5000,,,4,machine,N
Step #852,2026-02-26T21:51:03,whisper,dd7fdf3d-1b5f-439d-9ecd-dc3f9ba3ae65,0.06833020783960819,3.9569602741751055e-08,5.787625639265002e-07,360.0,137.9954808413872,10.0,7.121738605200996e-06,2.7302799594508542e-06,1.9777437361577954e-07,1.004979293826782e-05,0.0,Canada,CAN,quebec,,,Linux-5.15.0-152-generic-x86_64-with-glibc2.35,3.14.2,3.1.0,4,AMD EPYC 9554 64-Core Processor,1,1 x NVIDIA RTX A5000,,,4,machine,N
Step #853,2026-02-26T21:51:03,whisper,dd7fdf3d-1b5f-439d-9ecd-dc3f9ba3ae65,0.06747172772884369,2.7349163963684073e-08,4.0526070461518434e-07,360.0,0.0,10.0,6.758393160998487e-06,0.0,1.8768200340369247e-07,6.946075164402342e-06,0.0,Canada,CAN,quebec,,,Linux-5.15.0-152-generic-x86_64-with-glibc2.35,3.14.2,3.1.0,4,AMD EPYC 9554 64-Core Processor,1,1 x NVIDIA RTX A5000,,,4,machine,N
Step #854,2026-02-26T21:51:03,whisper,dd7fdf3d-1b5f-439d-9ecd-dc3f9ba3ae65,0.07316447794437408,2.966676696136868e-08,4.050699340366486e-07,360.0,0.0,10.0,7.3311060667042086e-06,0.0,2.0358835657436855e-07,7.534694423278442e-06,0.0,Canada,CAN,quebec,,,Linux-5.15.0-152-generic-x86_64-with-glibc2.35,3.14.2,3.1.0,4,AMD EPYC 9554 64-Core Processor,1,1 x NVIDIA RTX A5000,,,4,machine,N
Step #855,2026-02-26T21:51:04,whisper,dd7fdf3d-1b5f-439d-9ecd-dc3f9ba3ae65,0.07683252356946468,3.1173031334869305e-08,4.0514666779047474e-07,360.0,0.0,10.0,7.703324407339063e-06,0.0,2.1392743413647984e-07,7.917251841475272e-06,0.0,Canada,CAN,quebec,,,Linux-5.15.0-152-generic-x86_64-with-glibc2.35,3.14.2,3.1.0,4,AMD EPYC 9554 64-Core Processor,1,1 x NVIDIA RTX A5000,,,4,machine,N
Step #856,2026-02-26T21:51:04,whisper,dd7fdf3d-1b5f-439d-9ecd-dc3f9ba3ae65,0.0720345638692379,2.8150211054908826e-08,3.904338413960072e-07,360.0,0.0,10.0,6.956345587968635e-06,0.0,1.931775982181173e-07,7.149523186186779e-06,0.0,Canada,CAN,quebec,,,Linux-5.15.0-152-generic-x86_64-with-glibc2.35,3.14.2,3.1.0,4,AMD EPYC 9554 64-Core Processor,1,1 x NVIDIA RTX A5000,,,4,machine,N
Step #857,2026-02-26T21:51:04,whisper,dd7fdf3d-1b5f-439d-9ecd-dc3f9ba3ae65,0.06790406443178654,2.7766554398822482e-08,4.08090755389236e-07,360.0,0.0,10.0,6.86153639107949e-06,0.0,1.905465964227831e-07,7.052082987501866e-06,0.0,Canada,CAN,quebec,,,Linux-5.15.0-152-generic-x86_64-with-glibc2.35,3.14.2,3.1.0,4,AMD EPYC 9554 64-Core Processor,1,1 x NVIDIA RTX A5000,,,4,machine,N
Step #858,2026-02-26T21:51:04,whisper,dd7fdf3d-1b5f-439d-9ecd-dc3f9ba3ae65,0.06569910794496536,3.939514618982767e-08,5.986069952404932e-07,360.0,175.59743813292562,10.0,6.6016001626853504e-06,3.2205581277366946e-06,1.833265905992721e-07,1.0005484881020314e-05,0.0,Canada,CAN,quebec,,,Linux-5.15.0-152-generic-x86_64-with-glibc2.35,3.14.2,3.1.0,4,AMD EPYC 9554 64-Core Processor,1,1 x NVIDIA RTX A5000,,,4,machine,N
Step #859,2026-02-26T21:51:04,whisper,dd7fdf3d-1b5f-439d-9ecd-dc3f9ba3ae65,0.07428455911576748,4.068821470088515e-08,5.467369258439682e-07,360.0,129.1202679381188,10.0,7.453289441764106e-06,2.6736132525684297e-06,2.069926303294048e-07,1.0333895324662022e-05,0.0,Canada,CAN,quebec,,,Linux-5.15.0-152-generic-x86_64-with-glibc2.35,3.14.2,3.1.0,4,AMD EPYC 9554 64-Core Processor,1,1 x NVIDIA RTX A5000,,,4,machine,N
Step #860,2026-02-26T21:51:04,whisper,dd7fdf3d-1b5f-439d-9ecd-dc3f9ba3ae65,0.07151818834245205,3.769364733866411e-08,5.264152462632386e-07,360.0,129.947962201401,10.0,6.893300451338291e-06,2.4886130916002003e-06,1.914287348174493e-07,9.573342277756185e-06,0.0,Canada,CAN,quebec,,,Linux-5.15.0-152-generic-x86_64-with-glibc2.35,3.14.2,3.1.0,4,AMD EPYC 9554 64-Core Processor,1,1 x NVIDIA RTX A5000,,,4,machine,N
Step #861,2026-02-26T21:51:04,whisper,dd7fdf3d-1b5f-439d-9ecd-dc3f9ba3ae65,0.0676057506352663,4.160112602459001e-08,6.146212470670892e-07,360.0,162.10495971130123,10.0,7.148080691694869e-06,3.2191692582728137e-06,1.985044063379331e-07,1.0565754356305426e-05,0.0,Canada,CAN,quebec,,,Linux-5.15.0-152-generic-x86_64-with-glibc2.35,3.14.2,3.1.0,4,AMD EPYC 9554 64-Core Processor,1,1 x NVIDIA RTX A5000,,,4,machine,N
Step #862,2026-02-26T21:51:04,whisper,dd7fdf3d-1b5f-439d-9ecd-dc3f9ba3ae65,0.07021678052842617,3.8001310755413824e-08,5.405029774705479e-07,360.0,147.5966344579477,10.0,6.712572276592298e-06,2.752502197722606e-06,1.864074211981525e-07,9.651481895513354e-06,0.0,Canada,CAN,quebec,,,Linux-5.15.0-152-generic-x86_64-with-glibc2.35,3.14.2,3.1.0,4,AMD EPYC 9554 64-Core Processor,1,1 x NVIDIA RTX A5000,,,4,machine,N
Step #863,2026-02-26T21:51:04,whisper,dd7fdf3d-1b5f-439d-9ecd-dc3f9ba3ae65,0.07012704201042652,4.014043012658586e-08,5.714801587019956e-07,360.0,132.00863636826773,10.0,7.310633920133355e-06,2.681113258518053e-06,2.0302313172981942e-07,1.0194770310381282e-05,0.0,Canada,CAN,quebec,,,Linux-5.15.0-152-generic-x86_64-with-glibc2.35,3.14.2,3.1.0,4,AMD EPYC 9554 64-Core Processor,1,1 x NVIDIA RTX A5000,,,4,machine,N
Step #864,2026-02-26T21:51:04,whisper,dd7fdf3d-1b5f-439d-9ecd-dc3f9ba3ae65,0.07183287106454372,3.666932130933219e-08,5.098845378160451e-07,360.0,114.2655712257132,10.0,6.9231480360034195e-06,2.1977795370276e-06,1.9225883297622538e-07,9.313186406007326e-06,0.0,Canada,CAN,quebec,,,Linux-5.15.0-152-generic-x86_64-with-glibc2.35,3.14.2,3.1.0,4,AMD EPYC 9554 64-Core Processor,1,1 x NVIDIA RTX A5000,,,4,machine,N
Step #865,2026-02-26T21:51:04,whisper,dd7fdf3d-1b5f-439d-9ecd-dc3f9ba3ae65,0.07068456895649433,2.8975554037265325e-08,4.0922636412124166e-07,360.0,0.0,10.0,7.160296104848085e-06,0.0,1.988457153654689e-07,7.359141820214611e-06,0.0,Canada,CAN,quebec,,,Linux-5.15.0-152-generic-x86_64-with-glibc2.35,3.14.2,3.1.0,4,AMD EPYC 9554 64-Core Processor,1,1 x NVIDIA RTX A5000,,,4,machine,N
Step #866,2026-02-26T21:51:04,whisper,dd7fdf3d-1b5f-439d-9ecd-dc3f9ba3ae65,0.06911730952560902,2.6746681291594826e-08,3.8650821101950183e-07,360.0,0.0,10.0,6.609513051807937e-06,0.0,1.8354500643910274e-07,6.793058058245441e-06,0.0,Canada,CAN,quebec,,,Linux-5.15.0-152-generic-x86_64-with-glibc2.35,3.14.2,3.1.0,4,AMD EPYC 9554 64-Core Processor,1,1 x NVIDIA RTX A5000,,,4,machine,N
Step #867,2026-02-26T21:51:05,whisper,dd7fdf3d-1b5f-439d-9ecd-dc3f9ba3ae65,0.06785757280886173,2.8207735664181194e-08,4.1497217408347066e-07,360.0,0.0,10.0,6.970560364425241e-06,0.0,1.9357278425660577e-07,7.164133148681792e-06,0.0,Canada,CAN,quebec,,,Linux-5.15.0-152-generic-x86_64-with-glibc2.35,3.14.2,3.1.0,4,AMD EPYC 9554 64-Core Processor,1,1 x NVIDIA RTX A5000,,,4,machine,N
Step #868,2026-02-26T21:51:05,whisper,dd7fdf3d-1b5f-439d-9ecd-dc3f9ba3ae65,0.073774928227067,2.97776383857351e-08,4.0303614452866114e-07,360.0,0.0,10.0,7.35850241035188e-06,0.0,2.043508717583379e-07,7.5628532821107874e-06,0.0,Canada,CAN,quebec,,,Linux-5.15.0-152-generic-x86_64-with-glibc2.35,3.14.2,3.1.0,4,AMD EPYC 9554 64-Core Processor,1,1 x NVIDIA RTX A5000,,,4,machine,N
Step #869,2026-02-26T21:51:05,whisper,dd7fdf3d-1b5f-439d-9ecd-dc3f9ba3ae65,0.06917440891265869,4.2890765680716656e-08,6.1895694339023e-07,360.0,194.97949108765746,10.0,6.940820254385666e-06,3.759725217378218e-06,1.9274847581983012e-07,1.0893293947582955e-05,0.0,Canada,CAN,quebec,,,Linux-5.15.0-152-generic-x86_64-with-glibc2.35,3.14.2,3.1.0,4,AMD EPYC 9554 64-Core Processor,1,1 x NVIDIA RTX A5000,,,4,machine,N
Step #870,2026-02-26T21:51:05,whisper,dd7fdf3d-1b5f-439d-9ecd-dc3f9ba3ae65,0.07299576513469219,3.793227230306358e-08,5.192515343319399e-07,360.0,107.8212440776601,10.0,7.258215174078646e-06,2.1741684150811125e-06,2.0156408556633635e-07,9.633947674727097e-06,0.0,Canada,CAN,quebec,,,Linux-5.15.0-152-generic-x86_64-with-glibc2.35,3.14.2,3.1.0,4,AMD EPYC 9554 64-Core Processor,1,1 x NVIDIA RTX A5000,,,4,machine,N
Step #871,2026-02-26T21:51:05,whisper,dd7fdf3d-1b5f-439d-9ecd-dc3f9ba3ae65,0.06749663688242435,3.964197958607939e-08,5.864421906397965e-07,360.0,162.71297793755417,10.0,6.803674250841461e-06,3.0755579984997894e-06,1.8894278651311646e-07,1.0068175035854096e-05,0.0,Canada,CAN,quebec,,,Linux-5.15.0-152-generic-x86_64-with-glibc2.35,3.14.2,3.1.0,4,AMD EPYC 9554 64-Core Processor,1,1 x NVIDIA RTX A5000,,,4,machine,N
Step #872,2026-02-26T21:51:05,whisper,dd7fdf3d-1b5f-439d-9ecd-dc3f9ba3ae65,0.06566728465259075,3.850092401485537e-08,5.859239085281274e-07,360.0,165.00249495653264,10.0,6.579545885324403e-06,3.0161135384787485e-06,1.8271305080917277e-07,9.778372474612135e-06,0.0,Canada,CAN,quebec,,,Linux-5.15.0-152-generic-x86_64-with-glibc2.35,3.14.2,3.1.0,4,AMD EPYC 9554 64-Core Processor,1,1 x NVIDIA RTX A5000,,,4,machine,N
Step #873,2026-02-26T21:51:05,whisper,dd7fdf3d-1b5f-439d-9ecd-dc3f9ba3ae65,0.07155087776482105,3.7114219500224675e-08,5.179785468707154e-07,360.0,107.10988832781196,10.0,7.112279161810946e-06,2.116390575679361e-06,1.975108455452661e-07,9.426180583034516e-06,0.0,Canada,CAN,quebec,,,Linux-5.15.0-152-generic-x86_64-with-glibc2.35,3.14.2,3.1.0,4,AMD EPYC 9554 64-Core Processor,1,1 x NVIDIA RTX A5000,,,4,machine,N
Step #874,2026-02-26T21:51:05,whisper,dd7fdf3d-1b5f-439d-9ecd-dc3f9ba3ae65,0.06782948225736618,2.7731882207133432e-08,4.084397955409039e-07,360.0,0.0,10.0,6.852968223392854e-06,0.0,1.9030880389942655e-07,7.043277027293446e-06,0.0,Canada,CAN,quebec,,,Linux-5.15.0-152-generic-x86_64-with-glibc2.35,3.14.2,3.1.0,4,AMD EPYC 9554 64-Core Processor,1,1 x NVIDIA RTX A5000,,,4,machine,N
Step #875,2026-02-26T21:51:05,whisper,dd7fdf3d-1b5f-439d-9ecd-dc3f9ba3ae65,0.07199568301439285,2.903816549738316e-08,4.0284886726143953e-07,360.0,0.0,10.0,7.1757700294255294e-06,0.0,1.9927369948063056e-07,7.37504372890635e-06,0.0,Canada,CAN,quebec,,,Linux-5.15.0-152-generic-x86_64-with-glibc2.35,3.14.2,3.1.0,4,AMD EPYC 9554 64-Core Processor,1,1 x NVIDIA RTX A5000,,,4,machine,N
Step #876,2026-02-26T21:51:05,whisper,dd7fdf3d-1b5f-439d-9ecd-dc3f9ba3ae65,0.06749537028372288,2.753443514765799e-08,4.0784385933053174e-07,360.0,0.0,10.0,6.8041786551479785e-06,0.0,1.889512408524772e-07,6.993129895998748e-06,0.0,Canada,CAN,quebec,,,Linux-5.15.0-152-generic-x86_64-with-glibc2.35,3.14.2,3.1.0,4,AMD EPYC 9554 64-Core Processor,1,1 x NVIDIA RTX A5000,,,4,machine,N
Step #877,2026-02-26T21:51:05,whisper,dd7fdf3d-1b5f-439d-9ecd-dc3f9ba3ae65,0.06773952953517437,3.993747133559732e-08,5.888832943710805e-07,360.0,166.82769578000486,10.0,6.801833398639885e-06,3.1525025150358488e-06,1.8888740903802285e-07,1.014322332271514e-05,0.0,Canada,CAN,quebec,,,Linux-5.15.0-152-generic-x86_64-with-glibc2.35,3.14.2,3.1.0,4,AMD EPYC 9554 64-Core Processor,1,1 x NVIDIA RTX A5000,,,4,machine,N
Step #878,2026-02-26T21:51:06,whisper,dd7fdf3d-1b5f-439d-9ecd-dc3f9ba3ae65,0.0661028902977705,3.646915939094724e-08,5.506881639833545e-07,360.0,132.5754827732609,10.0,6.634495593607105e-06,2.443613070113315e-06,1.8424109762742798e-07,9.262349761349556e-06,0.0,Canada,CAN,quebec,,,Linux-5.15.0-152-generic-x86_64-with-glibc2.35,3.14.2,3.1.0,4,AMD EPYC 9554 64-Core Processor,1,1 x NVIDIA RTX A5000,,,4,machine,N
Step #879,2026-02-26T21:51:06,whisper,dd7fdf3d-1b5f-439d-9ecd-dc3f9ba3ae65,0.07464681565761566,4.1549340795652974e-08,5.555549948350246e-07,360.0,135.09812005618852,10.0,7.52095822244888e-06,2.8227800328295416e-06,2.0886381260222628e-07,1.0552602067880404e-05,0.0,Canada,CAN,quebec,,,Linux-5.15.0-152-generic-x86_64-with-glibc2.35,3.14.2,3.1.0,4,AMD EPYC 9554 64-Core Processor,1,1 x NVIDIA RTX A5000,,,4,machine,N
Step #880,2026-02-26T21:51:06,whisper,dd7fdf3d-1b5f-439d-9ecd-dc3f9ba3ae65,0.06924775056540966,3.517359705788024e-08,5.070543647711636e-07,360.0,112.25967054851115,10.0,6.668400950729687e-06,2.0797238846625987e-06,1.8518110737205892e-07,8.933305942765077e-06,0.0,Canada,CAN,quebec,,,Linux-5.15.0-152-generic-x86_64-with-glibc2.35,3.14.2,3.1.0,4,AMD EPYC 9554 64-Core Processor,1,1 x NVIDIA RTX A5000,,,4,machine,N
Step #881,2026-02-26T21:51:06,whisper,dd7fdf3d-1b5f-439d-9ecd-dc3f9ba3ae65,0.0738085750490427,4.1188867576317915e-08,5.571039524375362e-07,360.0,138.3808389083845,10.0,7.407554797828411e-06,2.847780066872474e-06,2.0571507823965215e-07,1.0461049942940212e-05,0.0,Canada,CAN,quebec,,,Linux-5.15.0-152-generic-x86_64-with-glibc2.35,3.14.2,3.1.0,4,AMD EPYC 9554 64-Core Processor,1,1 x NVIDIA RTX A5000,,,4,machine,N
Step #882,2026-02-26T21:51:06,whisper,dd7fdf3d-1b5f-439d-9ecd-dc3f9ba3ae65,0.07561095990240574,3.9853311962984104e-08,5.266250146488307e-07,360.0,114.93417233502029,10.0,7.5137402862314115e-06,2.3994463731469295e-06,2.0866206743651414e-07,1.0121848726814611e-05,0.0,Canada,CAN,quebec,,,Linux-5.15.0-152-generic-x86_64-with-glibc2.35,3.14.2,3.1.0,4,AMD EPYC 9554 64-Core Processor,1,1 x NVIDIA RTX A5000,,,4,machine,N
Step #883,2026-02-26T21:51:06,whisper,dd7fdf3d-1b5f-439d-9ecd-dc3f9ba3ae65,0.06813007779419422,2.7816137581112416e-08,4.077760034873142e-07,360.0,0.0,10.0,6.873787380755336e-06,0.0,1.9088862463832019e-07,7.064676005393358e-06,0.0,Canada,CAN,quebec,,,Linux-5.15.0-152-generic-x86_64-with-glibc2.35,3.14.2,3.1.0,4,AMD EPYC 9554 64-Core Processor,1,1 x NVIDIA RTX A5000,,,4,machine,N
Step #884,2026-02-26T21:51:06,whisper,dd7fdf3d-1b5f-439d-9ecd-dc3f9ba3ae65,0.06600192748010159,2.6692162295960343e-08,4.034770486191718e-07,360.0,0.0,10.0,6.596039980650073e-06,0.0,1.8317147365047256e-07,6.77921145430041e-06,0.0,Canada,CAN,quebec,,,Linux-5.15.0-152-generic-x86_64-with-glibc2.35,3.14.2,3.1.0,4,AMD EPYC 9554 64-Core Processor,1,1 x NVIDIA RTX A5000,,,4,machine,N
Step #885,2026-02-26T21:51:06,whisper,dd7fdf3d-1b5f-439d-9ecd-dc3f9ba3ae65,0.07549084722995758,3.935603886406506e-08,5.20503962552935e-07,360.0,105.01310932342045,10.0,7.575180940329676e-06,2.210001753155666e-06,2.1036980259750643e-07,9.99555249608236e-06,0.0,Canada,CAN,quebec,,,Linux-5.15.0-152-generic-x86_64-with-glibc2.35,3.14.2,3.1.0,4,AMD EPYC 9554 64-Core Processor,1,1 x NVIDIA RTX A5000,,,4,machine,N
Step #886,2026-02-26T21:51:06,whisper,dd7fdf3d-1b5f-439d-9ecd-dc3f9ba3ae65,0.06909304857254028,4.275434808393401e-08,6.177553758649144e-07,360.0,193.83102022702406,10.0,6.932783126831037e-06,3.7333363280822596e-06,1.9252747814689605e-07,1.0858646933061683e-05,0.0,Canada,CAN,quebec,,,Linux-5.15.0-152-generic-x86_64-with-glibc2.35,3.14.2,3.1.0,4,AMD EPYC 9554 64-Core Processor,1,1 x NVIDIA RTX A5000,,,4,machine,N
Step #887,2026-02-26T21:51:06,whisper,dd7fdf3d-1b5f-439d-9ecd-dc3f9ba3ae65,0.06770718283951283,4.050800022756311e-08,5.961555759492877e-07,360.0,161.45272397505968,10.0,6.96876384317837e-06,3.1258358319519175e-06,1.9352520919509392e-07,1.0288124884325761e-05,0.0,Canada,CAN,quebec,,,Linux-5.15.0-152-generic-x86_64-with-glibc2.35,3.14.2,3.1.0,4,AMD EPYC 9554 64-Core Processor,1,1 x NVIDIA RTX A5000,,,4,machine,N
Step #888,2026-02-26T21:51:06,whisper,dd7fdf3d-1b5f-439d-9ecd-dc3f9ba3ae65,0.06664517894387245,3.95261151758366e-08,5.925060613329998e-07,360.0,170.03501686375142,10.0,6.69180117547543e-06,3.1611136392939443e-06,1.858332556568961e-07,1.0038748070425457e-05,0.0,Canada,CAN,quebec,,,Linux-5.15.0-152-generic-x86_64-with-glibc2.35,3.14.2,3.1.0,4,AMD EPYC 9554 64-Core Processor,1,1 x NVIDIA RTX A5000,,,4,machine,N
Step #889,2026-02-26T21:51:07,whisper,dd7fdf3d-1b5f-439d-9ecd-dc3f9ba3ae65,0.06981121934950352,3.954341815353145e-08,5.658091800466844e-07,360.0,150.83918837524678,10.0,6.94148521870365e-06,2.908891218567078e-06,1.9276620199281725e-07,1.0043142639262759e-05,0.0,Canada,CAN,quebec,,,Linux-5.15.0-152-generic-x86_64-with-glibc2.35,3.14.2,3.1.0,4,AMD EPYC 9554 64-Core Processor,1,1 x NVIDIA RTX A5000,,,4,machine,N
Step #890,2026-02-26T21:51:07,whisper,dd7fdf3d-1b5f-439d-9ecd-dc3f9ba3ae65,0.06989382766187191,4.134169213993659e-08,5.904072804178365e-07,360.0,156.5211478768677,10.0,7.178834080696049e-06,3.1216691525060014e-06,1.993607264012126e-07,1.049986395960413e-05,0.0,Canada,CAN,quebec,,,Linux-5.15.0-152-generic-x86_64-with-glibc2.35,3.14.2,3.1.0,4,AMD EPYC 9554 64-Core Processor,1,1 x NVIDIA RTX A5000,,,4,machine,N
Step #891,2026-02-26T21:51:07,whisper,dd7fdf3d-1b5f-439d-9ecd-dc3f9ba3ae65,0.06575800478458405,3.6138024426887066e-08,5.492153682591276e-07,360.0,130.04444801275548,10.0,6.607535108923805e-06,2.3872241428080088e-06,1.8348964448604375e-07,9.178248896218183e-06,0.0,Canada,CAN,quebec,,,Linux-5.15.0-152-generic-x86_64-with-glibc2.35,3.14.2,3.1.0,4,AMD EPYC 9554 64-Core Processor,1,1 x NVIDIA RTX A5000,,,4,machine,N
Step #892,2026-02-26T21:51:07,whisper,dd7fdf3d-1b5f-439d-9ecd-dc3f9ba3ae65,0.07268412224948406,2.9541379191452063e-08,4.057595056053136e-07,360.0,0.0,10.0,7.300118356943185e-06,0.0,2.0273038082652063e-07,7.502848737768811e-06,0.0,Canada,CAN,quebec,,,Linux-5.15.0-152-generic-x86_64-with-glibc2.35,3.14.2,3.1.0,4,AMD EPYC 9554 64-Core Processor,1,1 x NVIDIA RTX A5000,,,4,machine,N
Step #893,2026-02-26T21:51:07,whisper,dd7fdf3d-1b5f-439d-9ecd-dc3f9ba3ae65,0.06895703822374344,2.7753868939853275e-08,4.0196236769498015e-07,360.0,0.0,10.0,6.858396157622543e-06,0.0,1.904650073912453e-07,7.0488611650133814e-06,0.0,Canada,CAN,quebec,,,Linux-5.15.0-152-generic-x86_64-with-glibc2.35,3.14.2,3.1.0,4,AMD EPYC 9554 64-Core Processor,1,1 x NVIDIA RTX A5000,,,4,machine,N
Step #894,2026-02-26T21:51:07,whisper,dd7fdf3d-1b5f-439d-9ecd-dc3f9ba3ae65,0.06597121991217136,2.8545536671704572e-08,4.32036865968596e-07,360.0,0.0,10.0,7.054035551846451e-06,0.0,1.9589148772259897e-07,7.2499270395674775e-06,0.0,Canada,CAN,quebec,,,Linux-5.15.0-152-generic-x86_64-with-glibc2.35,3.14.2,3.1.0,4,AMD EPYC 9554 64-Core Processor,1,1 x NVIDIA RTX A5000,,,4,machine,N
Step #895,2026-02-26T21:51:07,whisper,dd7fdf3d-1b5f-439d-9ecd-dc3f9ba3ae65,0.06864368170499802,4.046352903447765e-08,5.891428664734333e-07,360.0,167.74595214986508,10.0,6.8796675652266215e-06,3.206113674991684e-06,1.9104895699354136e-07,1.0276830197211359e-05,0.0,Canada,CAN,quebec,,,Linux-5.15.0-152-generic-x86_64-with-glibc2.35,3.14.2,3.1.0,4,AMD EPYC 9554 64-Core Processor,1,1 x NVIDIA RTX A5000,,,4,machine,N
Step #896,2026-02-26T21:51:07,whisper,dd7fdf3d-1b5f-439d-9ecd-dc3f9ba3ae65,0.07605570368468761,4.1695075383821106e-08,5.475431767752317e-07,360.0,129.87614912137911,10.0,7.626161724329401e-06,2.7516688732021066e-06,2.1178479202920244e-07,1.0589615389560575e-05,0.0,Canada,CAN,quebec,,,Linux-5.15.0-152-generic-x86_64-with-glibc2.35,3.14.2,3.1.0,4,AMD EPYC 9554 64-Core Processor,1,1 x NVIDIA RTX A5000,,,4,machine,N
Step #897,2026-02-26T21:51:07,whisper,dd7fdf3d-1b5f-439d-9ecd-dc3f9ba3ae65,0.07116277329623699,3.845190554609406e-08,5.390542967929258e-07,360.0,125.73467140232655,10.0,7.0917570963498905e-06,2.4772241999926337e-06,1.9694158496954932e-07,9.765922881311423e-06,0.0,Canada,CAN,quebec,,,Linux-5.15.0-152-generic-x86_64-with-glibc2.35,3.14.2,3.1.0,4,AMD EPYC 9554 64-Core Processor,1,1 x NVIDIA RTX A5000,,,4,machine,N
Step #898,2026-02-26T21:51:07,whisper,dd7fdf3d-1b5f-439d-9ecd-dc3f9ba3ae65,0.06843560002744198,4.036614502860936e-08,5.887926195971777e-07,360.0,151.26073734777435,10.0,7.080195099115269e-06,2.9752801538052154e-06,1.9662158770694768e-07,1.0252096840628055e-05,0.0,Canada,CAN,quebec,,,Linux-5.15.0-152-generic-x86_64-with-glibc2.35,3.14.2,3.1.0,4,AMD EPYC 9554 64-Core Processor,1,1 x NVIDIA RTX A5000,,,4,machine,N
Step #899,2026-02-26T21:51:07,whisper,dd7fdf3d-1b5f-439d-9ecd-dc3f9ba3ae65,0.07305350713431835,4.2221272526991155e-08,5.775523609816941e-07,360.0,157.23961592094315,10.0,7.3215950280427e-06,3.1983359036757975e-06,2.0332674806317454e-07,1.0723257679782702e-05,0.0,Canada,CAN,quebec,,,Linux-5.15.0-152-generic-x86_64-with-glibc2.35,3.14.2,3.1.0,4,AMD EPYC 9554 64-Core Processor,1,1 x NVIDIA RTX A5000,,,4,machine,N
Step #900,2026-02-26T21:51:08,whisper,dd7fdf3d-1b5f-439d-9ecd-dc3f9ba3ae65,0.07246390916407108,3.889366104837611e-08,5.35617130197027e-07,360.0,122.86577116973012,10.0,7.214977592229568e-06,2.462779747247623e-06,2.0036154633595177e-07,9.878118885812276e-06,0.0,Canada,CAN,quebec,,,Linux-5.15.0-152-generic-x86_64-with-glibc2.35,3.14.2,3.1.0,4,AMD EPYC 9554 64-Core Processor,1,1 x NVIDIA RTX A5000,,,4,machine,N
Step #901,2026-02-26T21:51:08,whisper,dd7fdf3d-1b5f-439d-9ecd-dc3f9ba3ae65,0.07173275016248226,3.940041029426052e-08,5.489598901675544e-07,360.0,128.51487354591546,10.0,7.226147875189458e-06,2.58000206088127e-06,2.006719095839387e-07,1.000682184565567e-05,0.0,Canada,CAN,quebec,,,Linux-5.15.0-152-generic-x86_64-with-glibc2.35,3.14.2,3.1.0,4,AMD EPYC 9554 64-Core Processor,1,1 x NVIDIA RTX A5000,,,4,machine,N
Step #902,2026-02-26T21:51:08,whisper,dd7fdf3d-1b5f-439d-9ecd-dc3f9ba3ae65,0.06959604658186436,3.519190558916633e-08,5.053417577509976e-07,360.0,115.07097949007706,10.0,6.633193604647751e-06,2.120557255125277e-06,1.8420503992172435e-07,8.937955899694996e-06,0.0,Canada,CAN,quebec,,,Linux-5.15.0-152-generic-x86_64-with-glibc2.35,3.14.2,3.1.0,4,AMD EPYC 9554 64-Core Processor,1,1 x NVIDIA RTX A5000,,,4,machine,N
Step #903,2026-02-26T21:51:08,whisper,dd7fdf3d-1b5f-439d-9ecd-dc3f9ba3ae65,0.06766443885862827,2.813680813726116e-08,4.1502886566083895e-07,360.0,0.0,10.0,6.9530295208099224e-06,0.0,1.930896244529089e-07,7.146119145262642e-06,0.0,Canada,CAN,quebec,,,Linux-5.15.0-152-generic-x86_64-with-glibc2.35,3.14.2,3.1.0,4,AMD EPYC 9554 64-Core Processor,1,1 x NVIDIA RTX A5000,,,4,machine,N
Step #904,2026-02-26T21:51:08,whisper,dd7fdf3d-1b5f-439d-9ecd-dc3f9ba3ae65,0.06684380955994129,2.7911994199531604e-08,4.169506328490372e-07,360.0,0.0,10.0,6.897475942969564e-06,0.0,1.9154549679822994e-07,7.089021439768417e-06,0.0,Canada,CAN,quebec,,,Linux-5.15.0-152-generic-x86_64-with-glibc2.35,3.14.2,3.1.0,4,AMD EPYC 9554 64-Core Processor,1,1 x NVIDIA RTX A5000,,,4,machine,N
Step #905,2026-02-26T21:51:08,whisper,dd7fdf3d-1b5f-439d-9ecd-dc3f9ba3ae65,0.0707164779305458,3.7921616044730695e-08,5.353433151598357e-07,360.0,122.55471413037925,10.0,7.039092294871749e-06,2.3966685631648943e-06,1.9548036572005498e-07,9.631241223757511e-06,0.0,Canada,CAN,quebec,,,Linux-5.15.0-152-generic-x86_64-with-glibc2.35,3.14.2,3.1.0,4,AMD EPYC 9554 64-Core Processor,1,1 x NVIDIA RTX A5000,,,4,machine,N
Step #906,2026-02-26T21:51:08,whisper,dd7fdf3d-1b5f-439d-9ecd-dc3f9ba3ae65,0.06797084398567677,3.829804773501996e-08,5.627021640895521e-07,360.0,133.6865020555737,10.0,6.95184525102352e-06,2.5819465179210965e-06,1.9305467398631577e-07,9.726846442931203e-06,0.0,Canada,CAN,quebec,,,Linux-5.15.0-152-generic-x86_64-with-glibc2.35,3.14.2,3.1.0,4,AMD EPYC 9554 64-Core Processor,1,1 x NVIDIA RTX A5000,,,4,machine,N
Step #907,2026-02-26T21:51:08,whisper,dd7fdf3d-1b5f-439d-9ecd-dc3f9ba3ae65,0.06858998350799084,3.990436914461256e-08,5.812851995410171e-07,360.0,159.0112749486332,10.0,6.896625645458343e-06,3.046669107220623e-06,1.915213548474759e-07,1.0134816107527228e-05,0.0,Canada,CAN,quebec,,,Linux-5.15.0-152-generic-x86_64-with-glibc2.35,3.14.2,3.1.0,4,AMD EPYC 9554 64-Core Processor,1,1 x NVIDIA RTX A5000,,,4,machine,N
Step #908,2026-02-26T21:51:08,whisper,dd7fdf3d-1b5f-439d-9ecd-dc3f9ba3ae65,0.07069635577499866,3.800941166169858e-08,5.370227339928078e-07,360.0,124.06920050312993,10.0,7.0337634533648025e-06,2.4244463787681525e-06,1.9532951215902108e-07,9.653539344291542e-06,0.0,Canada,CAN,quebec,,,Linux-5.15.0-152-generic-x86_64-with-glibc2.35,3.14.2,3.1.0,4,AMD EPYC 9554 64-Core Processor,1,1 x NVIDIA RTX A5000,,,4,machine,N
Step #909,2026-02-26T21:51:08,whisper,dd7fdf3d-1b5f-439d-9ecd-dc3f9ba3ae65,0.07053775526583195,3.9233398734181695e-08,5.555952976735691e-07,360.0,133.59008703500996,10.0,7.122985273599718e-06,2.6436132287699365e-06,1.978061472376262e-07,9.964404649606684e-06,0.0,Canada,CAN,quebec,,,Linux-5.15.0-152-generic-x86_64-with-glibc2.35,3.14.2,3.1.0,4,AMD EPYC 9554 64-Core Processor,1,1 x NVIDIA RTX A5000,,,4,machine,N
Step #910,2026-02-26T21:51:08,whisper,dd7fdf3d-1b5f-439d-9ecd-dc3f9ba3ae65,0.06615279242396355,3.602331169651066e-08,5.442840791562725e-07,360.0,127.07233695531664,10.0,6.625944375992024e-06,2.339168545972825e-06,1.840015097210831e-07,9.149114431686312e-06,0.0,Canada,CAN,quebec,,,Linux-5.15.0-152-generic-x86_64-with-glibc2.35,3.14.2,3.1.0,4,AMD EPYC 9554 64-Core Processor,1,1 x NVIDIA RTX A5000,,,4,machine,N
Step #911,2026-02-26T21:51:09,whisper,dd7fdf3d-1b5f-439d-9ecd-dc3f9ba3ae65,0.07311556674540043,2.789651904903977e-08,3.8125140275060995e-07,360.0,0.0,10.0,6.893651746213425e-06,0.0,1.914393518947892e-07,7.085091098108648e-06,0.0,Canada,CAN,quebec,,,Linux-5.15.0-152-generic-x86_64-with-glibc2.35,3.14.2,3.1.0,4,AMD EPYC 9554 64-Core Processor,1,1 x NVIDIA RTX A5000,,,4,machine,N
Step #912,2026-02-26T21:51:09,whisper,dd7fdf3d-1b5f-439d-9ecd-dc3f9ba3ae65,0.06916571035981178,2.8346679467163905e-08,4.093826044211728e-07,360.0,0.0,10.0,7.004891149699731e-06,0.0,1.9453061330648573e-07,7.199421763005864e-06,0.0,Canada,CAN,quebec,,,Linux-5.15.0-152-generic-x86_64-with-glibc2.35,3.14.2,3.1.0,4,AMD EPYC 9554 64-Core Processor,1,1 x NVIDIA RTX A5000,,,4,machine,N
Step #913,2026-02-26T21:51:09,whisper,dd7fdf3d-1b5f-439d-9ecd-dc3f9ba3ae65,0.07013304345309734,3.867870985500935e-08,5.501406074516309e-07,360.0,136.62371884653336,10.0,6.980233825742803e-06,2.6494465572568515e-06,1.9384571351110632e-07,9.823526096510923e-06,0.0,Canada,CAN,quebec,,,Linux-5.15.0-152-generic-x86_64-with-glibc2.35,3.14.2,3.1.0,4,AMD EPYC 9554 64-Core Processor,1,1 x NVIDIA RTX A5000,,,4,machine,N
Step #914,2026-02-26T21:51:09,whisper,dd7fdf3d-1b5f-439d-9ecd-dc3f9ba3ae65,0.06756709888577461,3.804941912733458e-08,5.624126110907703e-07,360.0,140.56519634885123,10.0,6.813649833202484e-06,2.660835463075273e-06,1.892150483197763e-07,9.66370034459832e-06,0.0,Canada,CAN,quebec,,,Linux-5.15.0-152-generic-x86_64-with-glibc2.35,3.14.2,3.1.0,4,AMD EPYC 9554 64-Core Processor,1,1 x NVIDIA RTX A5000,,,4,machine,N
Step #915,2026-02-26T21:51:09,whisper,dd7fdf3d-1b5f-439d-9ecd-dc3f9ba3ae65,0.06863957270979881,3.930990706750792e-08,5.719323397012218e-07,360.0,151.92017693446738,10.0,6.886211596428965e-06,2.90639121658387e-06,1.912332398609903e-07,9.983836052874367e-06,0.0,Canada,CAN,quebec,,,Linux-5.15.0-152-generic-x86_64-with-glibc2.35,3.14.2,3.1.0,4,AMD EPYC 9554 64-Core Processor,1,1 x NVIDIA RTX A5000,,,4,machine,N
Step #916,2026-02-26T21:51:09,whisper,dd7fdf3d-1b5f-439d-9ecd-dc3f9ba3ae65,0.0714371670037508,3.7910576937880114e-08,5.304022981384077e-07,360.0,139.71213454627326,10.0,6.800149567425667e-06,2.639446563534875e-06,1.8884140687684963e-07,9.628437537836931e-06,0.0,Canada,CAN,quebec,,,Linux-5.15.0-152-generic-x86_64-with-glibc2.35,3.14.2,3.1.0,4,AMD EPYC 9554 64-Core Processor,1,1 x NVIDIA RTX A5000,,,4,machine,N
Step #917,2026-02-26T21:51:09,whisper,dd7fdf3d-1b5f-439d-9ecd-dc3f9ba3ae65,0.07010724022984505,4.104476869730959e-08,5.848187495399674e-07,360.0,158.27983663315806,10.0,7.103568129241192e-06,3.1236136095458278e-06,1.9727031596832446e-07,1.0424452054754937e-05,0.0,Canada,CAN,quebec,,,Linux-5.15.0-152-generic-x86_64-with-glibc2.35,3.14.2,3.1.0,4,AMD EPYC 9554 64-Core Processor,1,1 x NVIDIA RTX A5000,,,4,machine,N
Step #918,2026-02-26T21:51:09,whisper,dd7fdf3d-1b5f-439d-9ecd-dc3f9ba3ae65,0.07322186790406704,3.7691497719416045e-08,5.136676928850819e-07,360.0,103.6107856412438,10.0,7.276284322142723e-06,2.0944461027738726e-06,2.020658976915825e-07,9.572796322607907e-06,0.0,Canada,CAN,quebec,,,Linux-5.15.0-152-generic-x86_64-with-glibc2.35,3.14.2,3.1.0,4,AMD EPYC 9554 64-Core Processor,1,1 x NVIDIA RTX A5000,,,4,machine,N
Step #919,2026-02-26T21:51:09,whisper,dd7fdf3d-1b5f-439d-9ecd-dc3f9ba3ae65,0.06628074496984482,2.684331984585686e-08,4.044365957888811e-07,360.0,0.0,10.0,6.633393652736956e-06,0.0,1.8420843407511802e-07,6.817602086813673e-06,0.0,Canada,CAN,quebec,,,Linux-5.15.0-152-generic-x86_64-with-glibc2.35,3.14.2,3.1.0,4,AMD EPYC 9554 64-Core Processor,1,1 x NVIDIA RTX A5000,,,4,machine,N
Step #920,2026-02-26T21:51:09,whisper,dd7fdf3d-1b5f-439d-9ecd-dc3f9ba3ae65,0.0684606321156025,2.7784932549511723e-08,4.0547543045028054e-07,360.0,0.0,10.0,6.866077147424203e-06,0.0,1.9067347877555212e-07,7.056750626200162e-06,0.0,Canada,CAN,quebec,,,Linux-5.15.0-152-generic-x86_64-with-glibc2.35,3.14.2,3.1.0,4,AMD EPYC 9554 64-Core Processor,1,1 x NVIDIA RTX A5000,,,4,machine,N
Step #921,2026-02-26T21:51:09,whisper,dd7fdf3d-1b5f-439d-9ecd-dc3f9ba3ae65,0.07152837887406349,3.784239654648695e-08,5.283907021613752e-07,360.0,116.25111835162681,10.0,7.115464285016061e-06,2.2980573959330286e-06,1.9759956436851537e-07,9.611121245317253e-06,0.0,Canada,CAN,quebec,,,Linux-5.15.0-152-generic-x86_64-with-glibc2.35,3.14.2,3.1.0,4,AMD EPYC 9554 64-Core Processor,1,1 x NVIDIA RTX A5000,,,4,machine,N
Step #922,2026-02-26T21:51:09,whisper,dd7fdf3d-1b5f-439d-9ecd-dc3f9ba3ae65,0.07016080245375633,3.885477956420963e-08,5.526887029823804e-07,360.0,129.64556856789537,10.0,7.109960354865011e-06,2.560835383746962e-06,1.9744812096986804e-07,9.868243859581516e-06,0.0,Canada,CAN,quebec,,,Linux-5.15.0-152-generic-x86_64-with-glibc2.35,3.14.2,3.1.0,4,AMD EPYC 9554 64-Core Processor,1,1 x NVIDIA RTX A5000,,,4,machine,N
Step #923,2026-02-26T21:51:10,whisper,dd7fdf3d-1b5f-439d-9ecd-dc3f9ba3ae65,0.06733214855194092,4.1959014539603566e-08,6.21633171397088e-07,360.0,169.10187308177927,10.0,7.115979306400108e-06,3.34305823912473e-06,1.9761247870822476e-07,1.0656650024233605e-05,0.0,Canada,CAN,quebec,,,Linux-5.15.0-152-generic-x86_64-with-glibc2.35,3.14.2,3.1.0,4,AMD EPYC 9554 64-Core Processor,1,1 x NVIDIA RTX A5000,,,4,machine,N
Step #924,2026-02-26T21:51:10,whisper,dd7fdf3d-1b5f-439d-9ecd-dc3f9ba3ae65,0.06612094305455685,3.957788796115491e-08,5.973518142995608e-07,360.0,175.55879600441503,10.0,6.63269627839292e-06,3.235002580481705e-06,1.841983395732235e-07,1.0051897198447984e-05,0.0,Canada,CAN,quebec,,,Linux-5.15.0-152-generic-x86_64-with-glibc2.35,3.14.2,3.1.0,4,AMD EPYC 9554 64-Core Processor,1,1 x NVIDIA RTX A5000,,,4,machine,N
Step #925,2026-02-26T21:51:10,whisper,dd7fdf3d-1b5f-439d-9ecd-dc3f9ba3ae65,0.06729490868747234,3.82748786575981e-08,5.67534425791242e-07,360.0,145.4268191020735,10.0,6.789364479482286e-06,2.743057748944011e-06,1.885397877130141e-07,9.720962016138146e-06,0.0,Canada,CAN,quebec,,,Linux-5.15.0-152-generic-x86_64-with-glibc2.35,3.14.2,3.1.0,4,AMD EPYC 9554 64-Core Processor,1,1 x NVIDIA RTX A5000,,,4,machine,N
Step #926,2026-02-26T21:51:10,whisper,dd7fdf3d-1b5f-439d-9ecd-dc3f9ba3ae65,0.0723700076341629,3.876795866041081e-08,5.349397242795727e-07,360.0,122.61802646938237,10.0,7.19526428729321e-06,2.4511130760629385e-06,1.9981593100561038e-07,9.846193294362274e-06,0.0,Canada,CAN,quebec,,,Linux-5.15.0-152-generic-x86_64-with-glibc2.35,3.14.2,3.1.0,4,AMD EPYC 9554 64-Core Processor,1,1 x NVIDIA RTX A5000,,,4,machine,N
Step #927,2026-02-26T21:51:10,whisper,dd7fdf3d-1b5f-439d-9ecd-dc3f9ba3ae65,0.06853418238461018,3.793149986329355e-08,5.525276543746279e-07,360.0,134.65673202047225,10.0,6.872075423598571e-06,2.5708353916797932e-06,1.908406770477608e-07,9.633751492325177e-06,0.0,Canada,CAN,quebec,,,Linux-5.15.0-152-generic-x86_64-with-glibc2.35,3.14.2,3.1.0,4,AMD EPYC 9554 64-Core Processor,1,1 x NVIDIA RTX A5000,,,4,machine,N
Step #928,2026-02-26T21:51:10,whisper,dd7fdf3d-1b5f-439d-9ecd-dc3f9ba3ae65,0.0673151072114706,4.1856431893355064e-08,6.196167534408056e-07,360.0,165.25809337711254,10.0,7.149546779692401e-06,3.2825026181626527e-06,1.9854693156150997e-07,1.0630596329415723e-05,0.0,Canada,CAN,quebec,,,Linux-5.15.0-152-generic-x86_64-with-glibc2.35,3.14.2,3.1.0,4,AMD EPYC 9554 64-Core Processor,1,1 x NVIDIA RTX A5000,,,4,machine,N
Step #929,2026-02-26T21:51:10,whisper,dd7fdf3d-1b5f-439d-9ecd-dc3f9ba3ae65,0.06962734274566174,3.6057864609714645e-08,5.171587068199658e-07,360.0,128.5139517799671,10.0,6.613130308687383e-06,2.361113004667459e-06,1.8364678447445673e-07,9.157890097829732e-06,0.0,Canada,CAN,quebec,,,Linux-5.15.0-152-generic-x86_64-with-glibc2.35,3.14.2,3.1.0,4,AMD EPYC 9554 64-Core Processor,1,1 x NVIDIA RTX A5000,,,4,machine,N
Step #930,2026-02-26T21:51:10,whisper,dd7fdf3d-1b5f-439d-9ecd-dc3f9ba3ae65,0.06760801002383232,2.8312776621450264e-08,4.176555320207513e-07,360.0,0.0,10.0,6.996515765786415e-06,0.0,1.9429543366035603e-07,7.1908111994468255e-06,0.0,Canada,CAN,quebec,,,Linux-5.15.0-152-generic-x86_64-with-glibc2.35,3.14.2,3.1.0,4,AMD EPYC 9554 64-Core Processor,1,1 x NVIDIA RTX A5000,,,4,machine,N
Step #931,2026-02-26T21:51:10,whisper,dd7fdf3d-1b5f-439d-9ecd-dc3f9ba3ae65,0.07286453619599342,2.820333147673758e-08,3.868915507808881e-07,360.0,0.0,10.0,6.969471648335737e-06,0.0,1.9354293536808106e-07,7.163014583703303e-06,0.0,Canada,CAN,quebec,,,Linux-5.15.0-152-generic-x86_64-with-glibc2.35,3.14.2,3.1.0,4,AMD EPYC 9554 64-Core Processor,1,1 x NVIDIA RTX A5000,,,4,machine,N
Step #932,2026-02-26T21:51:10,whisper,dd7fdf3d-1b5f-439d-9ecd-dc3f9ba3ae65,0.0703906249254942,2.8739693236472252e-08,4.074794637753559e-07,360.0,0.0,10.0,7.102012448013256e-06,0.0,1.9722601088384807e-07,7.299238458897267e-06,0.0,Canada,CAN,quebec,,,Linux-5.15.0-152-generic-x86_64-with-glibc2.35,3.14.2,3.1.0,4,AMD EPYC 9554 64-Core Processor,1,1 x NVIDIA RTX A5000,,,4,machine,N
Step #933,2026-02-26T21:51:10,whisper,dd7fdf3d-1b5f-439d-9ecd-dc3f9ba3ae65,0.06597274914383888,2.8013878138988084e-08,4.2374176290537747e-07,360.0,0.0,10.0,6.9226538762451675e-06,0.0,1.9224380246466778e-07,7.114897678708182e-06,0.0,Canada,CAN,quebec,,,Linux-5.15.0-152-generic-x86_64-with-glibc2.35,3.14.2,3.1.0,4,AMD EPYC 9554 64-Core Processor,1,1 x NVIDIA RTX A5000,,,4,machine,N
Step #934,2026-02-26T21:51:11,whisper,dd7fdf3d-1b5f-439d-9ecd-dc3f9ba3ae65,0.07035389356315136,4.018390214368929e-08,5.703103955861741e-07,360.0,155.0315752153977,10.0,6.997592747211463e-06,3.013891316072659e-06,1.9432716589007424e-07,1.0205811229173356e-05,0.0,Canada,CAN,quebec,,,Linux-5.15.0-152-generic-x86_64-with-glibc2.35,3.14.2,3.1.0,4,AMD EPYC 9554 64-Core Processor,1,1 x NVIDIA RTX A5000,,,4,machine,N
Step #935,2026-02-26T21:51:11,whisper,dd7fdf3d-1b5f-439d-9ecd-dc3f9ba3ae65,0.06902036815881729,3.714946119923548e-08,5.369235384854114e-07,360.0,118.1301076251704,10.0,6.95828534662702e-06,2.2836129147663087e-06,1.9323292395307745e-07,9.435131185347653e-06,0.0,Canada,CAN,quebec,,,Linux-5.15.0-152-generic-x86_64-with-glibc2.35,3.14.2,3.1.0,4,AMD EPYC 9554 64-Core Processor,1,1 x NVIDIA RTX A5000,,,4,machine,N
Step #936,2026-02-26T21:51:11,whisper,dd7fdf3d-1b5f-439d-9ecd-dc3f9ba3ae65,0.06824422813951969,4.1339782019931984e-08,6.04454715856213e-07,360.0,163.76520664212183,10.0,7.081066071987219e-06,3.2216692602560215e-06,1.966434996575003e-07,1.0499378831900497e-05,0.0,Canada,CAN,quebec,,,Linux-5.15.0-152-generic-x86_64-with-glibc2.35,3.14.2,3.1.0,4,AMD EPYC 9554 64-Core Processor,1,1 x NVIDIA RTX A5000,,,4,machine,N
Step #937,2026-02-26T21:51:11,whisper,dd7fdf3d-1b5f-439d-9ecd-dc3f9ba3ae65,0.06546789221465588,3.860751111167682e-08,5.875539587576522e-07,360.0,166.75976061653205,10.0,6.576156802475842e-06,3.046669107220623e-06,1.8261730050047643e-07,9.805443210195858e-06,0.0,Canada,CAN,quebec,,,Linux-5.15.0-152-generic-x86_64-with-glibc2.35,3.14.2,3.1.0,4,AMD EPYC 9554 64-Core Processor,1,1 x NVIDIA RTX A5000,,,4,machine,N
Step #938,2026-02-26T21:51:11,whisper,dd7fdf3d-1b5f-439d-9ecd-dc3f9ba3ae65,0.07501271180808544,3.801828738008936e-08,5.062754794420707e-07,360.0,92.28516751562054,10.0,7.519199326634293e-06,1.927779322841161e-06,2.0881492851509975e-07,9.655793577990554e-06,0.0,Canada,CAN,quebec,,,Linux-5.15.0-152-generic-x86_64-with-glibc2.35,3.14.2,3.1.0,4,AMD EPYC 9554 64-Core Processor,1,1 x NVIDIA RTX A5000,,,4,machine,N
Step #939,2026-02-26T21:51:11,whisper,dd7fdf3d-1b5f-439d-9ecd-dc3f9ba3ae65,0.06968492455780506,3.4406245653212895e-08,4.928902169838449e-07,360.0,83.09574916882498,10.0,6.942832283675371e-06,1.6027790508132966e-06,1.9280453626479904e-07,8.738415870753954e-06,0.0,Canada,CAN,quebec,,,Linux-5.15.0-152-generic-x86_64-with-glibc2.35,3.14.2,3.1.0,4,AMD EPYC 9554 64-Core Processor,1,1 x NVIDIA RTX A5000,,,4,machine,N
Step #940,2026-02-26T21:51:11,whisper,dd7fdf3d-1b5f-439d-9ecd-dc3f9ba3ae65,0.06795516423881054,4.026476939297401e-08,5.914758425418153e-07,360.0,162.1508178161077,10.0,6.917846761643823e-06,3.1163913831733225e-06,1.9211155465907932e-07,1.0226349699476306e-05,0.0,Canada,CAN,quebec,,,Linux-5.15.0-152-generic-x86_64-with-glibc2.35,3.14.2,3.1.0,4,AMD EPYC 9554 64-Core Processor,1,1 x NVIDIA RTX A5000,,,4,machine,N
Step #941,2026-02-26T21:51:11,whisper,dd7fdf3d-1b5f-439d-9ecd-dc3f9ba3ae65,0.06911792792379856,3.513098834816787e-08,5.074073534588855e-07,360.0,96.07275245468946,10.0,6.891655549406614e-06,1.839445914697535e-06,1.9138282061450834e-07,8.92248428471798e-06,0.0,Canada,CAN,quebec,,,Linux-5.15.0-152-generic-x86_64-with-glibc2.35,3.14.2,3.1.0,4,AMD EPYC 9554 64-Core Processor,1,1 x NVIDIA RTX A5000,,,4,machine,N
Step #942,2026-02-26T21:51:11,whisper,dd7fdf3d-1b5f-439d-9ecd-dc3f9ba3ae65,0.06682072207331657,2.7288968716466567e-08,4.075944031340824e-07,360.0,0.0,10.0,6.743517704308269e-06,0.0,1.8726921536857508e-07,6.930786919677467e-06,0.0,Canada,CAN,quebec,,,Linux-5.15.0-152-generic-x86_64-with-glibc2.35,3.14.2,3.1.0,4,AMD EPYC 9554 64-Core Processor,1,1 x NVIDIA RTX A5000,,,4,machine,N
Step #943,2026-02-26T21:51:11,whisper,dd7fdf3d-1b5f-439d-9ecd-dc3f9ba3ae65,0.06591477990150452,2.6739999970442296e-08,4.0482028920632853e-07,360.0,0.0,10.0,6.6078592091799865e-06,0.0,1.8350194311804588e-07,6.7913611522980866e-06,0.0,Canada,CAN,quebec,,,Linux-5.15.0-152-generic-x86_64-with-glibc2.35,3.14.2,3.1.0,4,AMD EPYC 9554 64-Core Processor,1,1 x NVIDIA RTX A5000,,,4,machine,N
Step #944,2026-02-26T21:51:11,whisper,dd7fdf3d-1b5f-439d-9ecd-dc3f9ba3ae65,0.07222585566341877,3.820324943736985e-08,5.284531267804154e-07,360.0,138.24147748248703,10.0,6.8724704906340806e-06,2.6394465493240205e-06,1.9085275837116993e-07,9.702769798329569e-06,0.0,Canada,CAN,quebec,,,Linux-5.15.0-152-generic-x86_64-with-glibc2.35,3.14.2,3.1.0,4,AMD EPYC 9554 64-Core Processor,1,1 x NVIDIA RTX A5000,,,4,machine,N
Step #945,2026-02-26T21:51:12,whisper,dd7fdf3d-1b5f-439d-9ecd-dc3f9ba3ae65,0.0680331438779831,3.9367065663770866e-08,5.778385766101789e-07,360.0,129.9917692333553,10.0,7.19871632754842e-06,2.5997242971698142e-06,1.999124315463772e-07,9.99835305626369e-06,0.0,Canada,CAN,quebec,,,Linux-5.15.0-152-generic-x86_64-with-glibc2.35,3.14.2,3.1.0,4,AMD EPYC 9554 64-Core Processor,1,1 x NVIDIA RTX A5000,,,4,machine,N
Step #946,2026-02-26T21:51:12,whisper,dd7fdf3d-1b5f-439d-9ecd-dc3f9ba3ae65,0.07017144188284874,3.583858593100381e-08,5.098928580863925e-07,360.0,98.96885371064515,10.0,6.987053714692382e-06,1.921112655622892e-06,1.9403185384968204e-07,9.102198224164929e-06,0.0,Canada,CAN,quebec,,,Linux-5.15.0-152-generic-x86_64-with-glibc2.35,3.14.2,3.1.0,4,AMD EPYC 9554 64-Core Processor,1,1 x NVIDIA RTX A5000,,,4,machine,N
Step #947,2026-02-26T21:51:12,whisper,dd7fdf3d-1b5f-439d-9ecd-dc3f9ba3ae65,0.06817858852446079,3.583692951192232e-08,5.247456214005829e-07,360.0,103.16505600703519,10.0,6.9247512146826395e-06,1.9847238093007036e-06,1.923025068309599e-07,9.10177753081498e-06,0.0,Canada,CAN,quebec,,,Linux-5.15.0-152-generic-x86_64-with-glibc2.35,3.14.2,3.1.0,4,AMD EPYC 9554 64-Core Processor,1,1 x NVIDIA RTX A5000,,,4,machine,N
Step #948,2026-02-26T21:51:12,whisper,dd7fdf3d-1b5f-439d-9ecd-dc3f9ba3ae65,0.07299194484949112,3.563223835187059e-08,4.877136838980841e-07,360.0,97.18259241736757,10.0,6.973360665142245e-06,1.8827792729325665e-06,1.936506221277912e-07,9.049790560202928e-06,0.0,Canada,CAN,quebec,,,Linux-5.15.0-152-generic-x86_64-with-glibc2.35,3.14.2,3.1.0,4,AMD EPYC 9554 64-Core Processor,1,1 x NVIDIA RTX A5000,,,4,machine,N
Step #949,2026-02-26T21:51:12,whisper,dd7fdf3d-1b5f-439d-9ecd-dc3f9ba3ae65,0.07578760012984276,4.254343339962286e-08,5.606688212712398e-07,360.0,141.72275899599563,10.0,7.601207494736112e-06,2.9927801818985245e-06,2.1109165002902567e-07,1.0805079326664177e-05,0.0,Canada,CAN,quebec,,,Linux-5.15.0-152-generic-x86_64-with-glibc2.35,3.14.2,3.1.0,4,AMD EPYC 9554 64-Core Processor,1,1 x NVIDIA RTX A5000,,,4,machine,N
Step #950,2026-02-26T21:51:12,whisper,dd7fdf3d-1b5f-439d-9ecd-dc3f9ba3ae65,0.07037786394357681,2.850471916473064e-08,4.047717303338692e-07,360.0,0.0,10.0,7.04394765198204e-06,0.0,1.9561265491777188e-07,7.239560306900733e-06,0.0,Canada,CAN,quebec,,,Linux-5.15.0-152-generic-x86_64-with-glibc2.35,3.14.2,3.1.0,4,AMD EPYC 9554 64-Core Processor,1,1 x NVIDIA RTX A5000,,,4,machine,N
Step #951,2026-02-26T21:51:12,whisper,dd7fdf3d-1b5f-439d-9ecd-dc3f9ba3ae65,0.07094263099133968,2.858607367757195e-08,4.022415042291032e-07,360.0,0.0,10.0,7.06405173987127e-06,0.0,1.961707913627109e-07,7.260222531235011e-06,0.0,Canada,CAN,quebec,,,Linux-5.15.0-152-generic-x86_64-with-glibc2.35,3.14.2,3.1.0,4,AMD EPYC 9554 64-Core Processor,1,1 x NVIDIA RTX A5000,,,4,machine,N
Step #952,2026-02-26T21:51:12,whisper,dd7fdf3d-1b5f-439d-9ecd-dc3f9ba3ae65,0.06824783608317375,2.8449891025021613e-08,4.161810588739915e-07,360.0,0.0,10.0,7.030400075018137e-06,0.0,1.9523511226806787e-07,7.225635187286042e-06,0.0,Canada,CAN,quebec,,,Linux-5.15.0-152-generic-x86_64-with-glibc2.35,3.14.2,3.1.0,4,AMD EPYC 9554 64-Core Processor,1,1 x NVIDIA RTX A5000,,,4,machine,N
Step #953,2026-02-26T21:51:12,whisper,dd7fdf3d-1b5f-439d-9ecd-dc3f9ba3ae65,0.06697958521544933,3.864080152223226e-08,5.764959433669461e-07,360.0,156.20774678716853,10.0,6.713844276964517e-06,2.9136134429563754e-06,1.8644050901961634e-07,9.813898228940021e-06,0.0,Canada,CAN,quebec,,,Linux-5.15.0-152-generic-x86_64-with-glibc2.35,3.14.2,3.1.0,4,AMD EPYC 9554 64-Core Processor,1,1 x NVIDIA RTX A5000,,,4,machine,N
Step #954,2026-02-26T21:51:12,whisper,dd7fdf3d-1b5f-439d-9ecd-dc3f9ba3ae65,0.07264569960534573,3.7120142145601195e-08,5.107403699616274e-07,360.0,118.00725133966421,10.0,6.954553350806136e-06,2.280001837107193e-06,1.9312961440948618e-07,9.427684802323574e-06,0.0,Canada,CAN,quebec,,,Linux-5.15.0-152-generic-x86_64-with-glibc2.35,3.14.2,3.1.0,4,AMD EPYC 9554 64-Core Processor,1,1 x NVIDIA RTX A5000,,,4,machine,N
Step #955,2026-02-26T21:51:12,whisper,dd7fdf3d-1b5f-439d-9ecd-dc3f9ba3ae65,0.07360543683171272,4.260751370448732e-08,5.781304024216048e-07,360.0,157.5034902849961,10.0,7.384878955781458e-06,3.23139147440088e-06,2.050838588426424e-07,1.0821354289026336e-05,0.0,Canada,CAN,quebec,,,Linux-5.15.0-152-generic-x86_64-with-glibc2.35,3.14.2,3.1.0,4,AMD EPYC 9554 64-Core Processor,1,1 x NVIDIA RTX A5000,,,4,machine,N
Step #956,2026-02-26T21:51:13,whisper,dd7fdf3d-1b5f-439d-9ecd-dc3f9ba3ae65,0.0687696561217308,4.1464699449746015e-08,6.021313500466706e-07,360.0,179.63861025802746,10.0,6.89733885228614e-06,3.4422249655108317e-06,1.915412437584693e-07,1.0531105061556065e-05,0.0,Canada,CAN,quebec,,,Linux-5.15.0-152-generic-x86_64-with-glibc2.35,3.14.2,3.1.0,4,AMD EPYC 9554 64-Core Processor,1,1 x NVIDIA RTX A5000,,,4,machine,N
Step #957,2026-02-26T21:51:13,whisper,dd7fdf3d-1b5f-439d-9ecd-dc3f9ba3ae65,0.07995808310806751,4.453602032943564e-08,5.565442774767264e-07,360.0,138.00331493446373,10.0,8.015492372215154e-06,3.0730580107274363e-06,2.2260140006741301e-07,1.1311151783009732e-05,0.0,Canada,CAN,quebec,,,Linux-5.15.0-152-generic-x86_64-with-glibc2.35,3.14.2,3.1.0,4,AMD EPYC 9554 64-Core Processor,1,1 x NVIDIA RTX A5000,,,4,machine,N
Step #958,2026-02-26T21:51:13,whisper,dd7fdf3d-1b5f-439d-9ecd-dc3f9ba3ae65,0.06616473384201527,2.68709069039627e-08,4.056174334306814e-07,360.0,0.0,10.0,6.6402085125445015e-06,0.0,1.8440006921687391e-07,6.824608581762134e-06,0.0,Canada,CAN,quebec,,,Linux-5.15.0-152-generic-x86_64-with-glibc2.35,3.14.2,3.1.0,4,AMD EPYC 9554 64-Core Processor,1,1 x NVIDIA RTX A5000,,,4,machine,N
Step #959,2026-02-26T21:51:13,whisper,dd7fdf3d-1b5f-439d-9ecd-dc3f9ba3ae65,0.0664650946855545,2.6987693787112197e-08,4.0524279316914604e-07,360.0,0.0,10.0,6.6690690815451176e-06,0.0,1.852007531043655e-07,6.854269834649998e-06,0.0,Canada,CAN,quebec,,,Linux-5.15.0-152-generic-x86_64-with-glibc2.35,3.14.2,3.1.0,4,AMD EPYC 9554 64-Core Processor,1,1 x NVIDIA RTX A5000,,,4,machine,N
Step #960,2026-02-26T21:51:13,whisper,dd7fdf3d-1b5f-439d-9ecd-dc3f9ba3ae65,0.06686355918645859,2.793019755903956e-08,4.1700322747297996e-07,360.0,0.0,10.0,6.901975721121216e-06,0.0,1.9166896430154105e-07,7.093644685421049e-06,0.0,Canada,CAN,quebec,,,Linux-5.15.0-152-generic-x86_64-with-glibc2.35,3.14.2,3.1.0,4,AMD EPYC 9554 64-Core Processor,1,1 x NVIDIA RTX A5000,,,4,machine,N
Step #961,2026-02-26T21:51:13,whisper,dd7fdf3d-1b5f-439d-9ecd-dc3f9ba3ae65,0.07210417464375496,3.9959980296540016e-08,5.534158420632667e-07,360.0,153.4313975380949,10.0,6.9798277691004995e-06,2.97528016801607e-06,1.9383215759362295e-07,1.0148940094710165e-05,0.0,Canada,CAN,quebec,,,Linux-5.15.0-152-generic-x86_64-with-glibc2.35,3.14.2,3.1.0,4,AMD EPYC 9554 64-Core Processor,1,1 x NVIDIA RTX A5000,,,4,machine,N
Step #962,2026-02-26T21:51:13,whisper,dd7fdf3d-1b5f-439d-9ecd-dc3f9ba3ae65,0.06969302706420422,3.8311353280785613e-08,5.491429018235514e-07,360.0,115.49595665926512,10.0,7.214860804379344e-06,2.315001850661247e-06,2.0036309854025327e-07,9.730225753580221e-06,0.0,Canada,CAN,quebec,,,Linux-5.15.0-152-generic-x86_64-with-glibc2.35,3.14.2,3.1.0,4,AMD EPYC 9554 64-Core Processor,1,1 x NVIDIA RTX A5000,,,4,machine,N
Step #963,2026-02-26T21:51:13,whisper,dd7fdf3d-1b5f-439d-9ecd-dc3f9ba3ae65,0.0669013112783432,3.846758559506201e-08,5.74021979437427e-07,360.0,154.1723170778972,10.0,6.70968722552099e-06,2.873891190802169e-06,1.863268462734091e-07,9.769905262595538e-06,0.0,Canada,CAN,quebec,,,Linux-5.15.0-152-generic-x86_64-with-glibc2.35,3.14.2,3.1.0,4,AMD EPYC 9554 64-Core Processor,1,1 x NVIDIA RTX A5000,,,4,machine,N
Step #964,2026-02-26T21:51:13,whisper,dd7fdf3d-1b5f-439d-9ecd-dc3f9ba3ae65,0.07401758804917336,4.1922851774994026e-08,5.660297604773765e-07,360.0,150.78129802679217,10.0,7.3600154370072335e-06,3.0830580186602674e-06,2.0439203621613953e-07,1.0647465491883668e-05,0.0,Canada,CAN,quebec,,,Linux-5.15.0-152-generic-x86_64-with-glibc2.35,3.14.2,3.1.0,4,AMD EPYC 9554 64-Core Processor,1,1 x NVIDIA RTX A5000,,,4,machine,N
Step #965,2026-02-26T21:51:13,whisper,dd7fdf3d-1b5f-439d-9ecd-dc3f9ba3ae65,0.07032273523509502,3.5181811211501036e-08,4.991162073685291e-07,360.0,89.47806842065701,10.0,7.000701129436689e-06,1.7402791598897238e-06,1.9441186450421758e-07,8.935392153830088e-06,0.0,Canada,CAN,quebec,,,Linux-5.15.0-152-generic-x86_64-with-glibc2.35,3.14.2,3.1.0,4,AMD EPYC 9554 64-Core Processor,1,1 x NVIDIA RTX A5000,,,4,machine,N
Step #966,2026-02-26T21:51:13,whisper,dd7fdf3d-1b5f-439d-9ecd-dc3f9ba3ae65,0.06935514323413372,4.007558347612981e-08,5.774252641146136e-07,360.0,153.4338961126749,10.0,7.000016979873298e-06,2.9838912922741656e-06,1.943924412545336e-07,1.0178300713401672e-05,0.0,Canada,CAN,quebec,,,Linux-5.15.0-152-generic-x86_64-with-glibc2.35,3.14.2,3.1.0,4,AMD EPYC 9554 64-Core Processor,1,1 x NVIDIA RTX A5000,,,4,machine,N
Step #967,2026-02-26T21:51:14,whisper,dd7fdf3d-1b5f-439d-9ecd-dc3f9ba3ae65,0.06765800900757313,4.1515745659079077e-08,6.121304104544788e-07,360.0,167.33243456351133,10.0,7.064011879265135e-06,3.283891501837388e-06,1.961662744482263e-07,1.0544069655551644e-05,0.0,Canada,CAN,quebec,,,Linux-5.15.0-152-generic-x86_64-with-glibc2.35,3.14.2,3.1.0,4,AMD EPYC 9554 64-Core Processor,1,1 x NVIDIA RTX A5000,,,4,machine,N
Step #968,2026-02-26T21:51:14,whisper,dd7fdf3d-1b5f-439d-9ecd-dc3f9ba3ae65,0.0660544503480196,2.6776998575563224e-08,4.0470247802179284e-07,360.0,0.0,10.0,6.617004238068658e-06,0.0,1.837537313501014e-07,6.800757969419383e-06,0.0,Canada,CAN,quebec,,,Linux-5.15.0-152-generic-x86_64-with-glibc2.35,3.14.2,3.1.0,4,AMD EPYC 9554 64-Core Processor,1,1 x NVIDIA RTX A5000,,,4,machine,N
Step #969,2026-02-26T21:51:14,whisper,dd7fdf3d-1b5f-439d-9ecd-dc3f9ba3ae65,0.06633822433650494,2.6942259083769643e-08,4.0542759204919594e-07,360.0,0.0,10.0,6.65784478187572e-06,0.0,1.8488565563327388e-07,6.842730437507313e-06,0.0,Canada,CAN,quebec,,,Linux-5.15.0-152-generic-x86_64-with-glibc2.35,3.14.2,3.1.0,4,AMD EPYC 9554 64-Core Processor,1,1 x NVIDIA RTX A5000,,,4,machine,N
Step #970,2026-02-26T21:51:14,whisper,dd7fdf3d-1b5f-439d-9ecd-dc3f9ba3ae65,0.0676475316286087,2.8510834777737966e-08,4.204746949118556e-07,360.0,0.0,10.0,7.045493274926776e-06,0.0,1.9562026071879776e-07,7.241113535646007e-06,0.0,Canada,CAN,quebec,,,Linux-5.15.0-152-generic-x86_64-with-glibc2.35,3.14.2,3.1.0,4,AMD EPYC 9554 64-Core Processor,1,1 x NVIDIA RTX A5000,,,4,machine,N
Step #971,2026-02-26T21:51:14,whisper,dd7fdf3d-1b5f-439d-9ecd-dc3f9ba3ae65,0.06612994149327278,4.147478822093411e-08,6.262511603985768e-07,360.0,201.62569821604143,10.0,6.633616238832345e-06,3.7158362999889505e-06,1.8421484467882822e-07,1.0533667383500964e-05,0.0,Canada,CAN,quebec,,,Linux-5.15.0-152-generic-x86_64-with-glibc2.35,3.14.2,3.1.0,4,AMD EPYC 9554 64-Core Processor,1,1 x NVIDIA RTX A5000,,,4,machine,N
Step #972,2026-02-26T21:51:14,whisper,dd7fdf3d-1b5f-439d-9ecd-dc3f9ba3ae65,0.06895999610424042,3.695185739774294e-08,5.356266305000974e-07,360.0,118.81260462815811,10.0,6.911618821323247e-06,2.2813907065710737e-06,1.9193471719822631e-07,9.384944245091273e-06,0.0,Canada,CAN,quebec,,,Linux-5.15.0-152-generic-x86_64-with-glibc2.35,3.14.2,3.1.0,4,AMD EPYC 9554 64-Core Processor,1,1 x NVIDIA RTX A5000,,,4,machine,N
Step #973,2026-02-26T21:51:14,whisper,dd7fdf3d-1b5f-439d-9ecd-dc3f9ba3ae65,0.06990855745971203,4.2941028197257254e-08,6.130311276485397e-07,360.0,168.6323547420594,10.0,7.288915663957243e-06,3.414724957906401e-06,2.0241887929538108e-07,1.0906059501158971e-05,0.0,Canada,CAN,quebec,,,Linux-5.15.0-152-generic-x86_64-with-glibc2.35,3.14.2,3.1.0,4,AMD EPYC 9554 64-Core Processor,1,1 x NVIDIA RTX A5000,,,4,machine,N
Step #974,2026-02-26T21:51:14,whisper,dd7fdf3d-1b5f-439d-9ecd-dc3f9ba3ae65,0.07244455814361572,4.0797076307327775e-08,5.625579824328029e-07,360.0,168.41264547021416,10.0,6.927765160798759e-06,3.241391482333711e-06,1.9238709161677713e-07,1.0361543734750331e-05,0.0,Canada,CAN,quebec,,,Linux-5.15.0-152-generic-x86_64-with-glibc2.35,3.14.2,3.1.0,4,AMD EPYC 9554 64-Core Processor,1,1 x NVIDIA RTX A5000,,,4,machine,N
Step #975,2026-02-26T21:51:14,whisper,dd7fdf3d-1b5f-439d-9ecd-dc3f9ba3ae65,0.07413492724299431,4.15262787039608e-08,5.59308712848853e-07,360.0,140.89586843885115,10.0,7.431476004422094e-06,2.908891218567078e-06,2.063775900751374e-07,1.0546744813063821e-05,0.0,Canada,CAN,quebec,,,Linux-5.15.0-152-generic-x86_64-with-glibc2.35,3.14.2,3.1.0,4,AMD EPYC 9554 64-Core Processor,1,1 x NVIDIA RTX A5000,,,4,machine,N
Step #976,2026-02-26T21:51:14,whisper,dd7fdf3d-1b5f-439d-9ecd-dc3f9ba3ae65,0.0663770642131567,3.814926298522709e-08,5.738969618941764e-07,360.0,135.62289951550653,10.0,6.898320838808619e-06,2.599168752226433e-06,1.9156885747281718e-07,9.689058448508411e-06,0.0,Canada,CAN,quebec,,,Linux-5.15.0-152-generic-x86_64-with-glibc2.35,3.14.2,3.1.0,4,AMD EPYC 9554 64-Core Processor,1,1 x NVIDIA RTX A5000,,,4,machine,N
Step #977,2026-02-26T21:51:14,whisper,dd7fdf3d-1b5f-439d-9ecd-dc3f9ba3ae65,0.06976771540939808,2.8084998975164252e-08,4.0208721919772575e-07,360.0,0.0,10.0,6.940230354666316e-06,0.0,1.9273042368392638e-07,7.132960778350947e-06,0.0,Canada,CAN,quebec,,,Linux-5.15.0-152-generic-x86_64-with-glibc2.35,3.14.2,3.1.0,4,AMD EPYC 9554 64-Core Processor,1,1 x NVIDIA RTX A5000,,,4,machine,N
Step #978,2026-02-26T21:51:14,whisper,dd7fdf3d-1b5f-439d-9ecd-dc3f9ba3ae65,0.06719032675027847,2.751682206485179e-08,4.0795907417498725e-07,360.0,0.0,10.0,6.799827329814073e-06,0.0,1.8882923759520821e-07,6.988656567409254e-06,0.0,Canada,CAN,quebec,,,Linux-5.15.0-152-generic-x86_64-with-glibc2.35,3.14.2,3.1.0,4,AMD EPYC 9554 64-Core Processor,1,1 x NVIDIA RTX A5000,,,4,machine,N
Step #979,2026-02-26T21:51:15,whisper,dd7fdf3d-1b5f-439d-9ecd-dc3f9ba3ae65,0.06996411830186844,3.9292965150292006e-08,5.60896186230894e-07,360.0,171.2473914645303,10.0,6.637431494891342e-06,3.157780312790237e-06,1.8432137763335112e-07,9.979533185315581e-06,0.0,Canada,CAN,quebec,,,Linux-5.15.0-152-generic-x86_64-with-glibc2.35,3.14.2,3.1.0,4,AMD EPYC 9554 64-Core Processor,1,1 x NVIDIA RTX A5000,,,4,machine,N
Step #980,2026-02-26T21:51:15,whisper,dd7fdf3d-1b5f-439d-9ecd-dc3f9ba3ae65,0.06818313896656036,3.7948853239699485e-08,5.560638297629174e-07,360.0,112.75248860820747,10.0,7.18717705458418e-06,2.251390696983435e-06,1.9959110973609916e-07,9.638158861303633e-06,0.0,Canada,CAN,quebec,,,Linux-5.15.0-152-generic-x86_64-with-glibc2.35,3.14.2,3.1.0,4,AMD EPYC 9554 64-Core Processor,1,1 x NVIDIA RTX A5000,,,4,machine,N
Step #981,2026-02-26T21:51:15,whisper,dd7fdf3d-1b5f-439d-9ecd-dc3f9ba3ae65,0.0683311503380537,3.797562616913362e-08,5.54820897134048e-07,360.0,136.4110684718953,10.0,6.856222264468512e-06,2.598335399284224e-06,1.90400922050072e-07,9.644958585802374e-06,0.0,Canada,CAN,quebec,,,Linux-5.15.0-152-generic-x86_64-with-glibc2.35,3.14.2,3.1.0,4,AMD EPYC 9554 64-Core Processor,1,1 x NVIDIA RTX A5000,,,4,machine,N
Step #982,2026-02-26T21:51:15,whisper,dd7fdf3d-1b5f-439d-9ecd-dc3f9ba3ae65,0.07004475966095924,4.2166538164522334e-08,6.008364843851414e-07,360.0,183.24358288849888,10.0,6.968340463936115e-06,3.5475028425935307e-06,1.9351307095752173e-07,1.0709356377487655e-05,0.0,Canada,CAN,quebec,,,Linux-5.15.0-152-generic-x86_64-with-glibc2.35,3.14.2,3.1.0,4,AMD EPYC 9554 64-Core Processor,1,1 x NVIDIA RTX A5000,,,4,machine,N
Step #983,2026-02-26T21:51:15,whisper,dd7fdf3d-1b5f-439d-9ecd-dc3f9ba3ae65,0.07219413667917252,4.0543025428672766e-08,5.609192775034136e-07,360.0,161.00473535389136,10.0,6.980661861598694e-06,3.1225025054482103e-06,1.9385613397591745e-07,1.0297020501022144e-05,0.0,Canada,CAN,quebec,,,Linux-5.15.0-152-generic-x86_64-with-glibc2.35,3.14.2,3.1.0,4,AMD EPYC 9554 64-Core Processor,1,1 x NVIDIA RTX A5000,,,4,machine,N
Step #984,2026-02-26T21:51:15,whisper,dd7fdf3d-1b5f-439d-9ecd-dc3f9ba3ae65,0.07017152197659016,4.056627947754643e-08,5.770794176818857e-07,360.0,146.56891145203238,10.0,7.179921120405164e-06,2.9236134366783517e-06,1.9939195157752006e-07,1.0302926508661686e-05,0.0,Canada,CAN,quebec,,,Linux-5.15.0-152-generic-x86_64-with-glibc2.35,3.14.2,3.1.0,4,AMD EPYC 9554 64-Core Processor,1,1 x NVIDIA RTX A5000,,,4,machine,N
Step #985,2026-02-26T21:51:15,whisper,dd7fdf3d-1b5f-439d-9ecd-dc3f9ba3ae65,0.06996528059244156,3.635786236281472e-08,5.190524106186178e-07,360.0,121.0161367368666,10.0,6.769968010485357e-06,2.276112937238395e-06,1.8800186096792838e-07,9.234082808690786e-06,0.0,Canada,CAN,quebec,,,Linux-5.15.0-152-generic-x86_64-with-glibc2.35,3.14.2,3.1.0,4,AMD EPYC 9554 64-Core Processor,1,1 x NVIDIA RTX A5000,,,4,machine,N
Step #986,2026-02-26T21:51:15,whisper,dd7fdf3d-1b5f-439d-9ecd-dc3f9ba3ae65,0.07196145132184029,2.9068062121330527e-08,4.0328701074490826e-07,360.0,0.0,10.0,7.18315634876468e-06,0.0,1.9948045309220344e-07,7.38263680185626e-06,0.0,Canada,CAN,quebec,,,Linux-5.15.0-152-generic-x86_64-with-glibc2.35,3.14.2,3.1.0,4,AMD EPYC 9554 64-Core Processor,1,1 x NVIDIA RTX A5000,,,4,machine,N
Step #987,2026-02-26T21:51:15,whisper,dd7fdf3d-1b5f-439d-9ecd-dc3f9ba3ae65,0.07412599958479404,2.8902148590871136e-08,3.8957021964150116e-07,360.0,0.0,10.0,7.142156735062341e-06,0.0,1.9834174567627321e-07,7.340498480739102e-06,0.0,Canada,CAN,quebec,,,Linux-5.15.0-152-generic-x86_64-with-glibc2.35,3.14.2,3.1.0,4,AMD EPYC 9554 64-Core Processor,1,1 x NVIDIA RTX A5000,,,4,machine,N
Step #988,2026-02-26T21:51:15,whisper,dd7fdf3d-1b5f-439d-9ecd-dc3f9ba3ae65,0.07082394883036613,3.0116477465400016e-08,4.239339622166927e-07,360.0,0.0,10.0,7.442233338952192e-06,0.0,2.0667748111817975e-07,7.648910820071131e-06,0.0,Canada,CAN,quebec,,,Linux-5.15.0-152-generic-x86_64-with-glibc2.35,3.14.2,3.1.0,4,AMD EPYC 9554 64-Core Processor,1,1 x NVIDIA RTX A5000,,,4,machine,N
Step #989,2026-02-26T21:51:15,whisper,dd7fdf3d-1b5f-439d-9ecd-dc3f9ba3ae65,0.06653373874723911,2.9024725991750927e-08,4.353388049086346e-07,360.0,0.0,10.0,7.1724390611049155e-06,0.0,1.9919133434692844e-07,7.371630395451925e-06,0.0,Canada,CAN,quebec,,,Linux-5.15.0-152-generic-x86_64-with-glibc2.35,3.14.2,3.1.0,4,AMD EPYC 9554 64-Core Processor,1,1 x NVIDIA RTX A5000,,,4,machine,N
Step #990,2026-02-26T21:51:16,whisper,dd7fdf3d-1b5f-439d-9ecd-dc3f9ba3ae65,0.0662439651787281,3.9584347892228594e-08,5.96963412157325e-07,360.0,175.11712674929487,10.0,6.639165431260828e-06,3.2300025765152895e-06,1.84369868495393e-07,1.0053537876272486e-05,0.0,Canada,CAN,quebec,,,Linux-5.15.0-152-generic-x86_64-with-glibc2.35,3.14.2,3.1.0,4,AMD EPYC 9554 64-Core Processor,1,1 x NVIDIA RTX A5000,,,4,machine,N
Step #991,2026-02-26T21:51:16,whisper,dd7fdf3d-1b5f-439d-9ecd-dc3f9ba3ae65,0.07255424186587334,3.615085261457723e-08,4.977056070460638e-07,360.0,87.68141997149263,10.0,7.221787609160146e-06,1.7591680716577685e-06,2.0055128778848205e-07,9.181506968606451e-06,0.0,Canada,CAN,quebec,,,Linux-5.15.0-152-generic-x86_64-with-glibc2.35,3.14.2,3.1.0,4,AMD EPYC 9554 64-Core Processor,1,1 x NVIDIA RTX A5000,,,4,machine,N
Step #992,2026-02-26T21:51:16,whisper,dd7fdf3d-1b5f-439d-9ecd-dc3f9ba3ae65,0.06764584220945835,3.7554121830397414e-08,5.542213278833466e-07,360.0,136.0239287549441,10.0,6.785308383405221e-06,2.564168724461524e-06,1.884288154542339e-07,9.537905923319434e-06,0.0,Canada,CAN,quebec,,,Linux-5.15.0-152-generic-x86_64-with-glibc2.35,3.14.2,3.1.0,4,AMD EPYC 9554 64-Core Processor,1,1 x NVIDIA RTX A5000,,,4,machine,N
Step #993,2026-02-26T21:51:16,whisper,dd7fdf3d-1b5f-439d-9ecd-dc3f9ba3ae65,0.06952902302145958,3.9240342471853675e-08,5.631948075946911e-07,360.0,149.2151321265184,10.0,6.90983179956698e-06,2.864446742023574e-06,1.9188966188165234e-07,9.966168203472126e-06,0.0,Canada,CAN,quebec,,,Linux-5.15.0-152-generic-x86_64-with-glibc2.35,3.14.2,3.1.0,4,AMD EPYC 9554 64-Core Processor,1,1 x NVIDIA RTX A5000,,,4,machine,N
Step #994,2026-02-26T21:51:16,whisper,dd7fdf3d-1b5f-439d-9ecd-dc3f9ba3ae65,0.06603595986962318,3.5981221210296805e-08,5.439583092808255e-07,360.0,126.74407518090142,10.0,6.622569076716704e-06,2.331946305389465e-06,1.83909008693358e-07,9.138424390800828e-06,0.0,Canada,CAN,quebec,,,Linux-5.15.0-152-generic-x86_64-with-glibc2.35,3.14.2,3.1.0,4,AMD EPYC 9554 64-Core Processor,1,1 x NVIDIA RTX A5000,,,4,machine,N
Step #995,2026-02-26T21:51:16,whisper,dd7fdf3d-1b5f-439d-9ecd-dc3f9ba3ae65,0.07293791696429253,3.768368737234074e-08,5.151723618341357e-07,360.0,103.32057957148064,10.0,7.279220409691159e-06,2.0894461130183117e-06,2.021461466534364e-07,9.570812669362772e-06,0.0,Canada,CAN,quebec,,,Linux-5.15.0-152-generic-x86_64-with-glibc2.35,3.14.2,3.1.0,4,AMD EPYC 9554 64-Core Processor,1,1 x NVIDIA RTX A5000,,,4,machine,N
Step #996,2026-02-26T21:51:16,whisper,dd7fdf3d-1b5f-439d-9ecd-dc3f9ba3ae65,0.06637045554816723,2.7188999962617305e-08,4.0892720194604184e-07,360.0,0.0,10.0,6.718816608190965e-06,0.0,1.865804868025889e-07,6.9053970949920634e-06,0.0,Canada,CAN,quebec,,,Linux-5.15.0-152-generic-x86_64-with-glibc2.35,3.14.2,3.1.0,4,AMD EPYC 9554 64-Core Processor,1,1 x NVIDIA RTX A5000,,,4,machine,N
Step #997,2026-02-26T21:51:16,whisper,dd7fdf3d-1b5f-439d-9ecd-dc3f9ba3ae65,0.06651623733341694,2.6993902051659717e-08,4.052848244165458e-07,360.0,0.0,10.0,6.6706039011481255e-06,0.0,1.8524269366430434e-07,6.855846594811671e-06,0.0,Canada,CAN,quebec,,,Linux-5.15.0-152-generic-x86_64-with-glibc2.35,3.14.2,3.1.0,4,AMD EPYC 9554 64-Core Processor,1,1 x NVIDIA RTX A5000,,,4,machine,N
Step #998,2026-02-26T21:51:16,whisper,dd7fdf3d-1b5f-439d-9ecd-dc3f9ba3ae65,0.07058758847415447,3.8344525755399826e-08,5.422622170311875e-07,360.0,129.08695658911375,10.0,7.02441520988948e-06,2.5191686887637843e-06,1.950669205851019e-07,9.738650819237499e-06,0.0,Canada,CAN,quebec,,,Linux-5.15.0-152-generic-x86_64-with-glibc2.35,3.14.2,3.1.0,4,AMD EPYC 9554 64-Core Processor,1,1 x NVIDIA RTX A5000,,,4,machine,N
Step #999,2026-02-26T21:51:16,whisper,dd7fdf3d-1b5f-439d-9ecd-dc3f9ba3ae65,0.06749073974788189,3.471166278995057e-08,5.134357105058471e-07,360.0,96.4441157437113,10.0,6.803981587291154e-06,1.8230570191235529e-06,1.889463772790389e-07,8.81598498369239e-06,0.0,Canada,CAN,quebec,,,Linux-5.15.0-152-generic-x86_64-with-glibc2.35,3.14.2,3.1.0,4,AMD EPYC 9554 64-Core Processor,1,1 x NVIDIA RTX A5000,,,4,machine,N
Step #1000,2026-02-26T21:51:16,whisper,dd7fdf3d-1b5f-439d-9ecd-dc3f9ba3ae65,0.07813173718750477,4.181866683349727e-08,5.343340582551266e-07,360.0,117.2352973375159,10.0,7.847244292497751e-06,2.5558353797805466e-06,2.1792517768012788e-07,1.062100484995783e-05,0.0,Canada,CAN,quebec,,,Linux-5.15.0-152-generic-x86_64-with-glibc2.35,3.14.2,3.1.0,4,AMD EPYC 9554 64-Core Processor,1,1 x NVIDIA RTX A5000,,,4,machine,N
Step #1001,2026-02-26T21:51:17,whisper,dd7fdf3d-1b5f-439d-9ecd-dc3f9ba3ae65,0.07546310871839523,3.900156289180152e-08,5.15933297871699e-07,360.0,102.57461321066383,10.0,7.5456935912368225e-06,2.1502794851357976e-06,2.0955046121446308e-07,9.905523537587571e-06,0.0,Canada,CAN,quebec,,,Linux-5.15.0-152-generic-x86_64-with-glibc2.35,3.14.2,3.1.0,4,AMD EPYC 9554 64-Core Processor,1,1 x NVIDIA RTX A5000,,,4,machine,N
Step #1002,2026-02-26T21:51:17,whisper,dd7fdf3d-1b5f-439d-9ecd-dc3f9ba3ae65,0.06853204220533371,3.605114972490191e-08,5.252334606232342e-07,360.0,106.9463875309855,10.0,6.910922937095401e-06,2.0533349811557855e-06,1.91926749216185e-07,9.15618466746683e-06,0.0,Canada,CAN,quebec,,,Linux-5.15.0-152-generic-x86_64-with-glibc2.35,3.14.2,3.1.0,4,AMD EPYC 9554 64-Core Processor,1,1 x NVIDIA RTX A5000,,,4,machine,N
Step #1003,2026-02-26T21:51:17,whisper,dd7fdf3d-1b5f-439d-9ecd-dc3f9ba3ae65,0.0672842264175415,3.942232662856101e-08,5.837756198511188e-07,360.0,159.63148838472503,10.0,6.805335544049496e-06,3.01805798130772e-06,1.8899457839629012e-07,1.001238810375421e-05,0.0,Canada,CAN,quebec,,,Linux-5.15.0-152-generic-x86_64-with-glibc2.35,3.14.2,3.1.0,4,AMD EPYC 9554 64-Core Processor,1,1 x NVIDIA RTX A5000,,,4,machine,N
Step #1004,2026-02-26T21:51:17,whisper,dd7fdf3d-1b5f-439d-9ecd-dc3f9ba3ae65,0.06541619263589382,3.688145143305424e-08,5.62909446855496e-07,360.0,143.67585395980478,10.0,6.564486771822205e-06,2.6202798579788578e-06,1.8229607699646279e-07,9.367062706796062e-06,0.0,Canada,CAN,quebec,,,Linux-5.15.0-152-generic-x86_64-with-glibc2.35,3.14.2,3.1.0,4,AMD EPYC 9554 64-Core Processor,1,1 x NVIDIA RTX A5000,,,4,machine,N
Step #1005,2026-02-26T21:51:17,whisper,dd7fdf3d-1b5f-439d-9ecd-dc3f9ba3ae65,0.0702783353626728,4.030188371006646e-08,5.725207174873791e-07,360.0,157.4506731736499,10.0,6.98594059795124e-06,3.0558357906329547e-06,1.9399951626028868e-07,1.0235775904844646e-05,0.0,Canada,CAN,quebec,,,Linux-5.15.0-152-generic-x86_64-with-glibc2.35,3.14.2,3.1.0,4,AMD EPYC 9554 64-Core Processor,1,1 x NVIDIA RTX A5000,,,4,machine,N
Step #1006,2026-02-26T21:51:17,whisper,dd7fdf3d-1b5f-439d-9ecd-dc3f9ba3ae65,0.06638066470623016,3.4445052746249994e-08,5.176553225656262e-07,360.0,102.42692045580127,10.0,6.666205823421464e-06,1.8969459603113137e-06,1.8512021957172342e-07,8.748272003304691e-06,0.0,Canada,CAN,quebec,,,Linux-5.15.0-152-generic-x86_64-with-glibc2.35,3.14.2,3.1.0,4,AMD EPYC 9554 64-Core Processor,1,1 x NVIDIA RTX A5000,,,4,machine,N
Step #1007,2026-02-26T21:51:17,whisper,dd7fdf3d-1b5f-439d-9ecd-dc3f9ba3ae65,0.06781748123466969,3.977189756505572e-08,5.852328147401212e-07,360.0,151.9812281951646,10.0,6.966322287917451e-06,2.941391244348779e-06,1.934577607446233e-07,1.0101171293011232e-05,0.0,Canada,CAN,quebec,,,Linux-5.15.0-152-generic-x86_64-with-glibc2.35,3.14.2,3.1.0,4,AMD EPYC 9554 64-Core Processor,1,1 x NVIDIA RTX A5000,,,4,machine,N
Step #1008,2026-02-26T21:51:17,whisper,dd7fdf3d-1b5f-439d-9ecd-dc3f9ba3ae65,0.06655251607298851,3.707368710310422e-08,5.560961883122982e-07,360.0,137.8488925257078,10.0,6.674424000084091e-06,2.5561131593576647e-06,1.8534910244246902e-07,9.415886261885525e-06,0.0,Canada,CAN,quebec,,,Linux-5.15.0-152-generic-x86_64-with-glibc2.35,3.14.2,3.1.0,4,AMD EPYC 9554 64-Core Processor,1,1 x NVIDIA RTX A5000,,,4,machine,N
Step #1009,2026-02-26T21:51:17,whisper,dd7fdf3d-1b5f-439d-9ecd-dc3f9ba3ae65,0.07120380364358425,2.868134657903101e-08,4.0231830380936873e-07,360.0,0.0,10.0,7.087594829500131e-06,0.0,1.9682488507693423e-07,7.2844197145753575e-06,0.0,Canada,CAN,quebec,,,Linux-5.15.0-152-generic-x86_64-with-glibc2.35,3.14.2,3.1.0,4,AMD EPYC 9554 64-Core Processor,1,1 x NVIDIA RTX A5000,,,4,machine,N
Step #1010,2026-02-26T21:51:17,whisper,dd7fdf3d-1b5f-439d-9ecd-dc3f9ba3ae65,0.06526440195739269,2.6521486317259465e-08,4.05249924406494e-07,360.0,0.0,10.0,6.553862430155356e-06,0.0,1.8200114783312312e-07,6.735863577987666e-06,0.0,Canada,CAN,quebec,,,Linux-5.15.0-152-generic-x86_64-with-glibc2.35,3.14.2,3.1.0,4,AMD EPYC 9554 64-Core Processor,1,1 x NVIDIA RTX A5000,,,4,machine,N
Step #1011,2026-02-26T21:51:17,whisper,dd7fdf3d-1b5f-439d-9ecd-dc3f9ba3ae65,0.06581667065620422,3.7682345851702945e-08,5.718347914777636e-07,360.0,152.11631901201977,10.0,6.598613969981647e-06,2.788613343795987e-06,1.8324463938674596e-07,9.570471953164461e-06,0.0,Canada,CAN,quebec,,,Linux-5.15.0-152-generic-x86_64-with-glibc2.35,3.14.2,3.1.0,4,AMD EPYC 9554 64-Core Processor,1,1 x NVIDIA RTX A5000,,,4,machine,N
Step #1012,2026-02-26T21:51:18,whisper,dd7fdf3d-1b5f-439d-9ecd-dc3f9ba3ae65,0.07081001065671444,3.3333001827729836e-08,4.702276884669142e-07,360.0,63.018640899965995,10.0,7.038161717355662e-06,1.2322232123551657e-06,1.9545104458100525e-07,8.46583597429243e-06,0.0,Canada,CAN,quebec,,,Linux-5.15.0-152-generic-x86_64-with-glibc2.35,3.14.2,3.1.0,4,AMD EPYC 9554 64-Core Processor,1,1 x NVIDIA RTX A5000,,,4,machine,N
Step #1013,2026-02-26T21:51:18,whisper,dd7fdf3d-1b5f-439d-9ecd-dc3f9ba3ae65,0.06794336251914501,4.0735409658882685e-08,5.985850435541904e-07,360.0,164.35682309620455,10.0,6.969826482236714e-06,3.182502538834342e-06,1.9355276599525165e-07,1.0345881787065386e-05,0.0,Canada,CAN,quebec,,,Linux-5.15.0-152-generic-x86_64-with-glibc2.35,3.14.2,3.1.0,4,AMD EPYC 9554 64-Core Processor,1,1 x NVIDIA RTX A5000,,,4,machine,N
Step #1014,2026-02-26T21:51:18,whisper,dd7fdf3d-1b5f-439d-9ecd-dc3f9ba3ae65,0.06591652147471905,4.1857596583613635e-08,6.33803927062662e-07,360.0,208.38474779896077,10.0,6.616592034697395e-06,3.8305586258502444e-06,1.837414741102277e-07,1.063089213465887e-05,0.0,Canada,CAN,quebec,,,Linux-5.15.0-152-generic-x86_64-with-glibc2.35,3.14.2,3.1.0,4,AMD EPYC 9554 64-Core Processor,1,1 x NVIDIA RTX A5000,,,4,machine,N
Step #1015,2026-02-26T21:51:18,whisper,dd7fdf3d-1b5f-439d-9ecd-dc3f9ba3ae65,0.07412289083003998,4.215958640940568e-08,5.677988299261884e-07,360.0,146.41336545619345,10.0,7.464192621409703e-06,3.036113540133556e-06,2.072846258266035e-07,1.0707590787370838e-05,0.0,Canada,CAN,quebec,,,Linux-5.15.0-152-generic-x86_64-with-glibc2.35,3.14.2,3.1.0,4,AMD EPYC 9554 64-Core Processor,1,1 x NVIDIA RTX A5000,,,4,machine,N
Step #1016,2026-02-26T21:51:18,whisper,dd7fdf3d-1b5f-439d-9ecd-dc3f9ba3ae65,0.0763806477189064,4.1665027187684966e-08,5.447530207185159e-07,360.0,126.44638009545639,10.0,7.6733313500877e-06,2.6955577112630635e-06,2.1309475931857572e-07,1.0581983820669855e-05,0.0,Canada,CAN,quebec,,,Linux-5.15.0-152-generic-x86_64-with-glibc2.35,3.14.2,3.1.0,4,AMD EPYC 9554 64-Core Processor,1,1 x NVIDIA RTX A5000,,,4,machine,N
Step #1017,2026-02-26T21:51:18,whisper,dd7fdf3d-1b5f-439d-9ecd-dc3f9ba3ae65,0.06562056578695774,2.666848290020196e-08,4.0551408209857274e-07,360.0,0.0,10.0,6.590189784765055e-06,0.0,1.8300763331353161e-07,6.773197418078261e-06,0.0,Canada,CAN,quebec,,,Linux-5.15.0-152-generic-x86_64-with-glibc2.35,3.14.2,3.1.0,4,AMD EPYC 9554 64-Core Processor,1,1 x NVIDIA RTX A5000,,,4,machine,N
Step #1018,2026-02-26T21:51:18,whisper,dd7fdf3d-1b5f-439d-9ecd-dc3f9ba3ae65,0.0663632433861494,2.6937342094089103e-08,4.053687240930408e-07,360.0,0.0,10.0,6.6566266119479425e-06,0.0,1.8485502029457986e-07,6.841481632243254e-06,0.0,Canada,CAN,quebec,,,Linux-5.15.0-152-generic-x86_64-with-glibc2.35,3.14.2,3.1.0,4,AMD EPYC 9554 64-Core Processor,1,1 x NVIDIA RTX A5000,,,4,machine,N
Step #1019,2026-02-26T21:51:18,whisper,dd7fdf3d-1b5f-439d-9ecd-dc3f9ba3ae65,0.06666637025773525,2.7299505405250146e-08,4.0872919436668355e-07,360.0,0.0,10.0,6.7461218684911756e-06,0.0,1.8734113416737225e-07,6.933463002659415e-06,0.0,Canada,CAN,quebec,,,Linux-5.15.0-152-generic-x86_64-with-glibc2.35,3.14.2,3.1.0,4,AMD EPYC 9554 64-Core Processor,1,1 x NVIDIA RTX A5000,,,4,machine,N
Step #1020,2026-02-26T21:51:18,whisper,dd7fdf3d-1b5f-439d-9ecd-dc3f9ba3ae65,0.06594320945441723,3.8075596144113014e-08,5.764452154110294e-07,360.0,155.5918046980884,10.0,6.623358093202532e-06,2.863057844137984e-06,1.839327832890941e-07,9.67034872062858e-06,0.0,Canada,CAN,quebec,,,Linux-5.15.0-152-generic-x86_64-with-glibc2.35,3.14.2,3.1.0,4,AMD EPYC 9554 64-Core Processor,1,1 x NVIDIA RTX A5000,,,4,machine,N
Step #1021,2026-02-26T21:51:18,whisper,dd7fdf3d-1b5f-439d-9ecd-dc3f9ba3ae65,0.07267400249838829,3.461174376930199e-08,4.750812073054943e-07,360.0,66.79584847539935,10.0,7.244965992868162e-06,1.3444455220223972e-06,2.0119627523753855e-07,8.790607790127095e-06,0.0,Canada,CAN,quebec,,,Linux-5.15.0-152-generic-x86_64-with-glibc2.35,3.14.2,3.1.0,4,AMD EPYC 9554 64-Core Processor,1,1 x NVIDIA RTX A5000,,,4,machine,N
Step #1022,2026-02-26T21:51:18,whisper,dd7fdf3d-1b5f-439d-9ecd-dc3f9ba3ae65,0.0680738240480423,3.9443689488928145e-08,5.787096972769563e-07,360.0,155.33812934565427,10.0,6.864677369594965e-06,2.9625023643120585e-06,1.9063405796057825e-07,1.001781379186828e-05,0.0,Canada,CAN,quebec,,,Linux-5.15.0-152-generic-x86_64-with-glibc2.35,3.14.2,3.1.0,4,AMD EPYC 9554 64-Core Processor,1,1 x NVIDIA RTX A5000,,,4,machine,N
Step #1023,2026-02-26T21:51:19,whisper,dd7fdf3d-1b5f-439d-9ecd-dc3f9ba3ae65,0.06823161989450455,3.840054181010282e-08,5.618070662771621e-07,360.0,146.11429666864277,10.0,6.802577339112478e-06,2.7613911015578196e-06,1.8890920198624686e-07,9.75287764265649e-06,0.0,Canada,CAN,quebec,,,Linux-5.15.0-152-generic-x86_64-with-glibc2.35,3.14.2,3.1.0,4,AMD EPYC 9554 64-Core Processor,1,1 x NVIDIA RTX A5000,,,4,machine,N
Step #1024,2026-02-26T21:51:19,whisper,dd7fdf3d-1b5f-439d-9ecd-dc3f9ba3ae65,0.06958097591996193,4.030067377755556e-08,5.754193484475483e-07,360.0,143.82235555719336,10.0,7.1710459887981e-06,2.8652800665440736e-06,1.991425537400688e-07,1.0235468609082893e-05,0.0,Canada,CAN,quebec,,,Linux-5.15.0-152-generic-x86_64-with-glibc2.35,3.14.2,3.1.0,4,AMD EPYC 9554 64-Core Processor,1,1 x NVIDIA RTX A5000,,,4,machine,N
Step #1025,2026-02-26T21:51:19,whisper,dd7fdf3d-1b5f-439d-9ecd-dc3f9ba3ae65,0.07275818288326263,3.7552277717176725e-08,5.153081153199128e-07,360.0,103.97853946815098,10.0,7.2437720373269565e-06,2.0925016883666103e-06,2.011638341678512e-07,9.537437559862041e-06,0.0,Canada,CAN,quebec,,,Linux-5.15.0-152-generic-x86_64-with-glibc2.35,3.14.2,3.1.0,4,AMD EPYC 9554 64-Core Processor,1,1 x NVIDIA RTX A5000,,,4,machine,N
Step #1026,2026-02-26T21:51:19,whisper,dd7fdf3d-1b5f-439d-9ecd-dc3f9ba3ae65,0.06817321665585041,2.802352076483112e-08,4.103828922355057e-07,360.0,0.0,10.0,6.925038993358529e-06,0.0,1.923076963673148e-07,7.117346689726467e-06,0.0,Canada,CAN,quebec,,,Linux-5.15.0-152-generic-x86_64-with-glibc2.35,3.14.2,3.1.0,4,AMD EPYC 9554 64-Core Processor,1,1 x NVIDIA RTX A5000,,,4,machine,N
Step #1027,2026-02-26T21:51:19,whisper,dd7fdf3d-1b5f-439d-9ecd-dc3f9ba3ae65,0.07171532139182091,2.9118600950928304e-08,4.050852234593865e-07,360.0,0.0,10.0,7.195645384490412e-06,0.0,1.9982714826862293e-07,7.395472532759767e-06,0.0,Canada,CAN,quebec,,,Linux-5.15.0-152-generic-x86_64-with-glibc2.35,3.14.2,3.1.0,4,AMD EPYC 9554 64-Core Processor,1,1 x NVIDIA RTX A5000,,,4,machine,N
Step #1028,2026-02-26T21:51:19,whisper,dd7fdf3d-1b5f-439d-9ecd-dc3f9ba3ae65,0.06599696911871433,2.6788501586522888e-08,4.0531585773775547e-07,360.0,0.0,10.0,6.619847193359979e-06,0.0,1.8383228323525847e-07,6.803679476594451e-06,0.0,Canada,CAN,quebec,,,Linux-5.15.0-152-generic-x86_64-with-glibc2.35,3.14.2,3.1.0,4,AMD EPYC 9554 64-Core Processor,1,1 x NVIDIA RTX A5000,,,4,machine,N
Step #1029,2026-02-26T21:51:19,whisper,dd7fdf3d-1b5f-439d-9ecd-dc3f9ba3ae65,0.06983609683811665,3.5631281787534385e-08,5.096564889623419e-07,360.0,117.59597192549252,10.0,6.6812319681050156e-06,2.182779539339208e-06,1.8553610684144133e-07,9.049547614284337e-06,0.0,Canada,CAN,quebec,,,Linux-5.15.0-152-generic-x86_64-with-glibc2.35,3.14.2,3.1.0,4,AMD EPYC 9554 64-Core Processor,1,1 x NVIDIA RTX A5000,,,4,machine,N
Step #1030,2026-02-26T21:51:19,whisper,dd7fdf3d-1b5f-439d-9ecd-dc3f9ba3ae65,0.06793256290256977,3.424120416254604e-08,5.031762218060713e-07,360.0,73.65081646319955,10.0,7.056643813848663e-06,1.443890027985617e-06,1.9596518638232275e-07,8.69649902821533e-06,0.0,Canada,CAN,quebec,,,Linux-5.15.0-152-generic-x86_64-with-glibc2.35,3.14.2,3.1.0,4,AMD EPYC 9554 64-Core Processor,1,1 x NVIDIA RTX A5000,,,4,machine,N
Step #1031,2026-02-26T21:51:19,whisper,dd7fdf3d-1b5f-439d-9ecd-dc3f9ba3ae65,0.06618634425103664,3.3965592303452654e-08,5.125698405627518e-07,360.0,97.56570146925543,10.0,6.6417776048181484e-06,1.800279221697565e-06,1.8444296179546873e-07,8.626499788312592e-06,0.0,Canada,CAN,quebec,,,Linux-5.15.0-152-generic-x86_64-with-glibc2.35,3.14.2,3.1.0,4,AMD EPYC 9554 64-Core Processor,1,1 x NVIDIA RTX A5000,,,4,machine,N
Step #1032,2026-02-26T21:51:19,whisper,dd7fdf3d-1b5f-439d-9ecd-dc3f9ba3ae65,0.07016053982079029,3.956165448252972e-08,5.631463630871862e-07,360.0,148.0416428444446,10.0,6.982206553220703e-06,2.8716689683960794e-06,1.938987368096945e-07,1.0047774258427344e-05,0.0,Canada,CAN,quebec,,,Linux-5.15.0-152-generic-x86_64-with-glibc2.35,3.14.2,3.1.0,4,AMD EPYC 9554 64-Core Processor,1,1 x NVIDIA RTX A5000,,,4,machine,N
Step #1033,2026-02-26T21:51:19,whisper,dd7fdf3d-1b5f-439d-9ecd-dc3f9ba3ae65,0.06999078951776028,4.0216381874853824e-08,5.732368984696069e-07,360.0,149.27882186733785,10.0,7.0807570591571375e-06,2.9366690199594814e-06,1.9663427439000486e-07,1.0214060353506624e-05,0.0,Canada,CAN,quebec,,,Linux-5.15.0-152-generic-x86_64-with-glibc2.35,3.14.2,3.1.0,4,AMD EPYC 9554 64-Core Processor,1,1 x NVIDIA RTX A5000,,,4,machine,N
Step #1034,2026-02-26T21:51:20,whisper,dd7fdf3d-1b5f-439d-9ecd-dc3f9ba3ae65,0.06585260853171349,2.6713525403125778e-08,4.0533406572769577e-07,360.0,0.0,10.0,6.601319089531883e-06,0.0,1.8331811556384714e-07,6.784637205096977e-06,0.0,Canada,CAN,quebec,,,Linux-5.15.0-152-generic-x86_64-with-glibc2.35,3.14.2,3.1.0,4,AMD EPYC 9554 64-Core Processor,1,1 x NVIDIA RTX A5000,,,4,machine,N
Step #1035,2026-02-26T21:51:20,whisper,dd7fdf3d-1b5f-439d-9ecd-dc3f9ba3ae65,0.07305695675313473,2.9459864636722697e-08,4.024849911804236e-07,360.0,0.0,10.0,7.279976271093273e-06,0.0,2.0216959528625593e-07,7.482145866379367e-06,0.0,Canada,CAN,quebec,,,Linux-5.15.0-152-generic-x86_64-with-glibc2.35,3.14.2,3.1.0,4,AMD EPYC 9554 64-Core Processor,1,1 x NVIDIA RTX A5000,,,4,machine,N
Step #1036,2026-02-26T21:51:20,whisper,dd7fdf3d-1b5f-439d-9ecd-dc3f9ba3ae65,0.06625050492584705,2.934494376135552e-08,4.4236539439860797e-07,360.0,0.0,10.0,7.251578196883386e-06,0.0,2.013803407963674e-07,7.452958537679591e-06,0.0,Canada,CAN,quebec,,,Linux-5.15.0-152-generic-x86_64-with-glibc2.35,3.14.2,3.1.0,4,AMD EPYC 9554 64-Core Processor,1,1 x NVIDIA RTX A5000,,,4,machine,N
Step #1037,2026-02-26T21:51:20,whisper,dd7fdf3d-1b5f-439d-9ecd-dc3f9ba3ae65,0.06908024847507477,3.782173249133029e-08,5.465953030268748e-07,360.0,128.84894264700426,10.0,6.931980140506902e-06,2.481390865227695e-06,1.9250203234452983e-07,9.605873038078666e-06,0.0,Canada,CAN,quebec,,,Linux-5.15.0-152-generic-x86_64-with-glibc2.35,3.14.2,3.1.0,4,AMD EPYC 9554 64-Core Processor,1,1 x NVIDIA RTX A5000,,,4,machine,N
Step #1038,2026-02-26T21:51:20,whisper,dd7fdf3d-1b5f-439d-9ecd-dc3f9ba3ae65,0.0681220069527626,3.5253245239952595e-08,5.164018963106614e-07,360.0,86.58073693166543,10.0,7.0594348013401295e-06,1.6980569199631645e-06,1.9604307599366873e-07,8.95353479729577e-06,0.0,Canada,CAN,quebec,,,Linux-5.15.0-152-generic-x86_64-with-glibc2.35,3.14.2,3.1.0,4,AMD EPYC 9554 64-Core Processor,1,1 x NVIDIA RTX A5000,,,4,machine,N
Step #1039,2026-02-26T21:51:20,whisper,dd7fdf3d-1b5f-439d-9ecd-dc3f9ba3ae65,0.06580064818263054,3.579527716388167e-08,5.427576246202853e-07,360.0,125.3291754511115,10.0,6.607164256274868e-06,2.3005573979162364e-06,1.834771130233869e-07,9.09119876721376e-06,0.0,Canada,CAN,quebec,,,Linux-5.15.0-152-generic-x86_64-with-glibc2.35,3.14.2,3.1.0,4,AMD EPYC 9554 64-Core Processor,1,1 x NVIDIA RTX A5000,,,4,machine,N
Step #1040,2026-02-26T21:51:20,whisper,dd7fdf3d-1b5f-439d-9ecd-dc3f9ba3ae65,0.06867038458585739,4.2398001484360184e-08,6.164457654256861e-07,360.0,188.40947055789425,10.0,6.941752508283008e-06,3.6336139999093575e-06,1.9277636893093655e-07,1.0768142877122869e-05,0.0,Canada,CAN,quebec,,,Linux-5.15.0-152-generic-x86_64-with-glibc2.35,3.14.2,3.1.0,4,AMD EPYC 9554 64-Core Processor,1,1 x NVIDIA RTX A5000,,,4,machine,N
Step #1041,2026-02-26T21:51:20,whisper,dd7fdf3d-1b5f-439d-9ecd-dc3f9ba3ae65,0.07088552787899971,3.63978107894818e-08,5.129805190400876e-07,360.0,101.89974507227727,10.0,7.052001543343157e-06,1.9963905089070977e-06,1.9583676217331146e-07,9.244228814422537e-06,0.0,Canada,CAN,quebec,,,Linux-5.15.0-152-generic-x86_64-with-glibc2.35,3.14.2,3.1.0,4,AMD EPYC 9554 64-Core Processor,1,1 x NVIDIA RTX A5000,,,4,machine,N
Step #1042,2026-02-26T21:51:20,whisper,dd7fdf3d-1b5f-439d-9ecd-dc3f9ba3ae65,0.06912430748343468,2.962711904770692e-08,4.2805411843223576e-07,360.0,0.0,10.0,7.321306131779885e-06,0.0,2.0331860933867118e-07,7.52462474112002e-06,0.0,Canada,CAN,quebec,,,Linux-5.15.0-152-generic-x86_64-with-glibc2.35,3.14.2,3.1.0,4,AMD EPYC 9554 64-Core Processor,1,1 x NVIDIA RTX A5000,,,4,machine,N
Step #1043,2026-02-26T21:51:20,whisper,dd7fdf3d-1b5f-439d-9ecd-dc3f9ba3ae65,0.0660976991057396,2.6972777194228623e-08,4.080402231502773e-07,360.0,0.0,10.0,6.665382720530064e-06,0.0,1.850986335840603e-07,6.8504813541137716e-06,0.0,Canada,CAN,quebec,,,Linux-5.15.0-152-generic-x86_64-with-glibc2.35,3.14.2,3.1.0,4,AMD EPYC 9554 64-Core Processor,1,1 x NVIDIA RTX A5000,,,4,machine,N
Step #1044,2026-02-26T21:51:20,whisper,dd7fdf3d-1b5f-439d-9ecd-dc3f9ba3ae65,0.0667526088654995,3.925019824718175e-08,5.862943539796775e-07,360.0,165.06150123551376,10.0,6.706862151623083e-06,3.075558026921499e-06,1.8625117114020283e-07,9.968671349685002e-06,0.0,Canada,CAN,quebec,,,Linux-5.15.0-152-generic-x86_64-with-glibc2.35,3.14.2,3.1.0,4,AMD EPYC 9554 64-Core Processor,1,1 x NVIDIA RTX A5000,,,4,machine,N
Step #1045,2026-02-26T21:51:20,whisper,dd7fdf3d-1b5f-439d-9ecd-dc3f9ba3ae65,0.06670209765434265,4.06844961286143e-08,6.093191632825606e-07,360.0,186.01253205822144,10.0,6.689945235848621e-06,3.4572249774100783e-06,1.8578067732355312e-07,1.0332950890581602e-05,0.0,Canada,CAN,quebec,,,Linux-5.15.0-152-generic-x86_64-with-glibc2.35,3.14.2,3.1.0,4,AMD EPYC 9554 64-Core Processor,1,1 x NVIDIA RTX A5000,,,4,machine,N
Step #1046,2026-02-26T21:51:21,whisper,dd7fdf3d-1b5f-439d-9ecd-dc3f9ba3ae65,0.06574547663331032,4.272958819345957e-08,6.493530828337962e-07,360.0,222.6531095791654,10.0,6.59180078655449e-06,4.077503277244432e-06,1.8305441157684204e-07,1.085235847537655e-05,0.0,Canada,CAN,quebec,,,Linux-5.15.0-152-generic-x86_64-with-glibc2.35,3.14.2,3.1.0,4,AMD EPYC 9554 64-Core Processor,1,1 x NVIDIA RTX A5000,,,4,machine,N
Step #1047,2026-02-26T21:51:21,whisper,dd7fdf3d-1b5f-439d-9ecd-dc3f9ba3ae65,0.0741170383989811,3.822095139159793e-08,5.162523884830366e-07,360.0,105.29941111901327,10.0,7.352255284785898e-06,2.1508350442900337e-06,2.041753691931663e-07,9.707265698270101e-06,0.0,Canada,CAN,quebec,,,Linux-5.15.0-152-generic-x86_64-with-glibc2.35,3.14.2,3.1.0,4,AMD EPYC 9554 64-Core Processor,1,1 x NVIDIA RTX A5000,,,4,machine,N
Step #1048,2026-02-26T21:51:21,whisper,dd7fdf3d-1b5f-439d-9ecd-dc3f9ba3ae65,0.06934616342186928,2.9667873748021295e-08,4.2718837264642217e-07,360.0,0.0,10.0,7.331378944218196e-06,0.0,2.0359657808310169e-07,7.534975522300105e-06,0.0,Canada,CAN,quebec,,,Linux-5.15.0-152-generic-x86_64-with-glibc2.35,3.14.2,3.1.0,4,AMD EPYC 9554 64-Core Processor,1,1 x NVIDIA RTX A5000,,,4,machine,N
Step #1049,2026-02-26T21:51:21,whisper,dd7fdf3d-1b5f-439d-9ecd-dc3f9ba3ae65,0.06887746602296829,2.807198078143638e-08,4.0720550270167176e-07,360.0,0.0,10.0,6.93701319396528e-06,0.0,1.926412547214294e-07,7.129654448686032e-06,0.0,Canada,CAN,quebec,,,Linux-5.15.0-152-generic-x86_64-with-glibc2.35,3.14.2,3.1.0,4,AMD EPYC 9554 64-Core Processor,1,1 x NVIDIA RTX A5000,,,4,machine,N
Step #1050,2026-02-26T21:51:21,whisper,dd7fdf3d-1b5f-439d-9ecd-dc3f9ba3ae65,0.06847208179533482,3.78361201426857e-08,5.519562254518056e-07,360.0,133.70875593562087,10.0,6.867693550884936e-06,2.551113169602104e-06,1.9072045882542093e-07,9.609527179311322e-06,0.0,Canada,CAN,quebec,,,Linux-5.15.0-152-generic-x86_64-with-glibc2.35,3.14.2,3.1.0,4,AMD EPYC 9554 64-Core Processor,1,1 x NVIDIA RTX A5000,,,4,machine,N
Step #1051,2026-02-26T21:51:21,whisper,dd7fdf3d-1b5f-439d-9ecd-dc3f9ba3ae65,0.06699347123503685,3.797804578063507e-08,5.657583197175547e-07,360.0,144.82132726428827,10.0,6.744659878313818e-06,2.7136132700888993e-06,1.872999645355681e-07,9.64557311293815e-06,0.0,Canada,CAN,quebec,,,Linux-5.15.0-152-generic-x86_64-with-glibc2.35,3.14.2,3.1.0,4,AMD EPYC 9554 64-Core Processor,1,1 x NVIDIA RTX A5000,,,4,machine,N
Step #1052,2026-02-26T21:51:21,whisper,dd7fdf3d-1b5f-439d-9ecd-dc3f9ba3ae65,0.06736777909100056,4.0263529000758526e-08,5.967187173434613e-07,360.0,175.0853089211629,10.0,6.753487884997994e-06,3.2850026201458604e-06,1.8754416248865946e-07,1.0226034667631945e-05,0.0,Canada,CAN,quebec,,,Linux-5.15.0-152-generic-x86_64-with-glibc2.35,3.14.2,3.1.0,4,AMD EPYC 9554 64-Core Processor,1,1 x NVIDIA RTX A5000,,,4,machine,N
Step #1053,2026-02-26T21:51:21,whisper,dd7fdf3d-1b5f-439d-9ecd-dc3f9ba3ae65,0.06612084247171879,3.620230429536342e-08,5.458521611219837e-07,360.0,128.0061058021256,10.0,6.646392494440503e-06,2.3636130066506666e-06,1.845690421760067e-07,9.194574543267692e-06,0.0,Canada,CAN,quebec,,,Linux-5.15.0-152-generic-x86_64-with-glibc2.35,3.14.2,3.1.0,4,AMD EPYC 9554 64-Core Processor,1,1 x NVIDIA RTX A5000,,,4,machine,N
Step #1054,2026-02-26T21:51:21,whisper,dd7fdf3d-1b5f-439d-9ecd-dc3f9ba3ae65,0.06615784578025341,2.68670482972099e-08,4.05663894058355e-07,360.0,0.0,10.0,6.6392567008733555e-06,0.0,1.8437188118697431e-07,6.823628582060953e-06,0.0,Canada,CAN,quebec,,,Linux-5.15.0-152-generic-x86_64-with-glibc2.35,3.14.2,3.1.0,4,AMD EPYC 9554 64-Core Processor,1,1 x NVIDIA RTX A5000,,,4,machine,N
Step #1055,2026-02-26T21:51:21,whisper,dd7fdf3d-1b5f-439d-9ecd-dc3f9ba3ae65,0.06947936303913593,3.608229853557164e-08,5.18712801056125e-07,360.0,103.31483884719682,10.0,6.969977729022643e-06,2.0005571599313043e-06,1.935608788496883e-07,9.164095767802416e-06,0.0,Canada,CAN,quebec,,,Linux-5.15.0-152-generic-x86_64-with-glibc2.35,3.14.2,3.1.0,4,AMD EPYC 9554 64-Core Processor,1,1 x NVIDIA RTX A5000,,,4,machine,N
Step #1056,2026-02-26T21:51:21,whisper,dd7fdf3d-1b5f-439d-9ecd-dc3f9ba3ae65,0.07332833111286163,3.756621878554887e-08,5.117440363534718e-07,360.0,100.66453798679782,10.0,7.297488488256648e-06,2.0408349712397467e-06,2.0265481952164047e-07,9.540978279017412e-06,0.0,Canada,CAN,quebec,,,Linux-5.15.0-152-generic-x86_64-with-glibc2.35,3.14.2,3.1.0,4,AMD EPYC 9554 64-Core Processor,1,1 x NVIDIA RTX A5000,,,4,machine,N
Step #1057,2026-02-26T21:51:21,whisper,dd7fdf3d-1b5f-439d-9ecd-dc3f9ba3ae65,0.07253456115722656,4.2769567203626796e-08,5.88943024442478e-07,360.0,168.01015513714285,10.0,7.268169149756212e-06,3.3925027054237944e-06,2.0184039345216885e-07,1.0862512248632772e-05,0.0,Canada,CAN,quebec,,,Linux-5.15.0-152-generic-x86_64-with-glibc2.35,3.14.2,3.1.0,4,AMD EPYC 9554 64-Core Processor,1,1 x NVIDIA RTX A5000,,,4,machine,N
Step #1058,2026-02-26T21:51:22,whisper,dd7fdf3d-1b5f-439d-9ecd-dc3f9ba3ae65,0.06585769914090633,4.402441070731672e-08,6.675550725617941e-07,360.0,235.40167806754752,10.0,6.6485255956648046e-06,4.348059036374252e-06,1.8462976440788265e-07,1.1181214396447509e-05,0.0,Canada,CAN,quebec,,,Linux-5.15.0-152-generic-x86_64-with-glibc2.35,3.14.2,3.1.0,4,AMD EPYC 9554 64-Core Processor,1,1 x NVIDIA RTX A5000,,,4,machine,N
Step #1059,2026-02-26T21:51:22,whisper,dd7fdf3d-1b5f-439d-9ecd-dc3f9ba3ae65,0.07083654031157494,2.8760536614927748e-08,4.0695376546834074e-07,360.0,0.0,10.0,7.10725337266932e-06,0.0,1.9727883756988037e-07,7.304532210239065e-06,0.0,Canada,CAN,quebec,,,Linux-5.15.0-152-generic-x86_64-with-glibc2.35,3.14.2,3.1.0,4,AMD EPYC 9554 64-Core Processor,1,1 x NVIDIA RTX A5000,,,4,machine,N
Step #1060,2026-02-26T21:51:22,whisper,dd7fdf3d-1b5f-439d-9ecd-dc3f9ba3ae65,0.07028794288635254,2.8228556450160568e-08,4.012014752859172e-07,360.0,0.0,10.0,6.9757046177983464e-06,0.0,1.9371654424402704e-07,7.169421162042319e-06,0.0,Canada,CAN,quebec,,,Linux-5.15.0-152-generic-x86_64-with-glibc2.35,3.14.2,3.1.0,4,AMD EPYC 9554 64-Core Processor,1,1 x NVIDIA RTX A5000,,,4,machine,N
Step #1061,2026-02-26T21:51:22,whisper,dd7fdf3d-1b5f-439d-9ecd-dc3f9ba3ae65,0.06726023554801941,2.8575089376714285e-08,4.242549557807228e-07,360.0,0.0,10.0,7.061336934566231e-06,0.0,1.9609583024350337e-07,7.2574327648101955e-06,0.0,Canada,CAN,quebec,,,Linux-5.15.0-152-generic-x86_64-with-glibc2.35,3.14.2,3.1.0,4,AMD EPYC 9554 64-Core Processor,1,1 x NVIDIA RTX A5000,,,4,machine,N
Step #1062,2026-02-26T21:51:22,whisper,dd7fdf3d-1b5f-439d-9ecd-dc3f9ba3ae65,0.0689942054450512,4.140244314285868e-08,5.994739151179066e-07,360.0,173.79988695629876,10.0,6.96087554097162e-06,3.3611137979505656e-06,1.9330401490960398e-07,1.0515293353831681e-05,0.0,Canada,CAN,quebec,,,Linux-5.15.0-152-generic-x86_64-with-glibc2.35,3.14.2,3.1.0,4,AMD EPYC 9554 64-Core Processor,1,1 x NVIDIA RTX A5000,,,4,machine,N
Step #1063,2026-02-26T21:51:22,whisper,dd7fdf3d-1b5f-439d-9ecd-dc3f9ba3ae65,0.06598209030926228,4.072180684756827e-08,6.16906212627665e-07,360.0,193.04748327106404,10.0,6.612409278750238e-06,3.5463917242850584e-06,1.836259745889308e-07,1.0342426977625122e-05,0.0,Canada,CAN,quebec,,,Linux-5.15.0-152-generic-x86_64-with-glibc2.35,3.14.2,3.1.0,4,AMD EPYC 9554 64-Core Processor,1,1 x NVIDIA RTX A5000,,,4,machine,N
Step #1064,2026-02-26T21:51:22,whisper,dd7fdf3d-1b5f-439d-9ecd-dc3f9ba3ae65,0.06592746824026108,4.274531038161192e-08,6.475045122815511e-07,360.0,219.98394886215073,10.0,6.6240632906559155e-06,4.0483365637555835e-06,1.8395170465939693e-07,1.085635155907011e-05,0.0,Canada,CAN,quebec,,,Linux-5.15.0-152-generic-x86_64-with-glibc2.35,3.14.2,3.1.0,4,AMD EPYC 9554 64-Core Processor,1,1 x NVIDIA RTX A5000,,,4,machine,N
Step #1065,2026-02-26T21:51:22,whisper,dd7fdf3d-1b5f-439d-9ecd-dc3f9ba3ae65,0.06629128567874432,2.689875329675009e-08,4.05438783754507e-07,360.0,0.0,10.0,6.647091731429126e-06,0.0,1.8458921048375865e-07,6.831680941912777e-06,0.0,Canada,CAN,quebec,,,Linux-5.15.0-152-generic-x86_64-with-glibc2.35,3.14.2,3.1.0,4,AMD EPYC 9554 64-Core Processor,1,1 x NVIDIA RTX A5000,,,4,machine,N
Step #1066,2026-02-26T21:51:22,whisper,dd7fdf3d-1b5f-439d-9ecd-dc3f9ba3ae65,0.06888767518103123,2.8105999380463533e-08,4.075788781078404e-07,360.0,0.0,10.0,6.9454183802006644e-06,0.0,1.9287603079444233e-07,7.138294410995866e-06,0.0,Canada,CAN,quebec,,,Linux-5.15.0-152-generic-x86_64-with-glibc2.35,3.14.2,3.1.0,4,AMD EPYC 9554 64-Core Processor,1,1 x NVIDIA RTX A5000,,,4,machine,N
Step #1067,2026-02-26T21:51:22,whisper,dd7fdf3d-1b5f-439d-9ecd-dc3f9ba3ae65,0.06974248588085175,3.798078906380866e-08,5.440672489172859e-07,360.0,126.6975742840949,10.0,6.991283781826625e-06,2.460835290207797e-06,1.9415077339443934e-07,9.64626984542756e-06,0.0,Canada,CAN,quebec,,,Linux-5.15.0-152-generic-x86_64-with-glibc2.35,3.14.2,3.1.0,4,AMD EPYC 9554 64-Core Processor,1,1 x NVIDIA RTX A5000,,,4,machine,N
Step #1068,2026-02-26T21:51:22,whisper,dd7fdf3d-1b5f-439d-9ecd-dc3f9ba3ae65,0.0666357483714819,3.8168374440240036e-08,5.720721824789616e-07,360.0,152.1898827439899,10.0,6.682774238288107e-06,2.8255578143898674e-06,1.855802774015274e-07,9.693912330081128e-06,0.0,Canada,CAN,quebec,,,Linux-5.15.0-152-generic-x86_64-with-glibc2.35,3.14.2,3.1.0,4,AMD EPYC 9554 64-Core Processor,1,1 x NVIDIA RTX A5000,,,4,machine,N
Step #1069,2026-02-26T21:51:22,whisper,dd7fdf3d-1b5f-439d-9ecd-dc3f9ba3ae65,0.06632489152252674,4.119651778249718e-08,6.202470126269684e-07,360.0,196.29939974613436,10.0,6.651068665087384e-06,3.627225126479061e-06,1.8469913241764562e-07,1.046299292398363e-05,0.0,Canada,CAN,quebec,,,Linux-5.15.0-152-generic-x86_64-with-glibc2.35,3.14.2,3.1.0,4,AMD EPYC 9554 64-Core Processor,1,1 x NVIDIA RTX A5000,,,4,machine,N
Step #1070,2026-02-26T21:51:23,whisper,dd7fdf3d-1b5f-439d-9ecd-dc3f9ba3ae65,0.07235848717391491,3.9377035099272067e-08,5.434034513819998e-07,360.0,125.22666758730821,10.0,7.269828394055461e-06,2.5291686966966154e-06,2.0188797886173991e-07,1.0000885069614412e-05,0.0,Canada,CAN,quebec,,,Linux-5.15.0-152-generic-x86_64-with-glibc2.35,3.14.2,3.1.0,4,AMD EPYC 9554 64-Core Processor,1,1 x NVIDIA RTX A5000,,,4,machine,N
Step #1071,2026-02-26T21:51:23,whisper,dd7fdf3d-1b5f-439d-9ecd-dc3f9ba3ae65,0.06714445725083351,3.757086159160628e-08,5.589395406799715e-07,360.0,140.16435958063101,10.0,6.733227521180801e-06,2.621946549652421e-06,1.8698337694836764e-07,9.54215744778178e-06,0.0,Canada,CAN,quebec,,,Linux-5.15.0-152-generic-x86_64-with-glibc2.35,3.14.2,3.1.0,4,AMD EPYC 9554 64-Core Processor,1,1 x NVIDIA RTX A5000,,,4,machine,N
Step #1072,2026-02-26T21:51:23,whisper,dd7fdf3d-1b5f-439d-9ecd-dc3f9ba3ae65,0.06811293587088585,2.7646345947966494e-08,4.055802791627226e-07,360.0,0.0,10.0,6.831830739974752e-06,0.0,1.897219930671872e-07,7.02155273304278e-06,0.0,Canada,CAN,quebec,,,Linux-5.15.0-152-generic-x86_64-with-glibc2.35,3.14.2,3.1.0,4,AMD EPYC 9554 64-Core Processor,1,1 x NVIDIA RTX A5000,,,4,machine,N
Step #1073,2026-02-26T21:51:23,whisper,dd7fdf3d-1b5f-439d-9ecd-dc3f9ba3ae65,0.07071316801011562,3.220104531460134e-08,4.5507587400413774e-07,360.0,66.48202348498351,10.0,6.745195947587858e-06,1.2458343121579674e-06,1.873141102906649e-07,8.17834437003527e-06,0.0,Canada,CAN,quebec,,,Linux-5.15.0-152-generic-x86_64-with-glibc2.35,3.14.2,3.1.0,4,AMD EPYC 9554 64-Core Processor,1,1 x NVIDIA RTX A5000,,,4,machine,N
Step #1074,2026-02-26T21:51:23,whisper,dd7fdf3d-1b5f-439d-9ecd-dc3f9ba3ae65,0.06678498163819313,3.7354739259363274e-08,5.585572331276706e-07,360.0,142.01005350276893,10.0,6.670363061130058e-06,2.6316687922189885e-06,1.852353620860345e-07,9.487267215434539e-06,0.0,Canada,CAN,quebec,,,Linux-5.15.0-152-generic-x86_64-with-glibc2.35,3.14.2,3.1.0,4,AMD EPYC 9554 64-Core Processor,1,1 x NVIDIA RTX A5000,,,4,machine,N
Step #1075,2026-02-26T21:51:23,whisper,dd7fdf3d-1b5f-439d-9ecd-dc3f9ba3ae65,0.06614970229566097,3.9787425053557513e-08,6.007216568340224e-07,360.0,177.76325248528985,10.0,6.640968471765922e-06,3.279724836602327e-06,1.8442161898646532e-07,1.0105114927353928e-05,0.0,Canada,CAN,quebec,,,Linux-5.15.0-152-generic-x86_64-with-glibc2.35,3.14.2,3.1.0,4,AMD EPYC 9554 64-Core Processor,1,1 x NVIDIA RTX A5000,,,4,machine,N
Step #1076,2026-02-26T21:51:23,whisper,dd7fdf3d-1b5f-439d-9ecd-dc3f9ba3ae65,0.06961844302713871,3.9782467664891275e-08,5.708243094061725e-07,360.0,171.01567013488528,10.0,6.722989678382453e-06,3.1941692242298814e-06,1.866969590385789e-07,1.0103855861651537e-05,0.0,Canada,CAN,quebec,,,Linux-5.15.0-152-generic-x86_64-with-glibc2.35,3.14.2,3.1.0,4,AMD EPYC 9554 64-Core Processor,1,1 x NVIDIA RTX A5000,,,4,machine,N
Step #1077,2026-02-26T21:51:23,whisper,dd7fdf3d-1b5f-439d-9ecd-dc3f9ba3ae65,0.07103256322443485,3.9027372589225495e-08,5.488190786390935e-07,360.0,131.02977054137608,10.0,7.121801376342579e-06,2.592502070797309e-06,1.9777517558801057e-07,9.912078622727194e-06,0.0,Canada,CAN,quebec,,,Linux-5.15.0-152-generic-x86_64-with-glibc2.35,3.14.2,3.1.0,4,AMD EPYC 9554 64-Core Processor,1,1 x NVIDIA RTX A5000,,,4,machine,N
Step #1078,2026-02-26T21:51:23,whisper,dd7fdf3d-1b5f-439d-9ecd-dc3f9ba3ae65,0.0681919977068901,2.8316538420787194e-08,4.148084084804171e-07,360.0,0.0,10.0,6.997443921864452e-06,0.0,1.94322690367691e-07,7.19176661223217e-06,0.0,Canada,CAN,quebec,,,Linux-5.15.0-152-generic-x86_64-with-glibc2.35,3.14.2,3.1.0,4,AMD EPYC 9554 64-Core Processor,1,1 x NVIDIA RTX A5000,,,4,machine,N
Step #1079,2026-02-26T21:51:23,whisper,dd7fdf3d-1b5f-439d-9ecd-dc3f9ba3ae65,0.0662657842040062,2.7171937431250397e-08,4.088193971724571e-07,360.0,0.0,10.0,6.714597716927714e-06,0.0,1.864658772117553e-07,6.901063594138765e-06,0.0,Canada,CAN,quebec,,,Linux-5.15.0-152-generic-x86_64-with-glibc2.35,3.14.2,3.1.0,4,AMD EPYC 9554 64-Core Processor,1,1 x NVIDIA RTX A5000,,,4,machine,N
Step #1080,2026-02-26T21:51:23,whisper,dd7fdf3d-1b5f-439d-9ecd-dc3f9ba3ae65,0.06678447313606739,3.757680592900869e-08,5.619672441393883e-07,360.0,138.09512280942215,10.0,6.761723943054902e-06,2.5941687340491626e-06,1.8777449925741507e-07,9.543667176360043e-06,0.0,Canada,CAN,quebec,,,Linux-5.15.0-152-generic-x86_64-with-glibc2.35,3.14.2,3.1.0,4,AMD EPYC 9554 64-Core Processor,1,1 x NVIDIA RTX A5000,,,4,machine,N
Step #1081,2026-02-26T21:51:23,whisper,dd7fdf3d-1b5f-439d-9ecd-dc3f9ba3ae65,0.06656426563858986,4.155241284796332e-08,6.235303013922758e-07,360.0,199.30855266092348,10.0,6.673067994416096e-06,3.6950029738136436e-06,1.8531133213806105e-07,1.0553382300368397e-05,0.0,Canada,CAN,quebec,,,Linux-5.15.0-152-generic-x86_64-with-glibc2.35,3.14.2,3.1.0,4,AMD EPYC 9554 64-Core Processor,1,1 x NVIDIA RTX A5000,,,4,machine,N
Step #1082,2026-02-26T21:51:24,whisper,dd7fdf3d-1b5f-439d-9ecd-dc3f9ba3ae65,0.06642703525722027,4.243358991165943e-08,6.380464585846335e-07,360.0,206.69490556383087,10.0,6.727303564548273e-06,3.863058651631945e-06,1.868193244768633e-07,1.0777181540657516e-05,0.0,Canada,CAN,quebec,,,Linux-5.15.0-152-generic-x86_64-with-glibc2.35,3.14.2,3.1.0,4,AMD EPYC 9554 64-Core Processor,1,1 x NVIDIA RTX A5000,,,4,machine,N
Step #1083,2026-02-26T21:51:24,whisper,dd7fdf3d-1b5f-439d-9ecd-dc3f9ba3ae65,0.06655063666403294,2.7177852543712195e-08,4.0785804764429557e-07,360.0,0.0,10.0,6.716059520840874e-06,0.0,1.8650637939571875e-07,6.902565900235996e-06,0.0,Canada,CAN,quebec,,,Linux-5.15.0-152-generic-x86_64-with-glibc2.35,3.14.2,3.1.0,4,AMD EPYC 9554 64-Core Processor,1,1 x NVIDIA RTX A5000,,,4,machine,N
Step #1084,2026-02-26T21:51:24,whisper,dd7fdf3d-1b5f-439d-9ecd-dc3f9ba3ae65,0.06868747062981129,2.763958320018149e-08,4.016943633207734e-07,360.0,0.0,10.0,6.830162927508494e-06,0.0,1.8967221904959736e-07,7.019835146556547e-06,0.0,Canada,CAN,quebec,,,Linux-5.15.0-152-generic-x86_64-with-glibc2.35,3.14.2,3.1.0,4,AMD EPYC 9554 64-Core Processor,1,1 x NVIDIA RTX A5000,,,4,machine,N
Step #1085,2026-02-26T21:51:24,whisper,dd7fdf3d-1b5f-439d-9ecd-dc3f9ba3ae65,0.07291092537343502,2.955795560780517e-08,4.049430288565903e-07,360.0,0.0,10.0,7.304215617477509e-06,0.0,2.0284315881629418e-07,7.507058776294942e-06,0.0,Canada,CAN,quebec,,,Linux-5.15.0-152-generic-x86_64-with-glibc2.35,3.14.2,3.1.0,4,AMD EPYC 9554 64-Core Processor,1,1 x NVIDIA RTX A5000,,,4,machine,N
Step #1086,2026-02-26T21:51:24,whisper,dd7fdf3d-1b5f-439d-9ecd-dc3f9ba3ae65,0.06855807080864906,3.8722811108399886e-08,5.638699504650362e-07,360.0,141.05382552412496,10.0,6.927619129419062e-06,2.7147243883973715e-06,1.923833094123284e-07,9.834726827228843e-06,0.0,Canada,CAN,quebec,,,Linux-5.15.0-152-generic-x86_64-with-glibc2.35,3.14.2,3.1.0,4,AMD EPYC 9554 64-Core Processor,1,1 x NVIDIA RTX A5000,,,4,machine,N
Step #1087,2026-02-26T21:51:24,whisper,dd7fdf3d-1b5f-439d-9ecd-dc3f9ba3ae65,0.0708332285284996,3.835398176148025e-08,5.409757762144713e-07,360.0,149.94316108248933,10.0,6.744314916431841e-06,2.8094466841821486e-06,1.8729083240033454e-07,9.741052433015138e-06,0.0,Canada,CAN,quebec,,,Linux-5.15.0-152-generic-x86_64-with-glibc2.35,3.14.2,3.1.0,4,AMD EPYC 9554 64-Core Processor,1,1 x NVIDIA RTX A5000,,,4,machine,N
Step #1088,2026-02-26T21:51:24,whisper,dd7fdf3d-1b5f-439d-9ecd-dc3f9ba3ae65,0.0652773529291153,3.7053544193960456e-08,5.665018455333658e-07,360.0,146.91734033458843,10.0,6.553772464394821e-06,2.6750021362431653e-06,1.819958134244e-07,9.410770414062034e-06,0.0,Canada,CAN,quebec,,,Linux-5.15.0-152-generic-x86_64-with-glibc2.35,3.14.2,3.1.0,4,AMD EPYC 9554 64-Core Processor,1,1 x NVIDIA RTX A5000,,,4,machine,N
Step #1089,2026-02-26T21:51:24,whisper,dd7fdf3d-1b5f-439d-9ecd-dc3f9ba3ae65,0.07225997559726238,4.336370310617857e-08,5.991901717052437e-07,360.0,177.71955062975093,10.0,7.23850093781956e-06,3.573891746100344e-06,2.0101677833332774e-07,1.1013409462252988e-05,0.0,Canada,CAN,quebec,,,Linux-5.15.0-152-generic-x86_64-with-glibc2.35,3.14.2,3.1.0,4,AMD EPYC 9554 64-Core Processor,1,1 x NVIDIA RTX A5000,,,4,machine,N
Step #1090,2026-02-26T21:51:24,whisper,dd7fdf3d-1b5f-439d-9ecd-dc3f9ba3ae65,0.06835538893938065,4.2652182942190325e-08,6.228364598157406e-07,360.0,194.05559853828373,10.0,6.913486868142908e-06,3.7272252200182265e-06,1.919871868772728e-07,1.0832699275039465e-05,0.0,Canada,CAN,quebec,,,Linux-5.15.0-152-generic-x86_64-with-glibc2.35,3.14.2,3.1.0,4,AMD EPYC 9554 64-Core Processor,1,1 x NVIDIA RTX A5000,,,4,machine,N
Step #1091,2026-02-26T21:51:24,whisper,dd7fdf3d-1b5f-439d-9ecd-dc3f9ba3ae65,0.06647275574505329,3.558693887788694e-08,5.346229270896671e-07,360.0,116.80195382822856,10.0,6.683786027133522e-06,2.168890617326724e-06,1.8560886383056836e-07,9.038285508290028e-06,0.0,Canada,CAN,quebec,,,Linux-5.15.0-152-generic-x86_64-with-glibc2.35,3.14.2,3.1.0,4,AMD EPYC 9554 64-Core Processor,1,1 x NVIDIA RTX A5000,,,4,machine,N
Step #1092,2026-02-26T21:51:24,whisper,dd7fdf3d-1b5f-439d-9ecd-dc3f9ba3ae65,0.06698156148195267,2.716587392964122e-08,4.052841480953444e-07,360.0,0.0,10.0,6.713101640343916e-06,0.0,1.8642196017836106e-07,6.899523600521762e-06,0.0,Canada,CAN,quebec,,,Linux-5.15.0-152-generic-x86_64-with-glibc2.35,3.14.2,3.1.0,4,AMD EPYC 9554 64-Core Processor,1,1 x NVIDIA RTX A5000,,,4,machine,N
Step #1093,2026-02-26T21:51:24,whisper,dd7fdf3d-1b5f-439d-9ecd-dc3f9ba3ae65,0.0671701654791832,3.1906011919297095e-08,4.7434744773021637e-07,360.0,62.91303943351618,10.0,6.73850588500495e-06,1.177778727878831e-06,1.871278819938569e-07,8.103412494877421e-06,0.0,Canada,CAN,quebec,,,Linux-5.15.0-152-generic-x86_64-with-glibc2.35,3.14.2,3.1.0,4,AMD EPYC 9554 64-Core Processor,1,1 x NVIDIA RTX A5000,,,4,machine,N
Step #1094,2026-02-26T21:51:25,whisper,dd7fdf3d-1b5f-439d-9ecd-dc3f9ba3ae65,0.07462002709507942,3.848801079292454e-08,5.158256752126611e-07,360.0,104.41600072099645,10.0,7.417439110576907e-06,2.151668383021388e-06,2.0598531183269606e-07,9.775092805431804e-06,0.0,Canada,CAN,quebec,,,Linux-5.15.0-152-generic-x86_64-with-glibc2.35,3.14.2,3.1.0,4,AMD EPYC 9554 64-Core Processor,1,1 x NVIDIA RTX A5000,,,4,machine,N
Step #1095,2026-02-26T21:51:25,whisper,dd7fdf3d-1b5f-439d-9ecd-dc3f9ba3ae65,0.07255044020712376,4.228095074392885e-08,5.825170356927216e-07,360.0,162.43463129946915,10.0,7.260397262871289e-06,3.2763915100986196e-06,2.0162583742704132e-07,1.0738414610396083e-05,0.0,Canada,CAN,quebec,,,Linux-5.15.0-152-generic-x86_64-with-glibc2.35,3.14.2,3.1.0,4,AMD EPYC 9554 64-Core Processor,1,1 x NVIDIA RTX A5000,,,4,machine,N
Step #1096,2026-02-26T21:51:25,whisper,dd7fdf3d-1b5f-439d-9ecd-dc3f9ba3ae65,0.06665509939193726,4.252213159877769e-08,6.371260560776141e-07,360.0,207.69037937049458,10.0,6.729725562036257e-06,3.883058653286753e-06,1.8688493097821467e-07,1.0799669146301441e-05,0.0,Canada,CAN,quebec,,,Linux-5.15.0-152-generic-x86_64-with-glibc2.35,3.14.2,3.1.0,4,AMD EPYC 9554 64-Core Processor,1,1 x NVIDIA RTX A5000,,,4,machine,N
Step #1097,2026-02-26T21:51:25,whisper,dd7fdf3d-1b5f-439d-9ecd-dc3f9ba3ae65,0.0682327188551426,2.7891515336033227e-08,4.082646789301437e-07,360.0,0.0,10.0,6.8924175575376875e-06,0.0,1.9140270952550174e-07,7.083820267062349e-06,0.0,Canada,CAN,quebec,,,Linux-5.15.0-152-generic-x86_64-with-glibc2.35,3.14.2,3.1.0,4,AMD EPYC 9554 64-Core Processor,1,1 x NVIDIA RTX A5000,,,4,machine,N
Step #1098,2026-02-26T21:51:25,whisper,dd7fdf3d-1b5f-439d-9ecd-dc3f9ba3ae65,0.06632154434919357,2.7113764403786196e-08,4.082210123316614e-07,360.0,0.0,10.0,6.7002234980465675e-06,0.0,1.8606544989677848e-07,6.886288947943048e-06,0.0,Canada,CAN,quebec,,,Linux-5.15.0-152-generic-x86_64-with-glibc2.35,3.14.2,3.1.0,4,AMD EPYC 9554 64-Core Processor,1,1 x NVIDIA RTX A5000,,,4,machine,N
Step #1099,2026-02-26T21:51:25,whisper,dd7fdf3d-1b5f-439d-9ecd-dc3f9ba3ae65,0.06693865917623043,3.603177167645354e-08,5.375992041375302e-07,360.0,120.67100128099335,10.0,6.713980436325213e-06,2.250835152040054e-06,1.8644748876492996e-07,9.15126307713017e-06,0.0,Canada,CAN,quebec,,,Linux-5.15.0-152-generic-x86_64-with-glibc2.35,3.14.2,3.1.0,4,AMD EPYC 9554 64-Core Processor,1,1 x NVIDIA RTX A5000,,,4,machine,N
Step #1100,2026-02-26T21:51:25,whisper,dd7fdf3d-1b5f-439d-9ecd-dc3f9ba3ae65,0.06582866795361042,4.047874719390613e-08,6.141975822362095e-07,360.0,190.49318138911732,10.0,6.60288520157315e-06,3.4944472275810767e-06,1.83362839743502e-07,1.0280695268897674e-05,0.0,Canada,CAN,quebec,,,Linux-5.15.0-152-generic-x86_64-with-glibc2.35,3.14.2,3.1.0,4,AMD EPYC 9554 64-Core Processor,1,1 x NVIDIA RTX A5000,,,4,machine,N
Step #1101,2026-02-26T21:51:25,whisper,dd7fdf3d-1b5f-439d-9ecd-dc3f9ba3ae65,0.06874378398060799,4.23141148604624e-08,6.149834833051517e-07,360.0,188.47557809375576,10.0,6.927241198718438e-06,3.627225126479061e-06,1.9237122808894638e-07,1.0746837553287855e-05,0.0,Canada,CAN,quebec,,,Linux-5.15.0-152-generic-x86_64-with-glibc2.35,3.14.2,3.1.0,4,AMD EPYC 9554 64-Core Processor,1,1 x NVIDIA RTX A5000,,,4,machine,N
Step #1102,2026-02-26T21:51:25,whisper,dd7fdf3d-1b5f-439d-9ecd-dc3f9ba3ae65,0.0666093397885561,2.703262487593677e-08,4.054118181644193e-07,360.0,0.0,10.0,6.680172123014853e-06,0.0,1.8550920196706258e-07,6.865681324982539e-06,0.0,Canada,CAN,quebec,,,Linux-5.15.0-152-generic-x86_64-with-glibc2.35,3.14.2,3.1.0,4,AMD EPYC 9554 64-Core Processor,1,1 x NVIDIA RTX A5000,,,4,machine,N
Step #1103,2026-02-26T21:51:25,whisper,dd7fdf3d-1b5f-439d-9ecd-dc3f9ba3ae65,0.06935816071927547,2.81564040812557e-08,4.054550813519542e-07,360.0,0.0,10.0,6.957872398197229e-06,0.0,1.932236779895178e-07,7.151096076187316e-06,0.0,Canada,CAN,quebec,,,Linux-5.15.0-152-generic-x86_64-with-glibc2.35,3.14.2,3.1.0,4,AMD EPYC 9554 64-Core Processor,1,1 x NVIDIA RTX A5000,,,4,machine,N
Step #1104,2026-02-26T21:51:25,whisper,dd7fdf3d-1b5f-439d-9ecd-dc3f9ba3ae65,0.06642461568117142,3.232203323655288e-08,4.859389383455678e-07,360.0,71.70295979910036,10.0,6.690498441457547e-06,1.3327788366268578e-06,1.8579531460999896e-07,8.209072592696084e-06,0.0,Canada,CAN,quebec,,,Linux-5.15.0-152-generic-x86_64-with-glibc2.35,3.14.2,3.1.0,4,AMD EPYC 9554 64-Core Processor,1,1 x NVIDIA RTX A5000,,,4,machine,N
Step #1105,2026-02-26T21:51:25,whisper,dd7fdf3d-1b5f-439d-9ecd-dc3f9ba3ae65,0.06711475178599358,3.710748630537177e-08,5.526725081744316e-07,360.0,134.25216047826794,10.0,6.728183664381562e-06,2.5094464604080713e-06,1.8684037754104895e-07,9.424470502330737e-06,0.0,Canada,CAN,quebec,,,Linux-5.15.0-152-generic-x86_64-with-glibc2.35,3.14.2,3.1.0,4,AMD EPYC 9554 64-Core Processor,1,1 x NVIDIA RTX A5000,,,4,machine,N
Step #1106,2026-02-26T21:51:26,whisper,dd7fdf3d-1b5f-439d-9ecd-dc3f9ba3ae65,0.06654773838818073,3.954884902544303e-08,5.93469436285239e-07,360.0,171.66222558299523,10.0,6.675530783832075e-06,3.183613657142814e-06,1.8537751812902083e-07,1.0044521959103395e-05,0.0,Canada,CAN,quebec,,,Linux-5.15.0-152-generic-x86_64-with-glibc2.35,3.14.2,3.1.0,4,AMD EPYC 9554 64-Core Processor,1,1 x NVIDIA RTX A5000,,,4,machine,N
Step #1107,2026-02-26T21:51:26,whisper,dd7fdf3d-1b5f-439d-9ecd-dc3f9ba3ae65,0.06664896942675114,2.7103099392214837e-08,4.0635033013022725e-07,360.0,0.0,10.0,6.697587482631072e-06,0.0,1.8599279121391584e-07,6.88358027384553e-06,0.0,Canada,CAN,quebec,,,Linux-5.15.0-152-generic-x86_64-with-glibc2.35,3.14.2,3.1.0,4,AMD EPYC 9554 64-Core Processor,1,1 x NVIDIA RTX A5000,,,4,machine,N
Step #1108,2026-02-26T21:51:26,whisper,dd7fdf3d-1b5f-439d-9ecd-dc3f9ba3ae65,0.07337565161287785,2.9553542701173802e-08,4.023417394085715e-07,360.0,0.0,10.0,7.303127646446535e-06,0.0,2.028103503915889e-07,7.5059379968378526e-06,0.0,Canada,CAN,quebec,,,Linux-5.15.0-152-generic-x86_64-with-glibc2.35,3.14.2,3.1.0,4,AMD EPYC 9554 64-Core Processor,1,1 x NVIDIA RTX A5000,,,4,machine,N
Step #1109,2026-02-26T21:51:26,whisper,dd7fdf3d-1b5f-439d-9ecd-dc3f9ba3ae65,0.07215646468102932,2.9251113946384712e-08,4.0490051702473225e-07,360.0,0.0,10.0,7.228392735123684e-06,0.0,2.007351308647154e-07,7.4291278659884e-06,0.0,Canada,CAN,quebec,,,Linux-5.15.0-152-generic-x86_64-with-glibc2.35,3.14.2,3.1.0,4,AMD EPYC 9554 64-Core Processor,1,1 x NVIDIA RTX A5000,,,4,machine,N
Step #1110,2026-02-26T21:51:26,whisper,dd7fdf3d-1b5f-439d-9ecd-dc3f9ba3ae65,0.06843811273574829,4.3603367099446675e-08,6.362957748854368e-07,360.0,208.1784110382795,10.0,6.895021535456396e-06,3.987780971215216e-06,1.9147624261676597e-07,1.1074278749287347e-05,0.0,Canada,CAN,quebec,,,Linux-5.15.0-152-generic-x86_64-with-glibc2.35,3.14.2,3.1.0,4,AMD EPYC 9554 64-Core Processor,1,1 x NVIDIA RTX A5000,,,4,machine,N
Step #1111,2026-02-26T21:51:26,whisper,dd7fdf3d-1b5f-439d-9ecd-dc3f9ba3ae65,0.06977333500981331,3.8264605675521006e-08,5.494128108302471e-07,360.0,136.38757137086085,10.0,6.908715888857657e-06,2.61777985599565e-06,1.9185716389782904e-07,9.718352908751407e-06,0.0,Canada,CAN,quebec,,,Linux-5.15.0-152-generic-x86_64-with-glibc2.35,3.14.2,3.1.0,4,AMD EPYC 9554 64-Core Processor,1,1 x NVIDIA RTX A5000,,,4,machine,N
Step #1112,2026-02-26T21:51:26,whisper,dd7fdf3d-1b5f-439d-9ecd-dc3f9ba3ae65,0.06793219409883022,4.228293287822062e-08,6.218344936612177e-07,360.0,170.01918208061568,10.0,7.158725894987512e-06,3.3813916076042005e-06,1.9880052552455883e-07,1.0738918028116787e-05,0.0,Canada,CAN,quebec,,,Linux-5.15.0-152-generic-x86_64-with-glibc2.35,3.14.2,3.1.0,4,AMD EPYC 9554 64-Core Processor,1,1 x NVIDIA RTX A5000,,,4,machine,N
Step #1113,2026-02-26T21:51:26,whisper,dd7fdf3d-1b5f-439d-9ecd-dc3f9ba3ae65,0.06755907833576202,4.4765289587778774e-08,6.618100658017267e-07,360.0,230.1150684074833,10.0,6.819983758032423e-06,4.360003487136055e-06,1.8939379499191664e-07,1.136938104016015e-05,0.0,Canada,CAN,quebec,,,Linux-5.15.0-152-generic-x86_64-with-glibc2.35,3.14.2,3.1.0,4,AMD EPYC 9554 64-Core Processor,1,1 x NVIDIA RTX A5000,,,4,machine,N
Step #1114,2026-02-26T21:51:26,whisper,dd7fdf3d-1b5f-439d-9ecd-dc3f9ba3ae65,0.06600918993353844,2.6794675422515024e-08,4.0497543410642834e-07,360.0,0.0,10.0,6.62137251347325e-06,0.0,1.838749792012974e-07,6.805247492674277e-06,0.0,Canada,CAN,quebec,,,Linux-5.15.0-152-generic-x86_64-with-glibc2.35,3.14.2,3.1.0,4,AMD EPYC 9554 64-Core Processor,1,1 x NVIDIA RTX A5000,,,4,machine,N
Step #1115,2026-02-26T21:51:26,whisper,dd7fdf3d-1b5f-439d-9ecd-dc3f9ba3ae65,0.06900964863598347,2.7989195771957313e-08,4.0533370605455224e-07,360.0,0.0,10.0,6.916553154588147e-06,0.0,1.9207575565409712e-07,7.108628910242054e-06,0.0,Canada,CAN,quebec,,,Linux-5.15.0-152-generic-x86_64-with-glibc2.35,3.14.2,3.1.0,4,AMD EPYC 9554 64-Core Processor,1,1 x NVIDIA RTX A5000,,,4,machine,N
Step #1116,2026-02-26T21:51:26,whisper,dd7fdf3d-1b5f-439d-9ecd-dc3f9ba3ae65,0.0735374316573143,3.805918008486619e-08,5.169877813211764e-07,360.0,105.38187953901362,10.0,7.319841906428676e-06,2.1430572587632923e-06,2.0328024402262016e-07,9.666179409215103e-06,0.0,Canada,CAN,quebec,,,Linux-5.15.0-152-generic-x86_64-with-glibc2.35,3.14.2,3.1.0,4,AMD EPYC 9554 64-Core Processor,1,1 x NVIDIA RTX A5000,,,4,machine,N
Step #1117,2026-02-26T21:51:26,whisper,dd7fdf3d-1b5f-439d-9ecd-dc3f9ba3ae65,0.06866812147200108,3.968121690134667e-08,5.769862643940795e-07,360.0,130.4428134759288,10.0,7.249588705598997e-06,2.6272243189850997e-06,2.013274106300411e-07,1.0078140435213975e-05,0.0,Canada,CAN,quebec,,,Linux-5.15.0-152-generic-x86_64-with-glibc2.35,3.14.2,3.1.0,4,AMD EPYC 9554 64-Core Processor,1,1 x NVIDIA RTX A5000,,,4,machine,N
Step #1118,2026-02-26T21:51:27,whisper,dd7fdf3d-1b5f-439d-9ecd-dc3f9ba3ae65,0.06676153838634491,4.2183730726241234e-08,6.310503775638227e-07,360.0,205.92232865273166,10.0,6.696642376482348e-06,3.8311141850044805e-06,1.859663416528144e-07,1.0713722903139128e-05,0.0,Canada,CAN,quebec,,,Linux-5.15.0-152-generic-x86_64-with-glibc2.35,3.14.2,3.1.0,4,AMD EPYC 9554 64-Core Processor,1,1 x NVIDIA RTX A5000,,,4,machine,N
Step #1119,2026-02-26T21:51:27,whisper,dd7fdf3d-1b5f-439d-9ecd-dc3f9ba3ae65,0.06691066175699234,4.31088030818864e-08,6.435773062848535e-07,360.0,217.65608218516078,10.0,6.706860475241827e-06,4.0555588043389434e-06,1.8625128496852893e-07,1.094867056454854e-05,0.0,Canada,CAN,quebec,,,Linux-5.15.0-152-generic-x86_64-with-glibc2.35,3.14.2,3.1.0,4,AMD EPYC 9554 64-Core Processor,1,1 x NVIDIA RTX A5000,,,4,machine,N
Step #1120,2026-02-26T21:51:27,whisper,dd7fdf3d-1b5f-439d-9ecd-dc3f9ba3ae65,0.06704176403582096,2.721707975662758e-08,4.0541431906765583e-07,360.0,0.0,10.0,6.725753471254967e-06,0.0,1.8677526257104664e-07,6.912528733825363e-06,0.0,Canada,CAN,quebec,,,Linux-5.15.0-152-generic-x86_64-with-glibc2.35,3.14.2,3.1.0,4,AMD EPYC 9554 64-Core Processor,1,1 x NVIDIA RTX A5000,,,4,machine,N
Step #1121,2026-02-26T21:51:27,whisper,dd7fdf3d-1b5f-439d-9ecd-dc3f9ba3ae65,0.06926584057509899,2.7120529392474788e-08,3.9088039946238516e-07,360.0,0.0,10.0,6.701894290746073e-06,0.0,1.8611281282372694e-07,6.888007103569502e-06,0.0,Canada,CAN,quebec,,,Linux-5.15.0-152-generic-x86_64-with-glibc2.35,3.14.2,3.1.0,4,AMD EPYC 9554 64-Core Processor,1,1 x NVIDIA RTX A5000,,,4,machine,N
Step #1122,2026-02-26T21:51:27,whisper,dd7fdf3d-1b5f-439d-9ecd-dc3f9ba3ae65,0.0730862058699131,2.945387795766114e-08,4.0254449363435006e-07,360.0,0.0,10.0,7.278496213257435e-06,0.0,2.0212917071249265e-07,7.48062538396925e-06,0.0,Canada,CAN,quebec,,,Linux-5.15.0-152-generic-x86_64-with-glibc2.35,3.14.2,3.1.0,4,AMD EPYC 9554 64-Core Processor,1,1 x NVIDIA RTX A5000,,,4,machine,N
Step #1123,2026-02-26T21:51:27,whisper,dd7fdf3d-1b5f-439d-9ecd-dc3f9ba3ae65,0.06671077758073807,4.1636505845977037e-08,6.234276412640611e-07,360.0,199.28802641593558,10.0,6.686821021138767e-06,3.702225185975294e-06,1.8569383149346524e-07,1.0574740038607824e-05,0.0,Canada,CAN,quebec,,,Linux-5.15.0-152-generic-x86_64-with-glibc2.35,3.14.2,3.1.0,4,AMD EPYC 9554 64-Core Processor,1,1 x NVIDIA RTX A5000,,,4,machine,N
Step #1124,2026-02-26T21:51:27,whisper,dd7fdf3d-1b5f-439d-9ecd-dc3f9ba3ae65,0.06725219637155533,3.839440928335864e-08,5.702946951300869e-07,360.0,150.32382106951636,10.0,6.746466830373152e-06,2.8175022350751533e-06,1.8735105275280222e-07,9.751320118201595e-06,0.0,Canada,CAN,quebec,,,Linux-5.15.0-152-generic-x86_64-with-glibc2.35,3.14.2,3.1.0,4,AMD EPYC 9554 64-Core Processor,1,1 x NVIDIA RTX A5000,,,4,machine,N
Step #1125,2026-02-26T21:51:27,whisper,dd7fdf3d-1b5f-439d-9ecd-dc3f9ba3ae65,0.07414568774402142,4.072350531793246e-08,5.475770077922207e-07,360.0,130.09219978099807,10.0,7.445261254906618e-06,2.6908355010846208e-06,2.0676159506871216e-07,1.0342858351060358e-05,0.0,Canada,CAN,quebec,,,Linux-5.15.0-152-generic-x86_64-with-glibc2.35,3.14.2,3.1.0,4,AMD EPYC 9554 64-Core Processor,1,1 x NVIDIA RTX A5000,,,4,machine,N
Step #1126,2026-02-26T21:51:27,whisper,dd7fdf3d-1b5f-439d-9ecd-dc3f9ba3ae65,0.0667531918734312,4.15403770333915e-08,6.220705303672628e-07,360.0,197.81218385369436,10.0,6.688741035760018e-06,3.6758362682576262e-06,1.857481689916706e-07,1.055032547300945e-05,0.0,Canada,CAN,quebec,,,Linux-5.15.0-152-generic-x86_64-with-glibc2.35,3.14.2,3.1.0,4,AMD EPYC 9554 64-Core Processor,1,1 x NVIDIA RTX A5000,,,4,machine,N
Step #1127,2026-02-26T21:51:27,whisper,dd7fdf3d-1b5f-439d-9ecd-dc3f9ba3ae65,0.06646909564733505,2.6946488480042137e-08,4.047872047597915e-07,360.0,0.0,10.0,6.6588895395406494e-06,0.0,1.849150699045855e-07,6.843804609444476e-06,0.0,Canada,CAN,quebec,,,Linux-5.15.0-152-generic-x86_64-with-glibc2.35,3.14.2,3.1.0,4,AMD EPYC 9554 64-Core Processor,1,1 x NVIDIA RTX A5000,,,4,machine,N
Step #1128,2026-02-26T21:51:27,whisper,dd7fdf3d-1b5f-439d-9ecd-dc3f9ba3ae65,0.06722293421626091,2.716120319586399e-08,4.052645919396927e-07,360.0,0.0,10.0,6.71194549650006e-06,0.0,1.863918422410828e-07,6.898337338741983e-06,0.0,Canada,CAN,quebec,,,Linux-5.15.0-152-generic-x86_64-with-glibc2.35,3.14.2,3.1.0,4,AMD EPYC 9554 64-Core Processor,1,1 x NVIDIA RTX A5000,,,4,machine,N
Step #1129,2026-02-26T21:51:27,whisper,dd7fdf3d-1b5f-439d-9ecd-dc3f9ba3ae65,0.0705924779176712,3.781699229740904e-08,5.352573027228092e-07,360.0,141.30999011398308,10.0,6.762158684432348e-06,2.654724340800385e-06,1.8778610974551227e-07,9.604669134978192e-06,0.0,Canada,CAN,quebec,,,Linux-5.15.0-152-generic-x86_64-with-glibc2.35,3.14.2,3.1.0,4,AMD EPYC 9554 64-Core Processor,1,1 x NVIDIA RTX A5000,,,4,machine,N
Step #1130,2026-02-26T21:51:28,whisper,dd7fdf3d-1b5f-439d-9ecd-dc3f9ba3ae65,0.07389904744923115,4.0624532511012996e-08,5.489443334434957e-07,360.0,131.8185672269203,10.0,7.4016159400339815e-06,2.710557737373165e-06,2.0554779718318658e-07,1.0317721474591146e-05,0.0,Canada,CAN,quebec,,,Linux-5.15.0-152-generic-x86_64-with-glibc2.35,3.14.2,3.1.0,4,AMD EPYC 9554 64-Core Processor,1,1 x NVIDIA RTX A5000,,,4,machine,N
Step #1131,2026-02-26T21:51:28,whisper,dd7fdf3d-1b5f-439d-9ecd-dc3f9ba3ae65,0.0684641320258379,4.013734437918932e-08,5.858490992582046e-07,360.0,160.1479721333468,10.0,6.922034732997212e-06,3.0797246779457055e-06,1.9222718870473944e-07,1.019398659964782e-05,0.0,Canada,CAN,quebec,,,Linux-5.15.0-152-generic-x86_64-with-glibc2.35,3.14.2,3.1.0,4,AMD EPYC 9554 64-Core Processor,1,1 x NVIDIA RTX A5000,,,4,machine,N
Step #1132,2026-02-26T21:51:28,whisper,dd7fdf3d-1b5f-439d-9ecd-dc3f9ba3ae65,0.06655052863061428,4.0128747327611205e-08,6.014788182155138e-07,360.0,178.46733516865845,10.0,6.689369305968446e-06,3.316669321407062e-06,1.857645137028454e-07,1.0191803141077621e-05,0.0,Canada,CAN,quebec,,,Linux-5.15.0-152-generic-x86_64-with-glibc2.35,3.14.2,3.1.0,4,AMD EPYC 9554 64-Core Processor,1,1 x NVIDIA RTX A5000,,,4,machine,N
Step #1133,2026-02-26T21:51:28,whisper,dd7fdf3d-1b5f-439d-9ecd-dc3f9ba3ae65,0.07532004453241825,4.0291793939149095e-08,5.341838038994419e-07,360.0,117.70650679781369,10.0,7.553445734083744e-06,2.470001987830983e-06,2.0976560707720404e-07,1.0233213328991742e-05,0.0,Canada,CAN,quebec,,,Linux-5.15.0-152-generic-x86_64-with-glibc2.35,3.14.2,3.1.0,4,AMD EPYC 9554 64-Core Processor,1,1 x NVIDIA RTX A5000,,,4,machine,N
Step #1134,2026-02-26T21:51:28,whisper,dd7fdf3d-1b5f-439d-9ecd-dc3f9ba3ae65,0.0695081427693367,2.8101552147137576e-08,4.03797868287506e-07,360.0,0.0,10.0,6.944319047033631e-06,0.0,1.9284586629106024e-07,7.137164913325125e-06,0.0,Canada,CAN,quebec,,,Linux-5.15.0-152-generic-x86_64-with-glibc2.35,3.14.2,3.1.0,4,AMD EPYC 9554 64-Core Processor,1,1 x NVIDIA RTX A5000,,,4,machine,N
Step #1135,2026-02-26T21:51:28,whisper,dd7fdf3d-1b5f-439d-9ecd-dc3f9ba3ae65,0.06673097051680088,2.7082174383418834e-08,4.0552497598358635e-07,360.0,0.0,10.0,6.6924210637801795e-06,0.0,1.8584472644660047e-07,6.878265790226726e-06,0.0,Canada,CAN,quebec,,,Linux-5.15.0-152-generic-x86_64-with-glibc2.35,3.14.2,3.1.0,4,AMD EPYC 9554 64-Core Processor,1,1 x NVIDIA RTX A5000,,,4,machine,N
Step #1136,2026-02-26T21:51:28,whisper,dd7fdf3d-1b5f-439d-9ecd-dc3f9ba3ae65,0.07185663282871246,3.7284376189717294e-08,5.182599087023297e-07,360.0,107.87102524812153,10.0,7.133516855538716e-06,2.137779503641468e-06,1.9810021234054217e-07,9.469396571520211e-06,0.0,Canada,CAN,quebec,,,Linux-5.15.0-152-generic-x86_64-with-glibc2.35,3.14.2,3.1.0,4,AMD EPYC 9554 64-Core Processor,1,1 x NVIDIA RTX A5000,,,4,machine,N
Step #1137,2026-02-26T21:51:28,whisper,dd7fdf3d-1b5f-439d-9ecd-dc3f9ba3ae65,0.0680169053375721,3.899147015611976e-08,5.725098739362911e-07,360.0,127.54603307416673,10.0,7.1650918573133715e-06,2.5388909108414737e-06,1.989774405956391e-07,9.902960208750186e-06,0.0,Canada,CAN,quebec,,,Linux-5.15.0-152-generic-x86_64-with-glibc2.35,3.14.2,3.1.0,4,AMD EPYC 9554 64-Core Processor,1,1 x NVIDIA RTX A5000,,,4,machine,N
Step #1138,2026-02-26T21:51:28,whisper,dd7fdf3d-1b5f-439d-9ecd-dc3f9ba3ae65,0.06648734584450722,3.966072455363265e-08,5.943440322036711e-07,360.0,172.8122655864065,10.0,6.680203042924715e-06,3.2072247933001563e-06,1.855080015957444e-07,1.007293583782029e-05,0.0,Canada,CAN,quebec,,,Linux-5.15.0-152-generic-x86_64-with-glibc2.35,3.14.2,3.1.0,4,AMD EPYC 9554 64-Core Processor,1,1 x NVIDIA RTX A5000,,,4,machine,N
Step #1139,2026-02-26T21:51:28,whisper,dd7fdf3d-1b5f-439d-9ecd-dc3f9ba3ae65,0.07264745235443115,3.95915071414759e-08,5.436320023456972e-07,360.0,127.09096455901434,10.0,7.282017357647386e-06,2.5711131570460566e-06,2.0222565055722235e-07,1.0055356165250204e-05,0.0,Canada,CAN,quebec,,,Linux-5.15.0-152-generic-x86_64-with-glibc2.35,3.14.2,3.1.0,4,AMD EPYC 9554 64-Core Processor,1,1 x NVIDIA RTX A5000,,,4,machine,N
Step #1140,2026-02-26T21:51:28,whisper,dd7fdf3d-1b5f-439d-9ecd-dc3f9ba3ae65,0.06685630045831203,4.19540056862861e-08,6.266357754442882e-07,360.0,197.49872541485107,10.0,6.759062968195173e-06,3.7086140878273e-06,1.877008316417605e-07,1.0655377887663908e-05,0.0,Canada,CAN,quebec,,,Linux-5.15.0-152-generic-x86_64-with-glibc2.35,3.14.2,3.1.0,4,AMD EPYC 9554 64-Core Processor,1,1 x NVIDIA RTX A5000,,,4,machine,N
Step #1141,2026-02-26T21:51:29,whisper,dd7fdf3d-1b5f-439d-9ecd-dc3f9ba3ae65,0.06808683648705482,2.7652984651056083e-08,4.0528121349826437e-07,360.0,0.0,10.0,6.833472847939115e-06,0.0,1.8976596701477159e-07,7.023238814954022e-06,0.0,Canada,CAN,quebec,,,Linux-5.15.0-152-generic-x86_64-with-glibc2.35,3.14.2,3.1.0,4,AMD EPYC 9554 64-Core Processor,1,1 x NVIDIA RTX A5000,,,4,machine,N
Step #1142,2026-02-26T21:51:29,whisper,dd7fdf3d-1b5f-439d-9ecd-dc3f9ba3ae65,0.07046685554087162,2.726942229663176e-08,3.8651946784415724e-07,360.0,0.0,10.0,6.738688796758402e-06,0.0,1.8713377002212172e-07,6.9258225667799544e-06,0.0,Canada,CAN,quebec,,,Linux-5.15.0-152-generic-x86_64-with-glibc2.35,3.14.2,3.1.0,4,AMD EPYC 9554 64-Core Processor,1,1 x NVIDIA RTX A5000,,,4,machine,N
Step #1143,2026-02-26T21:51:29,whisper,dd7fdf3d-1b5f-439d-9ecd-dc3f9ba3ae65,0.07389446906745434,2.9977747262103745e-08,4.0528401713674765e-07,360.0,0.0,10.0,7.407952845097168e-06,0.0,2.0572361018921306e-07,7.613676455285948e-06,0.0,Canada,CAN,quebec,,,Linux-5.15.0-152-generic-x86_64-with-glibc2.35,3.14.2,3.1.0,4,AMD EPYC 9554 64-Core Processor,1,1 x NVIDIA RTX A5000,,,4,machine,N
Step #1144,2026-02-26T21:51:29,whisper,dd7fdf3d-1b5f-439d-9ecd-dc3f9ba3ae65,0.06795687414705753,4.1543200865156436e-08,6.104232582528984e-07,360.0,186.81401266465173,10.0,6.821331940591938e-06,3.5402806162210254e-06,1.89430106224285e-07,1.0551042663037302e-05,0.0,Canada,CAN,quebec,,,Linux-5.15.0-152-generic-x86_64-with-glibc2.35,3.14.2,3.1.0,4,AMD EPYC 9554 64-Core Processor,1,1 x NVIDIA RTX A5000,,,4,machine,N
Step #1145,2026-02-26T21:51:29,whisper,dd7fdf3d-1b5f-439d-9ecd-dc3f9ba3ae65,0.0699843280017376,3.8161028667676674e-08,5.448790280511394e-07,360.0,128.0760682119216,10.0,7.005013339221253e-06,2.4925019914689983e-06,1.9453133766848948e-07,9.692046668358795e-06,0.0,Canada,CAN,quebec,,,Linux-5.15.0-152-generic-x86_64-with-glibc2.35,3.14.2,3.1.0,4,AMD EPYC 9554 64-Core Processor,1,1 x NVIDIA RTX A5000,,,4,machine,N
Step #1146,2026-02-26T21:51:29,whisper,dd7fdf3d-1b5f-439d-9ecd-dc3f9ba3ae65,0.07029329240322113,3.8283895287631044e-08,5.442629697030219e-07,360.0,147.0247539847288,10.0,6.7699680104844895e-06,2.7652799730049082e-06,1.8800405475000387e-07,9.723252038238914e-06,0.0,Canada,CAN,quebec,,,Linux-5.15.0-152-generic-x86_64-with-glibc2.35,3.14.2,3.1.0,4,AMD EPYC 9554 64-Core Processor,1,1 x NVIDIA RTX A5000,,,4,machine,N
Step #1147,2026-02-26T21:51:29,whisper,dd7fdf3d-1b5f-439d-9ecd-dc3f9ba3ae65,0.06599686853587627,3.411989153380066e-08,5.160294061373274e-07,360.0,100.97080546285413,10.0,6.623692251741045e-06,1.8580570468884616e-06,1.8393903867237687e-07,8.665688337301802e-06,0.0,Canada,CAN,quebec,,,Linux-5.15.0-152-generic-x86_64-with-glibc2.35,3.14.2,3.1.0,4,AMD EPYC 9554 64-Core Processor,1,1 x NVIDIA RTX A5000,,,4,machine,N
Step #1148,2026-02-26T21:51:29,whisper,dd7fdf3d-1b5f-439d-9ecd-dc3f9ba3ae65,0.07393638789653778,3.259634871578625e-08,4.403015225426727e-07,360.0,34.703574791103115,10.0,7.3642324656241626e-06,7.100005774418605e-07,2.0450953808095855e-07,8.278742581146331e-06,0.0,Canada,CAN,quebec,,,Linux-5.15.0-152-generic-x86_64-with-glibc2.35,3.14.2,3.1.0,4,AMD EPYC 9554 64-Core Processor,1,1 x NVIDIA RTX A5000,,,4,machine,N
Step #1149,2026-02-26T21:51:29,whisper,dd7fdf3d-1b5f-439d-9ecd-dc3f9ba3ae65,0.06804469414055347,2.8735013396426765e-08,4.2152593959511235e-07,360.0,0.0,10.0,7.100855186582475e-06,0.0,1.9719469774928124e-07,7.2980498843321084e-06,0.0,Canada,CAN,quebec,,,Linux-5.15.0-152-generic-x86_64-with-glibc2.35,3.14.2,3.1.0,4,AMD EPYC 9554 64-Core Processor,1,1 x NVIDIA RTX A5000,,,4,machine,N
Step #1150,2026-02-26T21:51:29,whisper,dd7fdf3d-1b5f-439d-9ecd-dc3f9ba3ae65,0.07073776796460152,2.7181058759746237e-08,3.841197635787496e-07,360.0,0.0,10.0,6.716852448880942e-06,0.0,1.86527758422821e-07,6.903380207303952e-06,0.0,Canada,CAN,quebec,,,Linux-5.15.0-152-generic-x86_64-with-glibc2.35,3.14.2,3.1.0,4,AMD EPYC 9554 64-Core Processor,1,1 x NVIDIA RTX A5000,,,4,machine,N
Step #1151,2026-02-26T21:51:29,whisper,dd7fdf3d-1b5f-439d-9ecd-dc3f9ba3ae65,0.07402843981981277,3.0025927490607684e-08,4.0497067075127513e-07,360.0,0.0,10.0,7.41985812783251e-06,0.0,2.0605502650141274e-07,7.625913154334085e-06,0.0,Canada,CAN,quebec,,,Linux-5.15.0-152-generic-x86_64-with-glibc2.35,3.14.2,3.1.0,4,AMD EPYC 9554 64-Core Processor,1,1 x NVIDIA RTX A5000,,,4,machine,N
Step #1152,2026-02-26T21:51:29,whisper,dd7fdf3d-1b5f-439d-9ecd-dc3f9ba3ae65,0.06674575991928577,4.165193703947723e-08,6.231604881467075e-07,360.0,199.54191793003847,10.0,6.6863100975748935e-06,3.7066696449983283e-06,1.8567947360377795e-07,1.0578659216177108e-05,0.0,Canada,CAN,quebec,,,Linux-5.15.0-152-generic-x86_64-with-glibc2.35,3.14.2,3.1.0,4,AMD EPYC 9554 64-Core Processor,1,1 x NVIDIA RTX A5000,,,4,machine,N
Step #1153,2026-02-26T21:51:30,whisper,dd7fdf3d-1b5f-439d-9ecd-dc3f9ba3ae65,0.06627491302788258,3.867037438007347e-08,5.825876839485814e-07,360.0,161.76710207523482,10.0,6.64871744811453e-06,2.9880579432983723e-06,1.846336811366946e-07,9.821409072550275e-06,0.0,Canada,CAN,quebec,,,Linux-5.15.0-152-generic-x86_64-with-glibc2.35,3.14.2,3.1.0,4,AMD EPYC 9554 64-Core Processor,1,1 x NVIDIA RTX A5000,,,4,machine,N
Step #1154,2026-02-26T21:51:30,whisper,dd7fdf3d-1b5f-439d-9ecd-dc3f9ba3ae65,0.07421934977173805,3.967309688111294e-08,5.337272774626325e-07,360.0,118.0704352958635,10.0,7.43190925568335e-06,2.4377797274155455e-06,2.0638914882310116e-07,1.0076078131922295e-05,0.0,Canada,CAN,quebec,,,Linux-5.15.0-152-generic-x86_64-with-glibc2.35,3.14.2,3.1.0,4,AMD EPYC 9554 64-Core Processor,1,1 x NVIDIA RTX A5000,,,4,machine,N
Step #1155,2026-02-26T21:51:30,whisper,dd7fdf3d-1b5f-439d-9ecd-dc3f9ba3ae65,0.06651120632886887,4.1803320793886226e-08,6.275088298577241e-07,360.0,202.89916573138547,10.0,6.6712871193887885e-06,3.760558570320427e-06,1.8526160986060466e-07,1.0617107299569495e-05,0.0,Canada,CAN,quebec,,,Linux-5.15.0-152-generic-x86_64-with-glibc2.35,3.14.2,3.1.0,4,AMD EPYC 9554 64-Core Processor,1,1 x NVIDIA RTX A5000,,,4,machine,N
Step #1156,2026-02-26T21:51:30,whisper,dd7fdf3d-1b5f-439d-9ecd-dc3f9ba3ae65,0.0665836650878191,2.706527081423047e-08,4.0553637891942717e-07,360.0,0.0,10.0,6.688239052891551e-06,0.0,1.8573360931542493e-07,6.873972662206976e-06,0.0,Canada,CAN,quebec,,,Linux-5.15.0-152-generic-x86_64-with-glibc2.35,3.14.2,3.1.0,4,AMD EPYC 9554 64-Core Processor,1,1 x NVIDIA RTX A5000,,,4,machine,N
Step #1157,2026-02-26T21:51:30,whisper,dd7fdf3d-1b5f-439d-9ecd-dc3f9ba3ae65,0.06849675998091698,2.780180867771251e-08,4.0552835236518667e-07,360.0,0.0,10.0,6.870249658822228e-06,0.0,1.9078712599972475e-07,7.06103678482263e-06,0.0,Canada,CAN,quebec,,,Linux-5.15.0-152-generic-x86_64-with-glibc2.35,3.14.2,3.1.0,4,AMD EPYC 9554 64-Core Processor,1,1 x NVIDIA RTX A5000,,,4,machine,N
Step #1158,2026-02-26T21:51:30,whisper,dd7fdf3d-1b5f-439d-9ecd-dc3f9ba3ae65,0.0738074779510498,3.997290438368772e-08,5.410738909063832e-07,360.0,127.99949824219428,10.0,7.338701188564639e-06,2.6097243051026453e-06,2.0379702974526086e-07,1.0152222523412274e-05,0.0,Canada,CAN,quebec,,,Linux-5.15.0-152-generic-x86_64-with-glibc2.35,3.14.2,3.1.0,4,AMD EPYC 9554 64-Core Processor,1,1 x NVIDIA RTX A5000,,,4,machine,N
Step #1159,2026-02-26T21:51:30,whisper,dd7fdf3d-1b5f-439d-9ecd-dc3f9ba3ae65,0.06629296392202377,3.552280300656339e-08,5.345175202599819e-07,360.0,117.81149960440004,10.0,6.657936610280843e-06,2.179168419047528e-06,1.84891403963173e-07,9.021996433291463e-06,0.0,Canada,CAN,quebec,,,Linux-5.15.0-152-generic-x86_64-with-glibc2.35,3.14.2,3.1.0,4,AMD EPYC 9554 64-Core Processor,1,1 x NVIDIA RTX A5000,,,4,machine,N
Step #1160,2026-02-26T21:51:30,whisper,dd7fdf3d-1b5f-439d-9ecd-dc3f9ba3ae65,0.06712153553962708,3.704728746099507e-08,5.512681051408457e-07,360.0,132.98975436414165,10.0,6.734115816652703e-06,2.488057532445964e-06,1.8700799490843612e-07,9.409181344007672e-06,0.0,Canada,CAN,quebec,,,Linux-5.15.0-152-generic-x86_64-with-glibc2.35,3.14.2,3.1.0,4,AMD EPYC 9554 64-Core Processor,1,1 x NVIDIA RTX A5000,,,4,machine,N
Step #1161,2026-02-26T21:51:30,whisper,dd7fdf3d-1b5f-439d-9ecd-dc3f9ba3ae65,0.06721050292253494,3.959716144598803e-08,5.884239226400803e-07,360.0,166.9072220063628,10.0,6.742872856556684e-06,3.1266691848941264e-06,1.8725019051797826e-07,1.005679223196887e-05,0.0,Canada,CAN,quebec,,,Linux-5.15.0-152-generic-x86_64-with-glibc2.35,3.14.2,3.1.0,4,AMD EPYC 9554 64-Core Processor,1,1 x NVIDIA RTX A5000,,,4,machine,N
Step #1162,2026-02-26T21:51:30,whisper,dd7fdf3d-1b5f-439d-9ecd-dc3f9ba3ae65,0.07095802016556263,3.596526427648378e-08,5.071987451632784e-07,360.0,117.4268931995409,10.0,6.746194884180157e-06,2.200835083954189e-06,1.8734171883098318e-07,9.134371686965112e-06,0.0,Canada,CAN,quebec,,,Linux-5.15.0-152-generic-x86_64-with-glibc2.35,3.14.2,3.1.0,4,AMD EPYC 9554 64-Core Processor,1,1 x NVIDIA RTX A5000,,,4,machine,N
Step #1163,2026-02-26T21:51:30,whisper,dd7fdf3d-1b5f-439d-9ecd-dc3f9ba3ae65,0.06786632351577282,2.7919279344729207e-08,4.1079775913795326e-07,360.0,0.0,10.0,6.899277679621799e-06,0.0,1.9159402387837064e-07,7.090871703500576e-06,0.0,Canada,CAN,quebec,,,Linux-5.15.0-152-generic-x86_64-with-glibc2.35,3.14.2,3.1.0,4,AMD EPYC 9554 64-Core Processor,1,1 x NVIDIA RTX A5000,,,4,machine,N
Step #1164,2026-02-26T21:51:30,whisper,dd7fdf3d-1b5f-439d-9ecd-dc3f9ba3ae65,0.06638852320611477,2.7879855766774523e-08,4.1934201487327307e-07,360.0,0.0,10.0,6.8895354866978925e-06,0.0,1.9132351088854108e-07,7.08085899758619e-06,0.0,Canada,CAN,quebec,,,Linux-5.15.0-152-generic-x86_64-with-glibc2.35,3.14.2,3.1.0,4,AMD EPYC 9554 64-Core Processor,1,1 x NVIDIA RTX A5000,,,4,machine,N
Step #1165,2026-02-26T21:51:31,whisper,dd7fdf3d-1b5f-439d-9ecd-dc3f9ba3ae65,0.06636266596615314,4.037147308253895e-08,6.075275685289984e-07,360.0,184.56346971354824,10.0,6.6558388993141065e-06,3.41278048665572e-06,1.8483066103523282e-07,1.025345004700487e-05,0.0,Canada,CAN,quebec,,,Linux-5.15.0-152-generic-x86_64-with-glibc2.35,3.14.2,3.1.0,4,AMD EPYC 9554 64-Core Processor,1,1 x NVIDIA RTX A5000,,,4,machine,N
Step #1166,2026-02-26T21:51:31,whisper,dd7fdf3d-1b5f-439d-9ecd-dc3f9ba3ae65,0.06638709455728531,4.141093260002246e-08,6.229017132444918e-07,360.0,193.68147136380117,10.0,6.716757267714174e-06,3.614169571619641e-06,1.8652264649669337e-07,1.0517449485830319e-05,0.0,Canada,CAN,quebec,,,Linux-5.15.0-152-generic-x86_64-with-glibc2.35,3.14.2,3.1.0,4,AMD EPYC 9554 64-Core Processor,1,1 x NVIDIA RTX A5000,,,4,machine,N
Step #1167,2026-02-26T21:51:31,whisper,dd7fdf3d-1b5f-439d-9ecd-dc3f9ba3ae65,0.06695200316607952,4.298588890299716e-08,6.4130597764428e-07,360.0,214.15270699643372,10.0,6.7278416827319665e-06,4.0027809689036076e-06,1.8683046412964859e-07,1.0917453115764572e-05,0.0,Canada,CAN,quebec,,,Linux-5.15.0-152-generic-x86_64-with-glibc2.35,3.14.2,3.1.0,4,AMD EPYC 9554 64-Core Processor,1,1 x NVIDIA RTX A5000,,,4,machine,N
Step #1168,2026-02-26T21:51:31,whisper,dd7fdf3d-1b5f-439d-9ecd-dc3f9ba3ae65,0.06595331989228725,3.708085281870269e-08,5.612126610126954e-07,360.0,142.50102910909874,10.0,6.615113839507011e-06,2.618890988514977e-06,1.8370136515134892e-07,9.417706193172795e-06,0.0,Canada,CAN,quebec,,,Linux-5.15.0-152-generic-x86_64-with-glibc2.35,3.14.2,3.1.0,4,AMD EPYC 9554 64-Core Processor,1,1 x NVIDIA RTX A5000,,,4,machine,N
Step #1169,2026-02-26T21:51:31,whisper,dd7fdf3d-1b5f-439d-9ecd-dc3f9ba3ae65,0.06619773432612419,2.687134899523189e-08,4.054619154198291e-07,360.0,0.0,10.0,6.6403197124600966e-06,0.0,1.844011505858635e-07,6.824720863045364e-06,0.0,Canada,CAN,quebec,,,Linux-5.15.0-152-generic-x86_64-with-glibc2.35,3.14.2,3.1.0,4,AMD EPYC 9554 64-Core Processor,1,1 x NVIDIA RTX A5000,,,4,machine,N
Step #1170,2026-02-26T21:51:31,whisper,dd7fdf3d-1b5f-439d-9ecd-dc3f9ba3ae65,0.06882780604064465,2.7947746755483467e-08,4.0554211376608355e-07,360.0,0.0,10.0,6.906311959029021e-06,0.0,1.9178982927568452e-07,7.098101788304001e-06,0.0,Canada,CAN,quebec,,,Linux-5.15.0-152-generic-x86_64-with-glibc2.35,3.14.2,3.1.0,4,AMD EPYC 9554 64-Core Processor,1,1 x NVIDIA RTX A5000,,,4,machine,N
Step #1171,2026-02-26T21:51:31,whisper,dd7fdf3d-1b5f-439d-9ecd-dc3f9ba3ae65,0.0667719878256321,3.721593762951228e-08,5.566296623006134e-07,360.0,137.76174214895332,10.0,6.701198406518227e-06,2.5647242694049055e-06,1.8609203398227024e-07,9.45201470990524e-06,0.0,Canada,CAN,quebec,,,Linux-5.15.0-152-generic-x86_64-with-glibc2.35,3.14.2,3.1.0,4,AMD EPYC 9554 64-Core Processor,1,1 x NVIDIA RTX A5000,,,4,machine,N
Step #1172,2026-02-26T21:51:31,whisper,dd7fdf3d-1b5f-439d-9ecd-dc3f9ba3ae65,0.06705387495458126,3.704822338477143e-08,5.514339370404093e-07,360.0,133.20768227260052,10.0,6.7313747480514385e-06,2.4911131077942628e-06,1.8693119184010933e-07,9.409419047685594e-06,0.0,Canada,CAN,quebec,,,Linux-5.15.0-152-generic-x86_64-with-glibc2.35,3.14.2,3.1.0,4,AMD EPYC 9554 64-Core Processor,1,1 x NVIDIA RTX A5000,,,4,machine,N
Step #1173,2026-02-26T21:51:31,whisper,dd7fdf3d-1b5f-439d-9ecd-dc3f9ba3ae65,0.06658906675875187,3.919807001881892e-08,5.876169527570261e-07,360.0,166.20036098267852,10.0,6.6837118938567475e-06,3.0861135797977113e-06,1.856064734359641e-07,9.955431947089935e-06,0.0,Canada,CAN,quebec,,,Linux-5.15.0-152-generic-x86_64-with-glibc2.35,3.14.2,3.1.0,4,AMD EPYC 9554 64-Core Processor,1,1 x NVIDIA RTX A5000,,,4,machine,N
Step #1174,2026-02-26T21:51:31,whisper,dd7fdf3d-1b5f-439d-9ecd-dc3f9ba3ae65,0.06741678714752197,3.680396632057783e-08,5.469137265927209e-07,360.0,128.2961044937678,10.0,6.75290878862124e-06,2.406946379096553e-06,1.8752805578211478e-07,9.347383223499636e-06,0.0,Canada,CAN,quebec,,,Linux-5.15.0-152-generic-x86_64-with-glibc2.35,3.14.2,3.1.0,4,AMD EPYC 9554 64-Core Processor,1,1 x NVIDIA RTX A5000,,,4,machine,N
Step #1175,2026-02-26T21:51:31,whisper,dd7fdf3d-1b5f-439d-9ecd-dc3f9ba3ae65,0.07105089910328388,2.8486912894891772e-08,4.009499423235475e-07,360.0,0.0,10.0,7.03954845666932e-06,0.0,1.954894564631872e-07,7.235037913132236e-06,0.0,Canada,CAN,quebec,,,Linux-5.15.0-152-generic-x86_64-with-glibc2.35,3.14.2,3.1.0,4,AMD EPYC 9554 64-Core Processor,1,1 x NVIDIA RTX A5000,,,4,machine,N
Step #1176,2026-02-26T21:51:31,whisper,dd7fdf3d-1b5f-439d-9ecd-dc3f9ba3ae65,0.06757913902401924,2.908665370875401e-08,4.2970601575903554e-07,360.0,0.0,10.0,7.187753170729422e-06,0.0,1.9960547797381856e-07,7.3873586487038095e-06,0.0,Canada,CAN,quebec,,,Linux-5.15.0-152-generic-x86_64-with-glibc2.35,3.14.2,3.1.0,4,AMD EPYC 9554 64-Core Processor,1,1 x NVIDIA RTX A5000,,,4,machine,N
Step #1177,2026-02-26T21:51:32,whisper,dd7fdf3d-1b5f-439d-9ecd-dc3f9ba3ae65,0.06679493933916092,4.248996045829736e-08,6.362012520277308e-07,360.0,206.03640948997938,10.0,6.743937730788879e-06,3.8602808700716196e-06,1.8727979622781615e-07,1.0791498397088803e-05,0.0,Canada,CAN,quebec,,,Linux-5.15.0-152-generic-x86_64-with-glibc2.35,3.14.2,3.1.0,4,AMD EPYC 9554 64-Core Processor,1,1 x NVIDIA RTX A5000,,,4,machine,N
Step #1178,2026-02-26T21:51:32,whisper,dd7fdf3d-1b5f-439d-9ecd-dc3f9ba3ae65,0.06663230992853642,4.236985582630121e-08,6.351258763646024e-07,360.0,205.16400449841856,10.0,6.7350698634977e-06,3.838891956320367e-06,1.8703269047870476e-07,1.0760994510297314e-05,0.0,Canada,CAN,quebec,,,Linux-5.15.0-152-generic-x86_64-with-glibc2.35,3.14.2,3.1.0,4,AMD EPYC 9554 64-Core Processor,1,1 x NVIDIA RTX A5000,,,4,machine,N
Step #1179,2026-02-26T21:51:32,whisper,dd7fdf3d-1b5f-439d-9ecd-dc3f9ba3ae65,0.06607636250555515,4.12067727447547e-08,6.228341656913517e-07,360.0,195.14542026822812,10.0,6.66630491614334e-06,3.614169571619641e-06,1.851229669733135e-07,1.0465597454736159e-05,0.0,Canada,CAN,quebec,,,Linux-5.15.0-152-generic-x86_64-with-glibc2.35,3.14.2,3.1.0,4,AMD EPYC 9554 64-Core Processor,1,1 x NVIDIA RTX A5000,,,4,machine,N
Step #1180,2026-02-26T21:51:32,whisper,dd7fdf3d-1b5f-439d-9ecd-dc3f9ba3ae65,0.06607625260949135,2.6751479390700898e-08,4.0437688141850737e-07,360.0,0.0,10.0,6.610697135329274e-06,0.0,1.8357953263654198e-07,6.794276667965518e-06,0.0,Canada,CAN,quebec,,,Linux-5.15.0-152-generic-x86_64-with-glibc2.35,3.14.2,3.1.0,4,AMD EPYC 9554 64-Core Processor,1,1 x NVIDIA RTX A5000,,,4,machine,N
Step #1181,2026-02-26T21:51:32,whisper,dd7fdf3d-1b5f-439d-9ecd-dc3f9ba3ae65,0.06675888039171696,2.713748580645631e-08,4.0598121148884774e-07,360.0,0.0,10.0,6.706084311008248e-06,0.0,1.8622934197385288e-07,6.892313652981721e-06,0.0,Canada,CAN,quebec,,,Linux-5.15.0-152-generic-x86_64-with-glibc2.35,3.14.2,3.1.0,4,AMD EPYC 9554 64-Core Processor,1,1 x NVIDIA RTX A5000,,,4,machine,N
Step #1182,2026-02-26T21:51:32,whisper,dd7fdf3d-1b5f-439d-9ecd-dc3f9ba3ae65,0.06699733436107635,3.825705389983537e-08,5.70131115021828e-07,360.0,150.91580544562723,10.0,6.714687310159853e-06,2.8152800268799183e-06,1.8646758981048675e-07,9.716434926849635e-06,0.0,Canada,CAN,quebec,,,Linux-5.15.0-152-generic-x86_64-with-glibc2.35,3.14.2,3.1.0,4,AMD EPYC 9554 64-Core Processor,1,1 x NVIDIA RTX A5000,,,4,machine,N
Step #1183,2026-02-26T21:51:32,whisper,dd7fdf3d-1b5f-439d-9ecd-dc3f9ba3ae65,0.06643112562596798,3.6903593093948054e-08,5.547207194497249e-07,360.0,136.35128620943408,10.0,6.6634729504588125e-06,2.5241686927302e-06,1.8504454961254676e-07,9.372686192801044e-06,0.0,Canada,CAN,quebec,,,Linux-5.15.0-152-generic-x86_64-with-glibc2.35,3.14.2,3.1.0,4,AMD EPYC 9554 64-Core Processor,1,1 x NVIDIA RTX A5000,,,4,machine,N
Step #1184,2026-02-26T21:51:32,whisper,dd7fdf3d-1b5f-439d-9ecd-dc3f9ba3ae65,0.0727740228176117,3.8256446881046295e-08,5.250894092730621e-07,360.0,113.85971284033987,10.0,7.228863611817224e-06,2.2866684901146073e-06,2.0074865573810243e-07,9.716280757670476e-06,0.0,Canada,CAN,quebec,,,Linux-5.15.0-152-generic-x86_64-with-glibc2.35,3.14.2,3.1.0,4,AMD EPYC 9554 64-Core Processor,1,1 x NVIDIA RTX A5000,,,4,machine,N
Step #1185,2026-02-26T21:51:32,whisper,dd7fdf3d-1b5f-439d-9ecd-dc3f9ba3ae65,0.06801359355449677,3.929628400011886e-08,5.767615457895491e-07,360.0,134.29322003266662,10.0,7.124467566609408e-06,2.658057681514947e-06,1.9785085072118974e-07,9.980376098846222e-06,0.0,Canada,CAN,quebec,,,Linux-5.15.0-152-generic-x86_64-with-glibc2.35,3.14.2,3.1.0,4,AMD EPYC 9554 64-Core Processor,1,1 x NVIDIA RTX A5000,,,4,machine,N
Step #1186,2026-02-26T21:51:32,whisper,dd7fdf3d-1b5f-439d-9ecd-dc3f9ba3ae65,0.06642483547329903,2.692112430521782e-08,4.0466634966280506e-07,360.0,0.0,10.0,6.652619875967616e-06,0.0,1.8474280109835053e-07,6.837362677066319e-06,0.0,Canada,CAN,quebec,,,Linux-5.15.0-152-generic-x86_64-with-glibc2.35,3.14.2,3.1.0,4,AMD EPYC 9554 64-Core Processor,1,1 x NVIDIA RTX A5000,,,4,machine,N
Step #1187,2026-02-26T21:51:32,whisper,dd7fdf3d-1b5f-439d-9ecd-dc3f9ba3ae65,0.06664672680199146,2.70507473996279e-08,4.052735783375398e-07,360.0,0.0,10.0,6.684651039541578e-06,0.0,1.856330006072928e-07,6.870284040148139e-06,0.0,Canada,CAN,quebec,,,Linux-5.15.0-152-generic-x86_64-with-glibc2.35,3.14.2,3.1.0,4,AMD EPYC 9554 64-Core Processor,1,1 x NVIDIA RTX A5000,,,4,machine,N
Step #1188,2026-02-26T21:51:32,whisper,dd7fdf3d-1b5f-439d-9ecd-dc3f9ba3ae65,0.06968087516725063,4.005062962355368e-08,5.739826205878088e-07,360.0,154.0560586275583,10.0,6.987364776432983e-06,2.99055794528158e-06,1.9404027197097106e-07,1.017196299368632e-05,0.0,Canada,CAN,quebec,,,Linux-5.15.0-152-generic-x86_64-with-glibc2.35,3.14.2,3.1.0,4,AMD EPYC 9554 64-Core Processor,1,1 x NVIDIA RTX A5000,,,4,machine,N
Step #1189,2026-02-26T21:51:33,whisper,dd7fdf3d-1b5f-439d-9ecd-dc3f9ba3ae65,0.06995412148535252,3.594414503090346e-08,5.133719845368652e-07,360.0,117.20576049087445,10.0,6.745298765599775e-06,2.1963906391420096e-06,1.8731846681071954e-07,9.12900787155245e-06,0.0,Canada,CAN,quebec,,,Linux-5.15.0-152-generic-x86_64-with-glibc2.35,3.14.2,3.1.0,4,AMD EPYC 9554 64-Core Processor,1,1 x NVIDIA RTX A5000,,,4,machine,N
Step #1190,2026-02-26T21:51:33,whisper,dd7fdf3d-1b5f-439d-9ecd-dc3f9ba3ae65,0.07413735054433346,4.195439947578608e-08,5.65519206467218e-07,360.0,146.436627976223,10.0,7.4275411665446905e-06,3.0216690873885454e-06,2.0626764744521332e-07,1.0655477901378232e-05,0.0,Canada,CAN,quebec,,,Linux-5.15.0-152-generic-x86_64-with-glibc2.35,3.14.2,3.1.0,4,AMD EPYC 9554 64-Core Processor,1,1 x NVIDIA RTX A5000,,,4,machine,N
Step #1191,2026-02-26T21:51:33,whisper,dd7fdf3d-1b5f-439d-9ecd-dc3f9ba3ae65,0.06632195599377155,4.037966738447895e-08,6.080020352200037e-07,360.0,185.00063314350788,10.0,6.651917472481547e-06,3.4188916231414623e-06,1.8472212056318531e-07,1.0255531216186303e-05,0.0,Canada,CAN,quebec,,,Linux-5.15.0-152-generic-x86_64-with-glibc2.35,3.14.2,3.1.0,4,AMD EPYC 9554 64-Core Processor,1,1 x NVIDIA RTX A5000,,,4,machine,N
Step #1192,2026-02-26T21:51:33,whisper,dd7fdf3d-1b5f-439d-9ecd-dc3f9ba3ae65,0.06728541851043701,2.698933238302805e-08,4.008804085583884e-07,360.0,0.0,10.0,6.669474951922355e-06,0.0,1.852110493928184e-07,6.854686001315363e-06,0.0,Canada,CAN,quebec,,,Linux-5.15.0-152-generic-x86_64-with-glibc2.35,3.14.2,3.1.0,4,AMD EPYC 9554 64-Core Processor,1,1 x NVIDIA RTX A5000,,,4,machine,N
Step #1193,2026-02-26T21:51:33,whisper,dd7fdf3d-1b5f-439d-9ecd-dc3f9ba3ae65,0.06705978512763977,2.7365580460365815e-08,4.075462671579922e-07,360.0,0.0,10.0,6.762453168629792e-06,0.0,1.8779141828416867e-07,6.9502445869135815e-06,0.0,Canada,CAN,quebec,,,Linux-5.15.0-152-generic-x86_64-with-glibc2.35,3.14.2,3.1.0,4,AMD EPYC 9554 64-Core Processor,1,1 x NVIDIA RTX A5000,,,4,machine,N
Step #1194,2026-02-26T21:51:33,whisper,dd7fdf3d-1b5f-439d-9ecd-dc3f9ba3ae65,0.06652581505477428,3.929235977028129e-08,5.902053878543953e-07,360.0,168.22524241276764,10.0,6.67457971721859e-06,3.1194469443107664e-06,1.8535277081859164e-07,9.979379432348626e-06,0.0,Canada,CAN,quebec,,,Linux-5.15.0-152-generic-x86_64-with-glibc2.35,3.14.2,3.1.0,4,AMD EPYC 9554 64-Core Processor,1,1 x NVIDIA RTX A5000,,,4,machine,N
Step #1195,2026-02-26T21:51:33,whisper,dd7fdf3d-1b5f-439d-9ecd-dc3f9ba3ae65,0.0673665888607502,3.999252765711221e-08,5.922660526956147e-07,360.0,167.71028512509807,10.0,6.800031475722584e-06,3.168335851455595e-06,1.888390682223788e-07,1.0157206395400992e-05,0.0,Canada,CAN,quebec,,,Linux-5.15.0-152-generic-x86_64-with-glibc2.35,3.14.2,3.1.0,4,AMD EPYC 9554 64-Core Processor,1,1 x NVIDIA RTX A5000,,,4,machine,N
Step #1196,2026-02-26T21:51:33,whisper,dd7fdf3d-1b5f-439d-9ecd-dc3f9ba3ae65,0.06665990687906742,4.1476186718869404e-08,6.210448510624057e-07,360.0,193.3745119931918,10.0,6.7309876903894755e-06,3.616114000237758e-06,1.869208800295947e-07,1.0534022570656693e-05,0.0,Canada,CAN,quebec,,,Linux-5.15.0-152-generic-x86_64-with-glibc2.35,3.14.2,3.1.0,4,AMD EPYC 9554 64-Core Processor,1,1 x NVIDIA RTX A5000,,,4,machine,N
Step #1197,2026-02-26T21:51:33,whisper,dd7fdf3d-1b5f-439d-9ecd-dc3f9ba3ae65,0.06846063025295734,4.062259722935937e-08,5.92967853666911e-07,360.0,166.79255319736123,10.0,6.918972730637213e-06,3.206113674991684e-06,1.9214355076352147e-07,1.031722995639174e-05,0.0,Canada,CAN,quebec,,,Linux-5.15.0-152-generic-x86_64-with-glibc2.35,3.14.2,3.1.0,4,AMD EPYC 9554 64-Core Processor,1,1 x NVIDIA RTX A5000,,,4,machine,N
Step #1198,2026-02-26T21:51:33,whisper,dd7fdf3d-1b5f-439d-9ecd-dc3f9ba3ae65,0.06687629222869873,2.707945151183514e-08,4.044517839353202e-07,360.0,0.0,10.0,6.691746041178129e-06,0.0,1.8582820064490442e-07,6.8775742418231145e-06,0.0,Canada,CAN,quebec,,,Linux-5.15.0-152-generic-x86_64-with-glibc2.35,3.14.2,3.1.0,4,AMD EPYC 9554 64-Core Processor,1,1 x NVIDIA RTX A5000,,,4,machine,N
Step #1199,2026-02-26T21:51:33,whisper,dd7fdf3d-1b5f-439d-9ecd-dc3f9ba3ae65,0.0687163732945919,2.7636851955744875e-08,4.0139227011104845e-07,360.0,0.0,10.0,6.829485110939129e-06,0.0,1.896563606957691e-07,7.0191414716352235e-06,0.0,Canada,CAN,quebec,,,Linux-5.15.0-152-generic-x86_64-with-glibc2.35,3.14.2,3.1.0,4,AMD EPYC 9554 64-Core Processor,1,1 x NVIDIA RTX A5000,,,4,machine,N
Step #1200,2026-02-26T21:51:33,whisper,dd7fdf3d-1b5f-439d-9ecd-dc3f9ba3ae65,0.07357053086161613,2.981599396520337e-08,4.047572230710418e-07,360.0,0.0,10.0,7.36798066645894e-06,0.0,2.0461407386593473e-07,7.572594740325525e-06,0.0,Canada,CAN,quebec,,,Linux-5.15.0-152-generic-x86_64-with-glibc2.35,3.14.2,3.1.0,4,AMD EPYC 9554 64-Core Processor,1,1 x NVIDIA RTX A5000,,,4,machine,N
Step #1201,2026-02-26T21:51:34,whisper,dd7fdf3d-1b5f-439d-9ecd-dc3f9ba3ae65,0.06657562777400017,4.172636328692307e-08,6.257203826255579e-07,360.0,196.93869324313664,10.0,6.729025579988238e-06,3.681669610955396e-06,1.868666253156191e-07,1.0597561816259524e-05,0.0,Canada,CAN,quebec,,,Linux-5.15.0-152-generic-x86_64-with-glibc2.35,3.14.2,3.1.0,4,AMD EPYC 9554 64-Core Processor,1,1 x NVIDIA RTX A5000,,,4,machine,N
Step #1202,2026-02-26T21:51:34,whisper,dd7fdf3d-1b5f-439d-9ecd-dc3f9ba3ae65,0.06667130067944527,4.08981521060324e-08,6.132114863990592e-07,360.0,184.4461699544563,10.0,6.744094938039569e-06,3.4558360937353427e-06,1.8728369226059098e-07,1.0387214724036017e-05,0.0,Canada,CAN,quebec,,,Linux-5.15.0-152-generic-x86_64-with-glibc2.35,3.14.2,3.1.0,4,AMD EPYC 9554 64-Core Processor,1,1 x NVIDIA RTX A5000,,,4,machine,N
Step #1203,2026-02-26T21:51:34,whisper,dd7fdf3d-1b5f-439d-9ecd-dc3f9ba3ae65,0.06615825183689594,4.0055676637392704e-08,6.047142621322349e-07,360.0,182.46209487925884,10.0,6.628881394863187e-06,3.360280473430066e-06,1.8408295388022558e-07,1.0173244822173425e-05,0.0,Canada,CAN,quebec,,,Linux-5.15.0-152-generic-x86_64-with-glibc2.35,3.14.2,3.1.0,4,AMD EPYC 9554 64-Core Processor,1,1 x NVIDIA RTX A5000,,,4,machine,N
Step #1204,2026-02-26T21:51:34,whisper,dd7fdf3d-1b5f-439d-9ecd-dc3f9ba3ae65,0.06874759122729301,2.7574329276490938e-08,4.006255520754168e-07,360.0,0.0,10.0,6.814034841954794e-06,0.0,1.8922726934155116e-07,7.003262111296427e-06,0.0,Canada,CAN,quebec,,,Linux-5.15.0-152-generic-x86_64-with-glibc2.35,3.14.2,3.1.0,4,AMD EPYC 9554 64-Core Processor,1,1 x NVIDIA RTX A5000,,,4,machine,N
Step #1205,2026-02-26T21:51:34,whisper,dd7fdf3d-1b5f-439d-9ecd-dc3f9ba3ae65,0.06675473973155022,2.7354472990820985e-08,4.0915880709226434e-07,360.0,0.0,10.0,6.759705208242775e-06,0.0,1.8771833015812254e-07,6.947423538400735e-06,0.0,Canada,CAN,quebec,,,Linux-5.15.0-152-generic-x86_64-with-glibc2.35,3.14.2,3.1.0,4,AMD EPYC 9554 64-Core Processor,1,1 x NVIDIA RTX A5000,,,4,machine,N
Step #1206,2026-02-26T21:51:34,whisper,dd7fdf3d-1b5f-439d-9ecd-dc3f9ba3ae65,0.06699501350522041,3.8207229423862675e-08,5.692336859980641e-07,360.0,152.1178626583626,10.0,6.690482981502183e-06,2.827502257218839e-06,1.8579538704619663e-07,9.703780625766947e-06,0.0,Canada,CAN,quebec,,,Linux-5.15.0-152-generic-x86_64-with-glibc2.35,3.14.2,3.1.0,4,AMD EPYC 9554 64-Core Processor,1,1 x NVIDIA RTX A5000,,,4,machine,N
Step #1207,2026-02-26T21:51:34,whisper,dd7fdf3d-1b5f-439d-9ecd-dc3f9ba3ae65,0.06986722908914089,3.756962794762098e-08,5.371171984379897e-07,360.0,124.64562829440726,10.0,6.944278255104769e-06,2.4047241424796084e-06,1.928417322536282e-07,9.541844129837274e-06,0.0,Canada,CAN,quebec,,,Linux-5.15.0-152-generic-x86_64-with-glibc2.35,3.14.2,3.1.0,4,AMD EPYC 9554 64-Core Processor,1,1 x NVIDIA RTX A5000,,,4,machine,N
Step #1208,2026-02-26T21:51:34,whisper,dd7fdf3d-1b5f-439d-9ecd-dc3f9ba3ae65,0.07412549294531345,4.1670712166173905e-08,5.617684097704834e-07,360.0,142.9886493550416,10.0,7.42689818143856e-06,2.9502801339731377e-06,2.0624936247865488e-07,1.0583427677891138e-05,0.0,Canada,CAN,quebec,,,Linux-5.15.0-152-generic-x86_64-with-glibc2.35,3.14.2,3.1.0,4,AMD EPYC 9554 64-Core Processor,1,1 x NVIDIA RTX A5000,,,4,machine,N
Step #1209,2026-02-26T21:51:34,whisper,dd7fdf3d-1b5f-439d-9ecd-dc3f9ba3ae65,0.06881076470017433,3.9925763272821474e-08,5.796413429988382e-07,360.0,155.92466590595026,10.0,6.940830126405534e-06,3.006669075489299e-06,1.9275053507751528e-07,1.0140249736972917e-05,0.0,Canada,CAN,quebec,,,Linux-5.15.0-152-generic-x86_64-with-glibc2.35,3.14.2,3.1.0,4,AMD EPYC 9554 64-Core Processor,1,1 x NVIDIA RTX A5000,,,4,machine,N
Step #1210,2026-02-26T21:51:34,whisper,dd7fdf3d-1b5f-439d-9ecd-dc3f9ba3ae65,0.06575188785791397,3.5441869487765466e-08,5.379888267183121e-07,360.0,121.08446297852454,10.0,6.598475947975496e-06,2.2197239957222337e-06,1.8324118831918924e-07,9.001441132016133e-06,0.0,Canada,CAN,quebec,,,Linux-5.15.0-152-generic-x86_64-with-glibc2.35,3.14.2,3.1.0,4,AMD EPYC 9554 64-Core Processor,1,1 x NVIDIA RTX A5000,,,4,machine,N
Step #1211,2026-02-26T21:51:34,whisper,dd7fdf3d-1b5f-439d-9ecd-dc3f9ba3ae65,0.06632353365421295,2.6887822655565158e-08,4.0516510071336335e-07,360.0,0.0,10.0,6.644392944872915e-06,0.0,1.8451185896991977e-07,6.82890480384335e-06,0.0,Canada,CAN,quebec,,,Linux-5.15.0-152-generic-x86_64-with-glibc2.35,3.14.2,3.1.0,4,AMD EPYC 9554 64-Core Processor,1,1 x NVIDIA RTX A5000,,,4,machine,N
Step #1212,2026-02-26T21:51:34,whisper,dd7fdf3d-1b5f-439d-9ecd-dc3f9ba3ae65,0.0687419231981039,2.812224436586191e-08,4.088582410752627e-07,360.0,0.0,10.0,6.9494344294065286e-06,0.0,1.929858440740328e-07,7.1424202734808595e-06,0.0,Canada,CAN,quebec,,,Linux-5.15.0-152-generic-x86_64-with-glibc2.35,3.14.2,3.1.0,4,AMD EPYC 9554 64-Core Processor,1,1 x NVIDIA RTX A5000,,,4,machine,N
Step #1213,2026-02-26T21:51:35,whisper,dd7fdf3d-1b5f-439d-9ecd-dc3f9ba3ae65,0.06674741767346859,3.844836605018144e-08,5.748626346689358e-07,360.0,154.8540878118861,10.0,6.697639264165861e-06,2.881391210962647e-06,1.8599345348775404e-07,9.765023928616154e-06,0.0,Canada,CAN,quebec,,,Linux-5.15.0-152-generic-x86_64-with-glibc2.35,3.14.2,3.1.0,4,AMD EPYC 9554 64-Core Processor,1,1 x NVIDIA RTX A5000,,,4,machine,N
Step #1214,2026-02-26T21:51:35,whisper,dd7fdf3d-1b5f-439d-9ecd-dc3f9ba3ae65,0.06649698875844479,3.597321481637521e-08,5.405344647686444e-07,360.0,122.89927868735005,10.0,6.672754883765841e-06,2.27833514543363e-06,1.8530091684725242e-07,9.136390946046236e-06,0.0,Canada,CAN,quebec,,,Linux-5.15.0-152-generic-x86_64-with-glibc2.35,3.14.2,3.1.0,4,AMD EPYC 9554 64-Core Processor,1,1 x NVIDIA RTX A5000,,,4,machine,N
Step #1215,2026-02-26T21:51:35,whisper,dd7fdf3d-1b5f-439d-9ecd-dc3f9ba3ae65,0.06717895716428757,3.6969239956588756e-08,5.497234480960782e-07,360.0,130.5113926970777,10.0,6.753209047019246e-06,2.448613059868876e-06,1.875369188686219e-07,9.389359025757313e-06,0.0,Canada,CAN,quebec,,,Linux-5.15.0-152-generic-x86_64-with-glibc2.35,3.14.2,3.1.0,4,AMD EPYC 9554 64-Core Processor,1,1 x NVIDIA RTX A5000,,,4,machine,N
Step #1216,2026-02-26T21:51:35,whisper,dd7fdf3d-1b5f-439d-9ecd-dc3f9ba3ae65,0.07596806436777115,3.734969752455206e-08,4.913549290118205e-07,360.0,121.00820228961868,10.0,6.954791210591824e-06,2.338057427664353e-06,1.9313808944491115e-07,9.485986727701332e-06,0.0,Canada,CAN,quebec,,,Linux-5.15.0-152-generic-x86_64-with-glibc2.35,3.14.2,3.1.0,4,AMD EPYC 9554 64-Core Processor,1,1 x NVIDIA RTX A5000,,,4,machine,N
Step #1217,2026-02-26T21:51:35,whisper,dd7fdf3d-1b5f-439d-9ecd-dc3f9ba3ae65,0.07239908911287785,2.9358995036079898e-08,4.050611144980817e-07,360.0,0.0,10.0,7.2550490498538706e-06,0.0,2.0147819692890694e-07,7.456527246782127e-06,0.0,Canada,CAN,quebec,,,Linux-5.15.0-152-generic-x86_64-with-glibc2.35,3.14.2,3.1.0,4,AMD EPYC 9554 64-Core Processor,1,1 x NVIDIA RTX A5000,,,4,machine,N
Step #1218,2026-02-26T21:51:35,whisper,dd7fdf3d-1b5f-439d-9ecd-dc3f9ba3ae65,0.06910265795886517,2.8293788677739146e-08,4.087459726132288e-07,360.0,0.0,10.0,6.991822831332178e-06,0.0,1.941658556461304e-07,7.185988686977604e-06,0.0,Canada,CAN,quebec,,,Linux-5.15.0-152-generic-x86_64-with-glibc2.35,3.14.2,3.1.0,4,AMD EPYC 9554 64-Core Processor,1,1 x NVIDIA RTX A5000,,,4,machine,N
Step #1219,2026-02-26T21:51:35,whisper,dd7fdf3d-1b5f-439d-9ecd-dc3f9ba3ae65,0.06721781566739082,3.986303592572155e-08,5.924321968084549e-07,360.0,170.5523472487641,10.0,6.742356717586578e-06,3.1947247691732628e-06,1.8723690882325094e-07,1.0124318395582713e-05,0.0,Canada,CAN,quebec,,,Linux-5.15.0-152-generic-x86_64-with-glibc2.35,3.14.2,3.1.0,4,AMD EPYC 9554 64-Core Processor,1,1 x NVIDIA RTX A5000,,,4,machine,N
Step #1220,2026-02-26T21:51:35,whisper,dd7fdf3d-1b5f-439d-9ecd-dc3f9ba3ae65,0.0667860396206379,3.951728446792961e-08,5.9094932419211e-07,360.0,169.19499516092824,10.0,6.700701266527595e-06,3.1497247476863777e-06,1.8607925416695118e-07,1.003650526838068e-05,0.0,Canada,CAN,quebec,,,Linux-5.15.0-152-generic-x86_64-with-glibc2.35,3.14.2,3.1.0,4,AMD EPYC 9554 64-Core Processor,1,1 x NVIDIA RTX A5000,,,4,machine,N
Step #1221,2026-02-26T21:51:35,whisper,dd7fdf3d-1b5f-439d-9ecd-dc3f9ba3ae65,0.0694235023111105,3.956900087867196e-08,5.691639934808985e-07,360.0,169.28588354423252,10.0,6.708346493541559e-06,3.1550025170190565e-06,1.8629106796449113e-07,1.0049640078524727e-05,0.0,Canada,CAN,quebec,,,Linux-5.15.0-152-generic-x86_64-with-glibc2.35,3.14.2,3.1.0,4,AMD EPYC 9554 64-Core Processor,1,1 x NVIDIA RTX A5000,,,4,machine,N
Step #1222,2026-02-26T21:51:35,whisper,dd7fdf3d-1b5f-439d-9ecd-dc3f9ba3ae65,0.07473266869783401,4.195556867144e-08,5.608948075200771e-07,360.0,141.82985743060297,10.0,7.494584843515881e-06,2.9530579297443182e-06,2.081320776293734e-07,1.0655774850890087e-05,0.0,Canada,CAN,quebec,,,Linux-5.15.0-152-generic-x86_64-with-glibc2.35,3.14.2,3.1.0,4,AMD EPYC 9554 64-Core Processor,1,1 x NVIDIA RTX A5000,,,4,machine,N
Step #1223,2026-02-26T21:51:35,whisper,dd7fdf3d-1b5f-439d-9ecd-dc3f9ba3ae65,0.07129043713212013,3.717360031610189e-08,5.202703300169756e-07,360.0,108.86659122419817,10.0,7.097492180764206e-06,2.1466683790549723e-06,1.9710142061941894e-07,9.441261980438001e-06,0.0,Canada,CAN,quebec,,,Linux-5.15.0-152-generic-x86_64-with-glibc2.35,3.14.2,3.1.0,4,AMD EPYC 9554 64-Core Processor,1,1 x NVIDIA RTX A5000,,,4,machine,N
Step #1224,2026-02-26T21:51:35,whisper,dd7fdf3d-1b5f-439d-9ecd-dc3f9ba3ae65,0.07281194441020489,2.953003402221576e-08,4.0513852381486484e-07,360.0,0.0,10.0,7.297317497432718e-06,0.0,2.0264982142381184e-07,7.499967318856313e-06,0.0,Canada,CAN,quebec,,,Linux-5.15.0-152-generic-x86_64-with-glibc2.35,3.14.2,3.1.0,4,AMD EPYC 9554 64-Core Processor,1,1 x NVIDIA RTX A5000,,,4,machine,N
Step #1225,2026-02-26T21:51:36,whisper,dd7fdf3d-1b5f-439d-9ecd-dc3f9ba3ae65,0.06897192820906639,2.820416884459845e-08,4.085067798943077e-07,360.0,0.0,10.0,6.96967560798005e-06,0.0,1.9355164840816324e-07,7.1632272563883215e-06,0.0,Canada,CAN,quebec,,,Linux-5.15.0-152-generic-x86_64-with-glibc2.35,3.14.2,3.1.0,4,AMD EPYC 9554 64-Core Processor,1,1 x NVIDIA RTX A5000,,,4,machine,N
Step #1226,2026-02-26T21:51:36,whisper,dd7fdf3d-1b5f-439d-9ecd-dc3f9ba3ae65,0.0666107963770628,3.997323192683576e-08,5.997339228934916e-07,360.0,177.5526405091891,10.0,6.674454733729754e-06,3.2925026260954837e-06,1.8534835221039854e-07,1.0152305712034931e-05,0.0,Canada,CAN,quebec,,,Linux-5.15.0-152-generic-x86_64-with-glibc2.35,3.14.2,3.1.0,4,AMD EPYC 9554 64-Core Processor,1,1 x NVIDIA RTX A5000,,,4,machine,N
Step #1227,2026-02-26T21:51:36,whisper,dd7fdf3d-1b5f-439d-9ecd-dc3f9ba3ae65,0.0668639000505209,3.9769604600057077e-08,5.938818782860502e-07,360.0,172.0538575881569,10.0,6.7079192027450635e-06,3.2063914403579474e-06,1.8627828814917207e-07,1.0100588931251722e-05,0.0,Canada,CAN,quebec,,,Linux-5.15.0-152-generic-x86_64-with-glibc2.35,3.14.2,3.1.0,4,AMD EPYC 9554 64-Core Processor,1,1 x NVIDIA RTX A5000,,,4,machine,N
Step #1228,2026-02-26T21:51:36,whisper,dd7fdf3d-1b5f-439d-9ecd-dc3f9ba3ae65,0.07026403211057186,4.1806588251988e-08,5.943304264901113e-07,360.0,173.15436088563328,10.0,7.037230394781047e-06,3.385280479051289e-06,1.9542628692257105e-07,1.0617937160754473e-05,0.0,Canada,CAN,quebec,,,Linux-5.15.0-152-generic-x86_64-with-glibc2.35,3.14.2,3.1.0,4,AMD EPYC 9554 64-Core Processor,1,1 x NVIDIA RTX A5000,,,4,machine,N
Step #1229,2026-02-26T21:51:36,whisper,dd7fdf3d-1b5f-439d-9ecd-dc3f9ba3ae65,0.07058245502412319,3.5419686143465525e-08,5.011901336242486e-07,360.0,112.0973899171972,10.0,6.7173225805159525e-06,2.0919461292123742e-06,1.8653834963009417e-07,8.995807059358069e-06,0.0,Canada,CAN,quebec,,,Linux-5.15.0-152-generic-x86_64-with-glibc2.35,3.14.2,3.1.0,4,AMD EPYC 9554 64-Core Processor,1,1 x NVIDIA RTX A5000,,,4,machine,N
Step #1230,2026-02-26T21:51:36,whisper,dd7fdf3d-1b5f-439d-9ecd-dc3f9ba3ae65,0.07161251828074455,2.9070782833495203e-08,4.0520210188525335e-07,360.0,0.0,10.0,7.183829322457078e-06,0.0,1.9949847935801335e-07,7.383327801814901e-06,0.0,Canada,CAN,quebec,,,Linux-5.15.0-152-generic-x86_64-with-glibc2.35,3.14.2,3.1.0,4,AMD EPYC 9554 64-Core Processor,1,1 x NVIDIA RTX A5000,,,4,machine,N
Step #1231,2026-02-26T21:51:36,whisper,dd7fdf3d-1b5f-439d-9ecd-dc3f9ba3ae65,0.06786934286355972,2.840792672090611e-08,4.180761042640544e-07,360.0,0.0,10.0,7.020029053091473e-06,0.0,1.9494814073873741e-07,7.214977193829505e-06,0.0,Canada,CAN,quebec,,,Linux-5.15.0-152-generic-x86_64-with-glibc2.35,3.14.2,3.1.0,4,AMD EPYC 9554 64-Core Processor,1,1 x NVIDIA RTX A5000,,,4,machine,N
Step #1232,2026-02-26T21:51:36,whisper,dd7fdf3d-1b5f-439d-9ecd-dc3f9ba3ae65,0.06680917181074619,4.190652462681023e-08,6.262552015987312e-07,360.0,202.01209838949842,10.0,6.69814106077013e-06,3.7591696724348367e-06,1.8600802868603433e-07,1.0643318761891299e-05,0.0,Canada,CAN,quebec,,,Linux-5.15.0-152-generic-x86_64-with-glibc2.35,3.14.2,3.1.0,4,AMD EPYC 9554 64-Core Processor,1,1 x NVIDIA RTX A5000,,,4,machine,N
Step #1233,2026-02-26T21:51:36,whisper,dd7fdf3d-1b5f-439d-9ecd-dc3f9ba3ae65,0.06680508889257908,4.169479784508015e-08,6.231803319230979e-07,360.0,199.34116221005473,10.0,6.69555235654172e-06,3.708058514462209e-06,1.8593402993348778e-07,1.0589544900936956e-05,0.0,Canada,CAN,quebec,,,Linux-5.15.0-152-generic-x86_64-with-glibc2.35,3.14.2,3.1.0,4,AMD EPYC 9554 64-Core Processor,1,1 x NVIDIA RTX A5000,,,4,machine,N
Step #1234,2026-02-26T21:51:36,whisper,dd7fdf3d-1b5f-439d-9ecd-dc3f9ba3ae65,0.06701197475194931,4.170994215749966e-08,6.219970472257257e-07,360.0,196.64574740358466,10.0,6.729835644364926e-06,3.6766696069889804e-06,1.868859657810733e-07,1.059339121713479e-05,0.0,Canada,CAN,quebec,,,Linux-5.15.0-152-generic-x86_64-with-glibc2.35,3.14.2,3.1.0,4,AMD EPYC 9554 64-Core Processor,1,1 x NVIDIA RTX A5000,,,4,machine,N
Step #1235,2026-02-26T21:51:36,whisper,dd7fdf3d-1b5f-439d-9ecd-dc3f9ba3ae65,0.06855649314820766,2.7703943672089488e-08,4.034828848289625e-07,360.0,0.0,10.0,6.846065074206029e-06,0.0,1.9011619086894797e-07,7.036181265074326e-06,0.0,Canada,CAN,quebec,,,Linux-5.15.0-152-generic-x86_64-with-glibc2.35,3.14.2,3.1.0,4,AMD EPYC 9554 64-Core Processor,1,1 x NVIDIA RTX A5000,,,4,machine,N
Step #1236,2026-02-26T21:51:36,whisper,dd7fdf3d-1b5f-439d-9ecd-dc3f9ba3ae65,0.07310100831091404,3.245842229291951e-08,4.428696624979838e-07,360.0,0.0,10.0,8.02096240222483e-06,0.0,2.2274995636607743e-07,8.24371235859031e-06,0.0,Canada,CAN,quebec,,,Linux-5.15.0-152-generic-x86_64-with-glibc2.35,3.14.2,3.1.0,4,AMD EPYC 9554 64-Core Processor,1,1 x NVIDIA RTX A5000,,,4,machine,N
Step #1237,2026-02-26T21:51:37,whisper,dd7fdf3d-1b5f-439d-9ecd-dc3f9ba3ae65,0.0685269795358181,2.793295903543054e-08,4.074413088306821e-07,360.0,0.0,10.0,6.902657635509887e-06,0.0,1.9168840307328674e-07,7.094346038582361e-06,0.0,Canada,CAN,quebec,,,Linux-5.15.0-152-generic-x86_64-with-glibc2.35,3.14.2,3.1.0,4,AMD EPYC 9554 64-Core Processor,1,1 x NVIDIA RTX A5000,,,4,machine,N
Step #1238,2026-02-26T21:51:37,whisper,dd7fdf3d-1b5f-439d-9ecd-dc3f9ba3ae65,0.0689340066164732,3.976315417313352e-08,5.75778119740951e-07,360.0,160.5711527950732,10.0,6.851999275386822e-06,3.056669115153454e-06,1.9028227672809785e-07,1.0098950667268916e-05,0.0,Canada,CAN,quebec,,,Linux-5.15.0-152-generic-x86_64-with-glibc2.35,3.14.2,3.1.0,4,AMD EPYC 9554 64-Core Processor,1,1 x NVIDIA RTX A5000,,,4,machine,N
Step #1239,2026-02-26T21:51:37,whisper,dd7fdf3d-1b5f-439d-9ecd-dc3f9ba3ae65,0.06551463529467583,3.593074795634317e-08,5.473401232643166e-07,360.0,129.61887515208815,10.0,6.575230881572525e-06,2.3677796860965827e-06,1.8259474697212273e-07,9.125605314640878e-06,0.0,Canada,CAN,quebec,,,Linux-5.15.0-152-generic-x86_64-with-glibc2.35,3.14.2,3.1.0,4,AMD EPYC 9554 64-Core Processor,1,1 x NVIDIA RTX A5000,,,4,machine,N
Step #1240,2026-02-26T21:51:37,whisper,dd7fdf3d-1b5f-439d-9ecd-dc3f9ba3ae65,0.06686683185398579,4.173370745858739e-08,6.232164158255588e-07,360.0,199.26256302602656,10.0,6.702733226121235e-06,3.7105585306562716e-06,1.861353146119201e-07,1.0599427071388695e-05,0.0,Canada,CAN,quebec,,,Linux-5.15.0-152-generic-x86_64-with-glibc2.35,3.14.2,3.1.0,4,AMD EPYC 9554 64-Core Processor,1,1 x NVIDIA RTX A5000,,,4,machine,N
Step #1241,2026-02-26T21:51:37,whisper,dd7fdf3d-1b5f-439d-9ecd-dc3f9ba3ae65,0.07032790221273899,4.068993589898646e-08,5.77603368378015e-07,360.0,156.42207655678294,10.0,7.066966593265514e-06,3.07111355368761e-06,1.9625232348011276e-07,1.033433247043386e-05,0.0,Canada,CAN,quebec,,,Linux-5.15.0-152-generic-x86_64-with-glibc2.35,3.14.2,3.1.0,4,AMD EPYC 9554 64-Core Processor,1,1 x NVIDIA RTX A5000,,,4,machine,N
Step #1242,2026-02-26T21:51:37,whisper,dd7fdf3d-1b5f-439d-9ecd-dc3f9ba3ae65,0.06703642196953297,2.7180262217226794e-08,4.0488123402403963e-07,360.0,0.0,10.0,6.716656312346844e-06,0.0,1.865215909977705e-07,6.90317790334391e-06,0.0,Canada,CAN,quebec,,,Linux-5.15.0-152-generic-x86_64-with-glibc2.35,3.14.2,3.1.0,4,AMD EPYC 9554 64-Core Processor,1,1 x NVIDIA RTX A5000,,,4,machine,N
Step #1243,2026-02-26T21:51:37,whisper,dd7fdf3d-1b5f-439d-9ecd-dc3f9ba3ae65,0.07293667271733284,2.9558171203955042e-08,4.0462317402207787e-07,360.0,0.0,10.0,7.304268516600959e-06,0.0,2.0284501628742096e-07,7.507113532888299e-06,0.0,Canada,CAN,quebec,,,Linux-5.15.0-152-generic-x86_64-with-glibc2.35,3.14.2,3.1.0,4,AMD EPYC 9554 64-Core Processor,1,1 x NVIDIA RTX A5000,,,4,machine,N
Step #1244,2026-02-26T21:51:37,whisper,dd7fdf3d-1b5f-439d-9ecd-dc3f9ba3ae65,0.0671656634658575,2.742459305586913e-08,4.078554263852671e-07,360.0,0.0,10.0,6.777033209800706e-06,0.0,1.881992547876426e-07,6.965232464588647e-06,0.0,Canada,CAN,quebec,,,Linux-5.15.0-152-generic-x86_64-with-glibc2.35,3.14.2,3.1.0,4,AMD EPYC 9554 64-Core Processor,1,1 x NVIDIA RTX A5000,,,4,machine,N
Step #1245,2026-02-26T21:51:37,whisper,dd7fdf3d-1b5f-439d-9ecd-dc3f9ba3ae65,0.06634535454213619,4.1374546207757627e-08,6.223864762613897e-07,360.0,198.17716470423096,10.0,6.657764874398384e-06,3.665558480747677e-06,1.848848019209094e-07,1.0508208157067322e-05,0.0,Canada,CAN,quebec,,,Linux-5.15.0-152-generic-x86_64-with-glibc2.35,3.14.2,3.1.0,4,AMD EPYC 9554 64-Core Processor,1,1 x NVIDIA RTX A5000,,,4,machine,N
Step #1246,2026-02-26T21:51:37,whisper,dd7fdf3d-1b5f-439d-9ecd-dc3f9ba3ae65,0.06596050970256329,4.063490317948899e-08,6.156866793483236e-07,360.0,191.95042805755227,10.0,6.611206196247693e-06,3.525558383898897e-06,1.8359081198772009e-07,1.0320355392133551e-05,0.0,Canada,CAN,quebec,,,Linux-5.15.0-152-generic-x86_64-with-glibc2.35,3.14.2,3.1.0,4,AMD EPYC 9554 64-Core Processor,1,1 x NVIDIA RTX A5000,,,4,machine,N
Step #1247,2026-02-26T21:51:37,whisper,dd7fdf3d-1b5f-439d-9ecd-dc3f9ba3ae65,0.06681885942816734,4.0521839382902933e-08,6.056971923826702e-07,360.0,182.86828017283844,10.0,6.701103225349725e-06,3.404447156185597e-06,1.860893383208136e-07,1.0291639719856027e-05,0.0,Canada,CAN,quebec,,,Linux-5.15.0-152-generic-x86_64-with-glibc2.35,3.14.2,3.1.0,4,AMD EPYC 9554 64-Core Processor,1,1 x NVIDIA RTX A5000,,,4,machine,N
Step #1248,2026-02-26T21:51:38,whisper,dd7fdf3d-1b5f-439d-9ecd-dc3f9ba3ae65,0.07389323599636555,4.2259551463909696e-08,5.713125197520013e-07,360.0,153.35004108515994,10.0,7.382675632834623e-06,3.1452803028741982e-06,2.050237367964391e-07,1.0732979672505721e-05,0.0,Canada,CAN,quebec,,,Linux-5.15.0-152-generic-x86_64-with-glibc2.35,3.14.2,3.1.0,4,AMD EPYC 9554 64-Core Processor,1,1 x NVIDIA RTX A5000,,,4,machine,N
Step #1249,2026-02-26T21:51:38,whisper,dd7fdf3d-1b5f-439d-9ecd-dc3f9ba3ae65,0.0666218213737011,2.710217717525438e-08,4.0621739043170517e-07,360.0,0.0,10.0,6.697360053658716e-06,0.0,1.859859977331531e-07,6.883346051391598e-06,0.0,Canada,CAN,quebec,,,Linux-5.15.0-152-generic-x86_64-with-glibc2.35,3.14.2,3.1.0,4,AMD EPYC 9554 64-Core Processor,1,1 x NVIDIA RTX A5000,,,4,machine,N
Step #1250,2026-02-26T21:51:38,whisper,dd7fdf3d-1b5f-439d-9ecd-dc3f9ba3ae65,0.06879927404224873,2.809222402317096e-08,4.0796317290346914e-07,360.0,0.0,10.0,6.942013464867475e-06,0.0,1.9278231387336443e-07,7.134795778740433e-06,0.0,Canada,CAN,quebec,,,Linux-5.15.0-152-generic-x86_64-with-glibc2.35,3.14.2,3.1.0,4,AMD EPYC 9554 64-Core Processor,1,1 x NVIDIA RTX A5000,,,4,machine,N
Step #1251,2026-02-26T21:51:38,whisper,dd7fdf3d-1b5f-439d-9ecd-dc3f9ba3ae65,0.06684074178338051,3.9031209098731845e-08,5.831441415245225e-07,360.0,162.4662157139617,10.0,6.701936200260994e-06,3.0250024138922527e-06,1.8611439607209767e-07,9.913053010224965e-06,0.0,Canada,CAN,quebec,,,Linux-5.15.0-152-generic-x86_64-with-glibc2.35,3.14.2,3.1.0,4,AMD EPYC 9554 64-Core Processor,1,1 x NVIDIA RTX A5000,,,4,machine,N
Step #1252,2026-02-26T21:51:38,whisper,dd7fdf3d-1b5f-439d-9ecd-dc3f9ba3ae65,0.06651388667523861,3.878973744485481e-08,5.822991299089791e-07,360.0,161.4406191994603,10.0,6.67334794998177e-06,2.993057947264788e-06,1.8531872063046683e-07,9.85172461787781e-06,0.0,Canada,CAN,quebec,,,Linux-5.15.0-152-generic-x86_64-with-glibc2.35,3.14.2,3.1.0,4,AMD EPYC 9554 64-Core Processor,1,1 x NVIDIA RTX A5000,,,4,machine,N
Step #1253,2026-02-26T21:51:38,whisper,dd7fdf3d-1b5f-439d-9ecd-dc3f9ba3ae65,0.06928806006908417,3.9189365930330003e-08,5.649968789743622e-07,360.0,146.41249420310672,10.0,6.9383161142473615e-06,2.82222448788616e-06,1.9268070140647e-07,9.953221303539775e-06,0.0,Canada,CAN,quebec,,,Linux-5.15.0-152-generic-x86_64-with-glibc2.35,3.14.2,3.1.0,4,AMD EPYC 9554 64-Core Processor,1,1 x NVIDIA RTX A5000,,,4,machine,N
Step #1254,2026-02-26T21:51:38,whisper,dd7fdf3d-1b5f-439d-9ecd-dc3f9ba3ae65,0.07490264065563679,4.2430800230162284e-08,5.65318096498869e-07,360.0,148.04754245470284,10.0,7.488508149982101e-06,3.0800024575228235e-06,2.0796241652633568e-07,1.0776473024031938e-05,0.0,Canada,CAN,quebec,,,Linux-5.15.0-152-generic-x86_64-with-glibc2.35,3.14.2,3.1.0,4,AMD EPYC 9554 64-Core Processor,1,1 x NVIDIA RTX A5000,,,4,machine,N
Step #1255,2026-02-26T21:51:38,whisper,dd7fdf3d-1b5f-439d-9ecd-dc3f9ba3ae65,0.06947381421923637,2.817255060911638e-08,4.049737431189032e-07,360.0,0.0,10.0,6.961860693991545e-06,0.0,1.9333623867067123e-07,7.155196932662894e-06,0.0,Canada,CAN,quebec,,,Linux-5.15.0-152-generic-x86_64-with-glibc2.35,3.14.2,3.1.0,4,AMD EPYC 9554 64-Core Processor,1,1 x NVIDIA RTX A5000,,,4,machine,N
Step #1256,2026-02-26T21:51:38,whisper,dd7fdf3d-1b5f-439d-9ecd-dc3f9ba3ae65,0.06628826446831226,2.6933365126414924e-08,4.0583556837807665e-07,360.0,0.0,10.0,6.6556457430123894e-06,0.0,1.8482582850589085e-07,6.840471571518958e-06,0.0,Canada,CAN,quebec,,,Linux-5.15.0-152-generic-x86_64-with-glibc2.35,3.14.2,3.1.0,4,AMD EPYC 9554 64-Core Processor,1,1 x NVIDIA RTX A5000,,,4,machine,N
Step #1257,2026-02-26T21:51:38,whisper,dd7fdf3d-1b5f-439d-9ecd-dc3f9ba3ae65,0.06955661438405514,4.003403963078031e-08,5.749007535036966e-07,360.0,154.95899108937147,10.0,6.972453556955069e-06,3.0016690715228833e-06,1.936268785761514e-07,1.0167749507053805e-05,0.0,Canada,CAN,quebec,,,Linux-5.15.0-152-generic-x86_64-with-glibc2.35,3.14.2,3.1.0,4,AMD EPYC 9554 64-Core Processor,1,1 x NVIDIA RTX A5000,,,4,machine,N
Step #1258,2026-02-26T21:51:38,whisper,dd7fdf3d-1b5f-439d-9ecd-dc3f9ba3ae65,0.06647759862244129,3.814577284996974e-08,5.724349122405107e-07,360.0,151.83029077474004,10.0,6.683403253555931e-06,2.8191689125378616e-06,1.8559986621969802e-07,9.688172032312758e-06,0.0,Canada,CAN,quebec,,,Linux-5.15.0-152-generic-x86_64-with-glibc2.35,3.14.2,3.1.0,4,AMD EPYC 9554 64-Core Processor,1,1 x NVIDIA RTX A5000,,,4,machine,N
Step #1259,2026-02-26T21:51:38,whisper,dd7fdf3d-1b5f-439d-9ecd-dc3f9ba3ae65,0.06711856462061405,3.78725895744015e-08,5.63644526619312e-07,360.0,148.0905944017313,10.0,6.683465093373919e-06,2.7497244161622802e-06,1.8560008870232062e-07,9.618789598238656e-06,0.0,Canada,CAN,quebec,,,Linux-5.15.0-152-generic-x86_64-with-glibc2.35,3.14.2,3.1.0,4,AMD EPYC 9554 64-Core Processor,1,1 x NVIDIA RTX A5000,,,4,machine,N
Step #1260,2026-02-26T21:51:38,whisper,dd7fdf3d-1b5f-439d-9ecd-dc3f9ba3ae65,0.0667627789080143,2.711305623471458e-08,4.0547785015617195e-07,360.0,0.0,10.0,6.700051389633976e-06,0.0,1.8605769922335727e-07,6.88610908885709e-06,0.0,Canada,CAN,quebec,,,Linux-5.15.0-152-generic-x86_64-with-glibc2.35,3.14.2,3.1.0,4,AMD EPYC 9554 64-Core Processor,1,1 x NVIDIA RTX A5000,,,4,machine,N
Step #1261,2026-02-26T21:51:39,whisper,dd7fdf3d-1b5f-439d-9ecd-dc3f9ba3ae65,0.0677980836480856,2.887522229634375e-08,4.248892832867436e-07,360.0,0.0,10.0,7.135503925382453e-06,0.0,1.9815587956045354e-07,7.333659804943313e-06,0.0,Canada,CAN,quebec,,,Linux-5.15.0-152-generic-x86_64-with-glibc2.35,3.14.2,3.1.0,4,AMD EPYC 9554 64-Core Processor,1,1 x NVIDIA RTX A5000,,,4,machine,N
Step #1262,2026-02-26T21:51:39,whisper,dd7fdf3d-1b5f-439d-9ecd-dc3f9ba3ae65,0.06661868840456009,2.722711637561764e-08,4.080471916622564e-07,360.0,0.0,10.0,6.728234514594492e-06,0.0,1.868432956851282e-07,6.9150778102787525e-06,0.0,Canada,CAN,quebec,,,Linux-5.15.0-152-generic-x86_64-with-glibc2.35,3.14.2,3.1.0,4,AMD EPYC 9554 64-Core Processor,1,1 x NVIDIA RTX A5000,,,4,machine,N
Step #1263,2026-02-26T21:51:39,whisper,dd7fdf3d-1b5f-439d-9ecd-dc3f9ba3ae65,0.06665497832000256,4.0173757292963754e-08,6.018228621733557e-07,360.0,178.23532151198617,10.0,6.699683330953221e-06,3.3175026317167067e-06,1.8604870161248693e-07,1.0203234664283092e-05,0.0,Canada,CAN,quebec,,,Linux-5.15.0-152-generic-x86_64-with-glibc2.35,3.14.2,3.1.0,4,AMD EPYC 9554 64-Core Processor,1,1 x NVIDIA RTX A5000,,,4,machine,N
Step #1264,2026-02-26T21:51:39,whisper,dd7fdf3d-1b5f-439d-9ecd-dc3f9ba3ae65,0.06937834247946739,3.902494509785108e-08,5.617227729352225e-07,360.0,142.95392788265727,10.0,6.955794431268494e-06,2.7625022340771466e-06,1.9316542893650299e-07,9.911462094282578e-06,0.0,Canada,CAN,quebec,,,Linux-5.15.0-152-generic-x86_64-with-glibc2.35,3.14.2,3.1.0,4,AMD EPYC 9554 64-Core Processor,1,1 x NVIDIA RTX A5000,,,4,machine,N
Step #1265,2026-02-26T21:51:39,whisper,dd7fdf3d-1b5f-439d-9ecd-dc3f9ba3ae65,0.06754514761269093,3.858066763267199e-08,5.705499556574987e-07,360.0,124.06449206962793,10.0,7.13952165097044e-06,2.460835290207797e-06,1.9826862650610365e-07,9.798625567684557e-06,0.0,Canada,CAN,quebec,,,Linux-5.15.0-152-generic-x86_64-with-glibc2.35,3.14.2,3.1.0,4,AMD EPYC 9554 64-Core Processor,1,1 x NVIDIA RTX A5000,,,4,machine,N
Step #1266,2026-02-26T21:51:39,whisper,dd7fdf3d-1b5f-439d-9ecd-dc3f9ba3ae65,0.06720031425356865,4.03759632378907e-08,6.001441454269211e-07,360.0,173.9123304515232,10.0,6.786945089697419e-06,3.2791692916589454e-06,1.8847606455288336e-07,1.0254590445908651e-05,0.0,Canada,CAN,quebec,,,Linux-5.15.0-152-generic-x86_64-with-glibc2.35,3.14.2,3.1.0,4,AMD EPYC 9554 64-Core Processor,1,1 x NVIDIA RTX A5000,,,4,machine,N
Step #1267,2026-02-26T21:51:39,whisper,dd7fdf3d-1b5f-439d-9ecd-dc3f9ba3ae65,0.06694426015019417,2.73533911190462e-08,4.0776414775118164e-07,360.0,0.0,10.0,6.759440340101466e-06,0.0,1.8770842709472718e-07,6.947148767196681e-06,0.0,Canada,CAN,quebec,,,Linux-5.15.0-152-generic-x86_64-with-glibc2.35,3.14.2,3.1.0,4,AMD EPYC 9554 64-Core Processor,1,1 x NVIDIA RTX A5000,,,4,machine,N
Step #1268,2026-02-26T21:51:39,whisper,dd7fdf3d-1b5f-439d-9ecd-dc3f9ba3ae65,0.06977592781186104,2.813062766001572e-08,4.0277628589485895e-07,360.0,0.0,10.0,6.951503455638122e-06,0.0,1.930459868163003e-07,7.144549442453935e-06,0.0,Canada,CAN,quebec,,,Linux-5.15.0-152-generic-x86_64-with-glibc2.35,3.14.2,3.1.0,4,AMD EPYC 9554 64-Core Processor,1,1 x NVIDIA RTX A5000,,,4,machine,N
Step #1269,2026-02-26T21:51:39,whisper,dd7fdf3d-1b5f-439d-9ecd-dc3f9ba3ae65,0.0668373666703701,3.779225380656472e-08,5.646599654357706e-07,360.0,145.41721290805577,10.0,6.703885272145785e-06,2.7083355007562204e-06,1.8616533941690936e-07,9.598386112318752e-06,0.0,Canada,CAN,quebec,,,Linux-5.15.0-152-generic-x86_64-with-glibc2.35,3.14.2,3.1.0,4,AMD EPYC 9554 64-Core Processor,1,1 x NVIDIA RTX A5000,,,4,machine,N
Step #1270,2026-02-26T21:51:39,whisper,dd7fdf3d-1b5f-439d-9ecd-dc3f9ba3ae65,0.06736660562455654,3.6945935070545875e-08,5.477792655234773e-07,360.0,129.84252614588672,10.0,6.757992133498217e-06,2.4377797274155455e-06,1.8766824569967783e-07,9.383440106612573e-06,0.0,Canada,CAN,quebec,,,Linux-5.15.0-152-generic-x86_64-with-glibc2.35,3.14.2,3.1.0,4,AMD EPYC 9554 64-Core Processor,1,1 x NVIDIA RTX A5000,,,4,machine,N
Step #1271,2026-02-26T21:51:39,whisper,dd7fdf3d-1b5f-439d-9ecd-dc3f9ba3ae65,0.07349097356200218,3.6223669277033095e-08,4.926136169615373e-07,360.0,83.1333583980409,10.0,7.308969646692073e-06,1.6880569120303335e-06,2.0297421142456695e-07,9.200000770146974e-06,0.0,Canada,CAN,quebec,,,Linux-5.15.0-152-generic-x86_64-with-glibc2.35,3.14.2,3.1.0,4,AMD EPYC 9554 64-Core Processor,1,1 x NVIDIA RTX A5000,,,4,machine,N
Step #1272,2026-02-26T21:51:40,whisper,dd7fdf3d-1b5f-439d-9ecd-dc3f9ba3ae65,0.0727310050278902,4.130662867310388e-08,5.672181694202822e-07,360.0,147.9652507852098,10.0,7.2912506759170714e-06,2.997224626710704e-06,2.024833216435402e-07,1.0490958624272129e-05,0.0,Canada,CAN,quebec,,,Linux-5.15.0-152-generic-x86_64-with-glibc2.35,3.14.2,3.1.0,4,AMD EPYC 9554 64-Core Processor,1,1 x NVIDIA RTX A5000,,,4,machine,N
Step #1273,2026-02-26T21:51:40,whisper,dd7fdf3d-1b5f-439d-9ecd-dc3f9ba3ae65,0.06858016364276409,2.8090691809483977e-08,4.0915301544940594e-07,360.0,0.0,10.0,6.941634044051528e-06,0.0,1.9277258672646073e-07,7.134406630778314e-06,0.0,Canada,CAN,quebec,,,Linux-5.15.0-152-generic-x86_64-with-glibc2.35,3.14.2,3.1.0,4,AMD EPYC 9554 64-Core Processor,1,1 x NVIDIA RTX A5000,,,4,machine,N
Step #1274,2026-02-26T21:51:40,whisper,dd7fdf3d-1b5f-439d-9ecd-dc3f9ba3ae65,0.0665149949491024,2.7194074468089705e-08,4.0830358350564886e-07,360.0,0.0,10.0,6.720067560672324e-06,0.0,1.8661834506525626e-07,6.906685905737689e-06,0.0,Canada,CAN,quebec,,,Linux-5.15.0-152-generic-x86_64-with-glibc2.35,3.14.2,3.1.0,4,AMD EPYC 9554 64-Core Processor,1,1 x NVIDIA RTX A5000,,,4,machine,N
Step #1275,2026-02-26T21:51:40,whisper,dd7fdf3d-1b5f-439d-9ecd-dc3f9ba3ae65,0.06708725541830063,3.8384477288190934e-08,5.710525792764262e-07,360.0,151.08753719712945,10.0,6.734825484454657e-06,2.826946698064603e-06,1.870254313366326e-07,9.748797613855567e-06,0.0,Canada,CAN,quebec,,,Linux-5.15.0-152-generic-x86_64-with-glibc2.35,3.14.2,3.1.0,4,AMD EPYC 9554 64-Core Processor,1,1 x NVIDIA RTX A5000,,,4,machine,N
Step #1276,2026-02-26T21:51:40,whisper,dd7fdf3d-1b5f-439d-9ecd-dc3f9ba3ae65,0.06989014707505703,3.72522585263165e-08,5.325429586959276e-07,360.0,116.12000640890344,10.0,7.00638927519405e-06,2.2602795723969393e-06,1.9457055669690497e-07,9.461239404288599e-06,0.0,Canada,CAN,quebec,,,Linux-5.15.0-152-generic-x86_64-with-glibc2.35,3.14.2,3.1.0,4,AMD EPYC 9554 64-Core Processor,1,1 x NVIDIA RTX A5000,,,4,machine,N
Step #1277,2026-02-26T21:51:40,whisper,dd7fdf3d-1b5f-439d-9ecd-dc3f9ba3ae65,0.06677494943141937,3.514408542186606e-08,5.255044743561362e-07,360.0,109.3487604119748,10.0,6.703269109129342e-06,2.0363905264275672e-06,1.861510125713184e-07,8.92581064812839e-06,0.0,Canada,CAN,quebec,,,Linux-5.15.0-152-generic-x86_64-with-glibc2.35,3.14.2,3.1.0,4,AMD EPYC 9554 64-Core Processor,1,1 x NVIDIA RTX A5000,,,4,machine,N
Step #1278,2026-02-26T21:51:40,whisper,dd7fdf3d-1b5f-439d-9ecd-dc3f9ba3ae65,0.0670911930501461,3.6178593567951184e-08,5.3868123074274e-07,360.0,121.51693123325404,10.0,6.729722581803876e-06,2.2719462577924787e-06,1.8688370991085937e-07,9.188552549506401e-06,0.0,Canada,CAN,quebec,,,Linux-5.15.0-152-generic-x86_64-with-glibc2.35,3.14.2,3.1.0,4,AMD EPYC 9554 64-Core Processor,1,1 x NVIDIA RTX A5000,,,4,machine,N
Step #1279,2026-02-26T21:51:40,whisper,dd7fdf3d-1b5f-439d-9ecd-dc3f9ba3ae65,0.06716724298894405,2.728365665390916e-08,4.057955309826391e-07,360.0,0.0,10.0,6.742206774651774e-06,0.0,1.872310000988948e-07,6.929437774751482e-06,0.0,Canada,CAN,quebec,,,Linux-5.15.0-152-generic-x86_64-with-glibc2.35,3.14.2,3.1.0,4,AMD EPYC 9554 64-Core Processor,1,1 x NVIDIA RTX A5000,,,4,machine,N
Step #1280,2026-02-26T21:51:40,whisper,dd7fdf3d-1b5f-439d-9ecd-dc3f9ba3ae65,0.07049514353275299,3.543429990339507e-08,5.021651102192277e-07,360.0,111.14611428626242,10.0,6.733362749219637e-06,2.0791683255083626e-06,1.8698755237792812e-07,8.999518627105657e-06,0.0,Canada,CAN,quebec,,,Linux-5.15.0-152-generic-x86_64-with-glibc2.35,3.14.2,3.1.0,4,AMD EPYC 9554 64-Core Processor,1,1 x NVIDIA RTX A5000,,,4,machine,N
Step #1281,2026-02-26T21:51:40,whisper,dd7fdf3d-1b5f-439d-9ecd-dc3f9ba3ae65,0.06592258997261524,3.6112558324400475e-08,5.467153810060537e-07,360.0,129.18744283133947,10.0,6.61421343684139e-06,2.3738907941606158e-06,1.8367684549757193e-07,9.171781076499144e-06,0.0,Canada,CAN,quebec,,,Linux-5.15.0-152-generic-x86_64-with-glibc2.35,3.14.2,3.1.0,4,AMD EPYC 9554 64-Core Processor,1,1 x NVIDIA RTX A5000,,,4,machine,N
Step #1282,2026-02-26T21:51:40,whisper,dd7fdf3d-1b5f-439d-9ecd-dc3f9ba3ae65,0.06662131659686565,3.9125502345451954e-08,5.864918202319619e-07,360.0,165.34572899700032,10.0,6.681995093823015e-06,3.069446904646611e-06,1.8555938473177169e-07,9.937001383200639e-06,0.0,Canada,CAN,quebec,,,Linux-5.15.0-152-generic-x86_64-with-glibc2.35,3.14.2,3.1.0,4,AMD EPYC 9554 64-Core Processor,1,1 x NVIDIA RTX A5000,,,4,machine,N
Step #1283,2026-02-26T21:51:40,whisper,dd7fdf3d-1b5f-439d-9ecd-dc3f9ba3ae65,0.07718375697731972,4.559550032424021e-08,5.898992991297904e-07,360.0,168.3684114284569,10.0,7.743250951170594e-06,3.621947328724673e-06,2.1503769482173482e-07,1.1580235974717815e-05,0.0,Canada,CAN,quebec,,,Linux-5.15.0-152-generic-x86_64-with-glibc2.35,3.14.2,3.1.0,4,AMD EPYC 9554 64-Core Processor,1,1 x NVIDIA RTX A5000,,,4,machine,N
Step #1284,2026-02-26T21:51:41,whisper,dd7fdf3d-1b5f-439d-9ecd-dc3f9ba3ae65,0.06676552072167397,4.444818267199319e-08,6.644887252799909e-07,360.0,232.9091047862554,10.0,6.740293838083944e-06,4.3613923992325e-06,1.8715674781965641e-07,1.128884298513648e-05,0.0,Canada,CAN,quebec,,,Linux-5.15.0-152-generic-x86_64-with-glibc2.35,3.14.2,3.1.0,4,AMD EPYC 9554 64-Core Processor,1,1 x NVIDIA RTX A5000,,,4,machine,N
Step #1285,2026-02-26T21:51:41,whisper,dd7fdf3d-1b5f-439d-9ecd-dc3f9ba3ae65,0.06721327640116215,2.7438304547155307e-08,4.077694169403482e-07,360.0,0.0,10.0,6.780421175063209e-06,0.0,1.8829370124472675e-07,6.968714876308749e-06,0.0,Canada,CAN,quebec,,,Linux-5.15.0-152-generic-x86_64-with-glibc2.35,3.14.2,3.1.0,4,AMD EPYC 9554 64-Core Processor,1,1 x NVIDIA RTX A5000,,,4,machine,N
Step #1286,2026-02-26T21:51:41,whisper,dd7fdf3d-1b5f-439d-9ecd-dc3f9ba3ae65,0.06933607161045074,2.791809141668416e-08,4.018815843453076e-07,360.0,0.0,10.0,6.898985616862405e-06,0.0,1.9158437951572382e-07,7.090569996377749e-06,0.0,Canada,CAN,quebec,,,Linux-5.15.0-152-generic-x86_64-with-glibc2.35,3.14.2,3.1.0,4,AMD EPYC 9554 64-Core Processor,1,1 x NVIDIA RTX A5000,,,4,machine,N
Step #1287,2026-02-26T21:51:41,whisper,dd7fdf3d-1b5f-439d-9ecd-dc3f9ba3ae65,0.07353703305125237,2.9809145940519705e-08,4.0495062724709844e-07,360.0,0.0,10.0,7.366288453341044e-06,0.0,2.0456704207590538e-07,7.570855495417708e-06,0.0,Canada,CAN,quebec,,,Linux-5.15.0-152-generic-x86_64-with-glibc2.35,3.14.2,3.1.0,4,AMD EPYC 9554 64-Core Processor,1,1 x NVIDIA RTX A5000,,,4,machine,N
Step #1288,2026-02-26T21:51:41,whisper,dd7fdf3d-1b5f-439d-9ecd-dc3f9ba3ae65,0.0665642786771059,4.110087917240829e-08,6.164799643020751e-07,360.0,192.68694930081753,10.0,6.678244844078585e-06,3.5750028501979614e-06,1.8545516456168e-07,1.0438702858838605e-05,0.0,Canada,CAN,quebec,,,Linux-5.15.0-152-generic-x86_64-with-glibc2.35,3.14.2,3.1.0,4,AMD EPYC 9554 64-Core Processor,1,1 x NVIDIA RTX A5000,,,4,machine,N
Step #1289,2026-02-26T21:51:41,whisper,dd7fdf3d-1b5f-439d-9ecd-dc3f9ba3ae65,0.06673131696879864,3.598943449717928e-08,5.384398702022695e-07,360.0,121.47257201757286,10.0,6.695139221846863e-06,2.2594462620872946e-06,1.8592489779825421e-07,9.1405103817329e-06,0.0,Canada,CAN,quebec,,,Linux-5.15.0-152-generic-x86_64-with-glibc2.35,3.14.2,3.1.0,4,AMD EPYC 9554 64-Core Processor,1,1 x NVIDIA RTX A5000,,,4,machine,N
Step #1290,2026-02-26T21:51:41,whisper,dd7fdf3d-1b5f-439d-9ecd-dc3f9ba3ae65,0.07458492740988731,4.151015621538305e-08,5.559249255886283e-07,360.0,139.89334543971927,10.0,7.4431654065853364e-06,2.892780088359359e-06,2.0670456708305265e-07,1.0542650062027314e-05,0.0,Canada,CAN,quebec,,,Linux-5.15.0-152-generic-x86_64-with-glibc2.35,3.14.2,3.1.0,4,AMD EPYC 9554 64-Core Processor,1,1 x NVIDIA RTX A5000,,,4,machine,N
Step #1291,2026-02-26T21:51:41,whisper,dd7fdf3d-1b5f-439d-9ecd-dc3f9ba3ae65,0.06856735236942768,4.1778211671368495e-08,6.081656123651126e-07,360.0,159.20949014666994,10.0,7.217786461115316e-06,3.1925025609780278e-06,2.0044112267593537e-07,1.0610730144768737e-05,0.0,Canada,CAN,quebec,,,Linux-5.15.0-152-generic-x86_64-with-glibc2.35,3.14.2,3.1.0,4,AMD EPYC 9554 64-Core Processor,1,1 x NVIDIA RTX A5000,,,4,machine,N
Step #1292,2026-02-26T21:51:41,whisper,dd7fdf3d-1b5f-439d-9ecd-dc3f9ba3ae65,0.06681356951594353,2.7344965451262828e-08,4.0847912698214256e-07,360.0,0.0,10.0,6.757358834147756e-06,0.0,1.8765000212522072e-07,6.945008836273248e-06,0.0,Canada,CAN,quebec,,,Linux-5.15.0-152-generic-x86_64-with-glibc2.35,3.14.2,3.1.0,4,AMD EPYC 9554 64-Core Processor,1,1 x NVIDIA RTX A5000,,,4,machine,N
Step #1293,2026-02-26T21:51:41,whisper,dd7fdf3d-1b5f-439d-9ecd-dc3f9ba3ae65,0.06904827803373337,2.8225974307883336e-08,4.0821673743239963e-07,360.0,0.0,10.0,6.9750646129254634e-06,0.0,1.9370074280433474e-07,7.168765355730286e-06,0.0,Canada,CAN,quebec,,,Linux-5.15.0-152-generic-x86_64-with-glibc2.35,3.14.2,3.1.0,4,AMD EPYC 9554 64-Core Processor,1,1 x NVIDIA RTX A5000,,,4,machine,N
Step #1294,2026-02-26T21:51:41,whisper,dd7fdf3d-1b5f-439d-9ecd-dc3f9ba3ae65,0.06957420334219933,3.976319297891801e-08,5.701755525462043e-07,360.0,150.71458011496148,10.0,6.981739774345602e-06,2.9233356713120884e-06,1.9388507741191713e-07,1.009896052306912e-05,0.0,Canada,CAN,quebec,,,Linux-5.15.0-152-generic-x86_64-with-glibc2.35,3.14.2,3.1.0,4,AMD EPYC 9554 64-Core Processor,1,1 x NVIDIA RTX A5000,,,4,machine,N
Step #1295,2026-02-26T21:51:41,whisper,dd7fdf3d-1b5f-439d-9ecd-dc3f9ba3ae65,0.07503381185233593,3.944314808105367e-08,5.24900399664423e-07,360.0,108.92433769154573,10.0,7.529949583112705e-06,2.2786129392216026e-06,2.0911376405919214e-07,1.0017676286394259e-05,0.0,Canada,CAN,quebec,,,Linux-5.15.0-152-generic-x86_64-with-glibc2.35,3.14.2,3.1.0,4,AMD EPYC 9554 64-Core Processor,1,1 x NVIDIA RTX A5000,,,4,machine,N
Step #1296,2026-02-26T21:51:42,whisper,dd7fdf3d-1b5f-439d-9ecd-dc3f9ba3ae65,0.06756214052438736,3.8986901286016545e-08,5.764638209336346e-07,360.0,157.3356691523932,10.0,6.759374961256767e-06,2.954724578785317e-06,1.877002780222188e-07,9.90179981806387e-06,0.0,Canada,CAN,quebec,,,Linux-5.15.0-152-generic-x86_64-with-glibc2.35,3.14.2,3.1.0,4,AMD EPYC 9554 64-Core Processor,1,1 x NVIDIA RTX A5000,,,4,machine,N
Step #1297,2026-02-26T21:51:42,whisper,dd7fdf3d-1b5f-439d-9ecd-dc3f9ba3ae65,0.0681468453258276,4.3893940646915646e-08,6.438242809715733e-07,360.0,218.37110184931285,10.0,6.8206226453183805e-06,4.1380588697848e-06,1.893964078691435e-07,1.1148077922972649e-05,0.0,Canada,CAN,quebec,,,Linux-5.15.0-152-generic-x86_64-with-glibc2.35,3.14.2,3.1.0,4,AMD EPYC 9554 64-Core Processor,1,1 x NVIDIA RTX A5000,,,4,machine,N
Step #1298,2026-02-26T21:51:42,whisper,dd7fdf3d-1b5f-439d-9ecd-dc3f9ba3ae65,0.06599741987884045,3.65078683269536e-08,5.514869291876182e-07,360.0,133.22322843148055,10.0,6.632982380688421e-06,2.455001961720882e-06,1.8419662180046243e-07,9.272180964210036e-06,0.0,Canada,CAN,quebec,,,Linux-5.15.0-152-generic-x86_64-with-glibc2.35,3.14.2,3.1.0,4,AMD EPYC 9554 64-Core Processor,1,1 x NVIDIA RTX A5000,,,4,machine,N
Step #1299,2026-02-26T21:51:42,whisper,dd7fdf3d-1b5f-439d-9ecd-dc3f9ba3ae65,0.0664617083966732,2.7109556764734022e-08,4.0745413122003615e-07,360.0,0.0,10.0,6.6991832107302085e-06,0.0,1.8603709112438973e-07,6.885220301854761e-06,0.0,Canada,CAN,quebec,,,Linux-5.15.0-152-generic-x86_64-with-glibc2.35,3.14.2,3.1.0,4,AMD EPYC 9554 64-Core Processor,1,1 x NVIDIA RTX A5000,,,4,machine,N
Step #1300,2026-02-26T21:51:42,whisper,dd7fdf3d-1b5f-439d-9ecd-dc3f9ba3ae65,0.06753434054553509,2.7663291055521843e-08,4.0910565952471046e-07,360.0,0.0,10.0,6.8360229954125135e-06,0.0,1.898334154652151e-07,7.025856410877024e-06,0.0,Canada,CAN,quebec,,,Linux-5.15.0-152-generic-x86_64-with-glibc2.35,3.14.2,3.1.0,4,AMD EPYC 9554 64-Core Processor,1,1 x NVIDIA RTX A5000,,,4,machine,N
Step #1301,2026-02-26T21:51:42,whisper,dd7fdf3d-1b5f-439d-9ecd-dc3f9ba3ae65,0.06949424371123314,3.905555325736524e-08,5.612163532056685e-07,360.0,142.06357868549998,10.0,6.973358616232592e-06,2.752224418145488e-06,1.936528469539088e-07,9.919235881332422e-06,0.0,Canada,CAN,quebec,,,Linux-5.15.0-152-generic-x86_64-with-glibc2.35,3.14.2,3.1.0,4,AMD EPYC 9554 64-Core Processor,1,1 x NVIDIA RTX A5000,,,4,machine,N
Step #1302,2026-02-26T21:51:42,whisper,dd7fdf3d-1b5f-439d-9ecd-dc3f9ba3ae65,0.07488550059497356,3.823496480405799e-08,5.09906809756922e-07,360.0,95.5360058981174,10.0,7.50923138111842e-06,1.993057153981681e-06,2.085362561047026e-07,9.7108247912054e-06,0.0,Canada,CAN,quebec,,,Linux-5.15.0-152-generic-x86_64-with-glibc2.35,3.14.2,3.1.0,4,AMD EPYC 9554 64-Core Processor,1,1 x NVIDIA RTX A5000,,,4,machine,N
Step #1303,2026-02-26T21:51:42,whisper,dd7fdf3d-1b5f-439d-9ecd-dc3f9ba3ae65,0.06712917611002922,3.804566083011297e-08,5.659513013625797e-07,360.0,147.2106996949175,10.0,6.725424714386016e-06,2.7505577548936344e-06,1.8676335199012666e-07,9.662745821269886e-06,0.0,Canada,CAN,quebec,,,Linux-5.15.0-152-generic-x86_64-with-glibc2.35,3.14.2,3.1.0,4,AMD EPYC 9554 64-Core Processor,1,1 x NVIDIA RTX A5000,,,4,machine,N
Step #1304,2026-02-26T21:51:42,whisper,dd7fdf3d-1b5f-439d-9ecd-dc3f9ba3ae65,0.0663430243730545,4.3143213643498986e-08,6.494527217902984e-07,360.0,223.1562553750704,10.0,6.649960391224077e-06,4.12278106409758e-06,1.846686212552827e-07,1.0957410076577537e-05,0.0,Canada,CAN,quebec,,,Linux-5.15.0-152-generic-x86_64-with-glibc2.35,3.14.2,3.1.0,4,AMD EPYC 9554 64-Core Processor,1,1 x NVIDIA RTX A5000,,,4,machine,N
Step #1305,2026-02-26T21:51:42,whisper,dd7fdf3d-1b5f-439d-9ecd-dc3f9ba3ae65,0.06718078441917896,2.7308134934944596e-08,4.0603368521050623e-07,360.0,0.0,10.0,6.748258881271452e-06,0.0,1.8739582867259054e-07,6.935654709943825e-06,0.0,Canada,CAN,quebec,,,Linux-5.15.0-152-generic-x86_64-with-glibc2.35,3.14.2,3.1.0,4,AMD EPYC 9554 64-Core Processor,1,1 x NVIDIA RTX A5000,,,4,machine,N
Step #1306,2026-02-26T21:51:42,whisper,dd7fdf3d-1b5f-439d-9ecd-dc3f9ba3ae65,0.06647905521094799,2.6980149653533993e-08,4.051840218015842e-07,360.0,0.0,10.0,6.667204014956102e-06,0.0,1.8514977871545747e-07,6.8523537936713425e-06,0.0,Canada,CAN,quebec,,,Linux-5.15.0-152-generic-x86_64-with-glibc2.35,3.14.2,3.1.0,4,AMD EPYC 9554 64-Core Processor,1,1 x NVIDIA RTX A5000,,,4,machine,N
Step #1307,2026-02-26T21:51:42,whisper,dd7fdf3d-1b5f-439d-9ecd-dc3f9ba3ae65,0.07011657021939754,4.054528224116681e-08,5.776372314531156e-07,360.0,157.38225085330245,10.0,7.0290623232719535e-06,3.0733357903045544e-06,1.951955672767629e-07,1.0297593680853867e-05,0.0,Canada,CAN,quebec,,,Linux-5.15.0-152-generic-x86_64-with-glibc2.35,3.14.2,3.1.0,4,AMD EPYC 9554 64-Core Processor,1,1 x NVIDIA RTX A5000,,,4,machine,N
Step #1308,2026-02-26T21:51:43,whisper,dd7fdf3d-1b5f-439d-9ecd-dc3f9ba3ae65,0.06716335564851761,3.504786858047346e-08,5.211529725030455e-07,360.0,105.71377779905652,10.0,6.735980883239984e-06,1.9783349074486978e-06,1.870579344944584e-07,8.90137372518314e-06,0.0,Canada,CAN,quebec,,,Linux-5.15.0-152-generic-x86_64-with-glibc2.35,3.14.2,3.1.0,4,AMD EPYC 9554 64-Core Processor,1,1 x NVIDIA RTX A5000,,,4,machine,N
Step #1309,2026-02-26T21:51:43,whisper,dd7fdf3d-1b5f-439d-9ecd-dc3f9ba3ae65,0.06672319024801254,4.160683101646172e-08,6.228159216399106e-07,360.0,198.84028582824237,10.0,6.687325052916887e-06,3.6941696350822895e-06,1.857086084783039e-07,1.0567203296478131e-05,0.0,Canada,CAN,quebec,,,Linux-5.15.0-152-generic-x86_64-with-glibc2.35,3.14.2,3.1.0,4,AMD EPYC 9554 64-Core Processor,1,1 x NVIDIA RTX A5000,,,4,machine,N
Step #1310,2026-02-26T21:51:43,whisper,dd7fdf3d-1b5f-439d-9ecd-dc3f9ba3ae65,0.06716378219425678,2.7226879796374574e-08,4.050542803589326e-07,360.0,0.0,10.0,6.728175655007149e-06,0.0,1.868420694437433e-07,6.915017724450079e-06,0.0,Canada,CAN,quebec,,,Linux-5.15.0-152-generic-x86_64-with-glibc2.35,3.14.2,3.1.0,4,AMD EPYC 9554 64-Core Processor,1,1 x NVIDIA RTX A5000,,,4,machine,N
Step #1311,2026-02-26T21:51:43,whisper,dd7fdf3d-1b5f-439d-9ecd-dc3f9ba3ae65,0.06962809525430202,2.8306696944527233e-08,4.0537903446157555e-07,360.0,0.0,10.0,6.995011121033873e-06,0.0,1.9425597662728333e-07,7.189267097661156e-06,0.0,Canada,CAN,quebec,,,Linux-5.15.0-152-generic-x86_64-with-glibc2.35,3.14.2,3.1.0,4,AMD EPYC 9554 64-Core Processor,1,1 x NVIDIA RTX A5000,,,4,machine,N
Step #1312,2026-02-26T21:51:43,whisper,dd7fdf3d-1b5f-439d-9ecd-dc3f9ba3ae65,0.07096494175493717,3.619916926529286e-08,5.096997742078949e-07,360.0,119.30560373935596,10.0,6.763995066284487e-06,2.2419462482048402e-06,1.8783700135019052e-07,9.193778315839951e-06,0.0,Canada,CAN,quebec,,,Linux-5.15.0-152-generic-x86_64-with-glibc2.35,3.14.2,3.1.0,4,AMD EPYC 9554 64-Core Processor,1,1 x NVIDIA RTX A5000,,,4,machine,N
Step #1313,2026-02-26T21:51:43,whisper,dd7fdf3d-1b5f-439d-9ecd-dc3f9ba3ae65,0.07110592164099216,3.247634365247917e-08,4.5625733045176506e-07,360.0,46.490919010539436,10.0,7.129443623125897e-06,9.208340685518124e-07,1.979862908936406e-07,8.248263982570808e-06,0.0,Canada,CAN,quebec,,,Linux-5.15.0-152-generic-x86_64-with-glibc2.35,3.14.2,3.1.0,4,AMD EPYC 9554 64-Core Processor,1,1 x NVIDIA RTX A5000,,,4,machine,N
Step #1314,2026-02-26T21:51:43,whisper,dd7fdf3d-1b5f-439d-9ecd-dc3f9ba3ae65,0.06818598881363869,4.1412418906278754e-08,6.06289557531876e-07,360.0,166.95018061469523,10.0,7.051446847617174e-06,3.27055816740085e-06,1.9582195931840607e-07,1.051782697433605e-05,0.0,Canada,CAN,quebec,,,Linux-5.15.0-152-generic-x86_64-with-glibc2.35,3.14.2,3.1.0,4,AMD EPYC 9554 64-Core Processor,1,1 x NVIDIA RTX A5000,,,4,machine,N
Step #1315,2026-02-26T21:51:43,whisper,dd7fdf3d-1b5f-439d-9ecd-dc3f9ba3ae65,0.06619973294436932,4.305561315437375e-08,6.495466890420194e-07,360.0,222.65233197414034,10.0,6.642096675932296e-06,4.108614405140543e-06,1.8445043307210428e-07,1.0935161514144184e-05,0.0,Canada,CAN,quebec,,,Linux-5.15.0-152-generic-x86_64-with-glibc2.35,3.14.2,3.1.0,4,AMD EPYC 9554 64-Core Processor,1,1 x NVIDIA RTX A5000,,,4,machine,N
Step #1316,2026-02-26T21:51:43,whisper,dd7fdf3d-1b5f-439d-9ecd-dc3f9ba3ae65,0.06963579542934895,2.812157818333935e-08,4.0341483326705884e-07,360.0,0.0,10.0,6.94926921278316e-06,0.0,1.9298186525700109e-07,7.142251078040215e-06,0.0,Canada,CAN,quebec,,,Linux-5.15.0-152-generic-x86_64-with-glibc2.35,3.14.2,3.1.0,4,AMD EPYC 9554 64-Core Processor,1,1 x NVIDIA RTX A5000,,,4,machine,N
Step #1317,2026-02-26T21:51:43,whisper,dd7fdf3d-1b5f-439d-9ecd-dc3f9ba3ae65,0.06944423355162144,2.840465339974392e-08,4.0856347668321345e-07,360.0,0.0,10.0,7.0192191749807176e-06,0.0,1.949266685794004e-07,7.21414584355963e-06,0.0,Canada,CAN,quebec,,,Linux-5.15.0-152-generic-x86_64-with-glibc2.35,3.14.2,3.1.0,4,AMD EPYC 9554 64-Core Processor,1,1 x NVIDIA RTX A5000,,,4,machine,N
Step #1318,2026-02-26T21:51:43,whisper,dd7fdf3d-1b5f-439d-9ecd-dc3f9ba3ae65,0.06670479103922844,3.622522057331528e-08,5.420299972636038e-07,360.0,122.8699316283978,10.0,6.719892658293286e-06,2.2938907306979672e-06,1.8661137566797475e-07,9.200394764659336e-06,0.0,Canada,CAN,quebec,,,Linux-5.15.0-152-generic-x86_64-with-glibc2.35,3.14.2,3.1.0,4,AMD EPYC 9554 64-Core Processor,1,1 x NVIDIA RTX A5000,,,4,machine,N
Step #1319,2026-02-26T21:51:43,whisper,dd7fdf3d-1b5f-439d-9ecd-dc3f9ba3ae65,0.0738103874027729,3.385407126107223e-08,4.5830932940088686e-07,360.0,51.64828396996456,10.0,7.340979017316646e-06,1.053334173661824e-06,2.0386275007493833e-07,8.598175941053679e-06,0.0,Canada,CAN,quebec,,,Linux-5.15.0-152-generic-x86_64-with-glibc2.35,3.14.2,3.1.0,4,AMD EPYC 9554 64-Core Processor,1,1 x NVIDIA RTX A5000,,,4,machine,N
Step #1320,2026-02-26T21:51:44,whisper,dd7fdf3d-1b5f-439d-9ecd-dc3f9ba3ae65,0.06675618886947632,4.0137918109773305e-08,6.010069188100759e-07,360.0,175.1272901197095,10.0,6.731905601919247e-06,3.2752803917901474e-06,1.869463206579042e-07,1.0194132314367624e-05,0.0,Canada,CAN,quebec,,,Linux-5.15.0-152-generic-x86_64-with-glibc2.35,3.14.2,3.1.0,4,AMD EPYC 9554 64-Core Processor,1,1 x NVIDIA RTX A5000,,,4,machine,N
Step #1321,2026-02-26T21:51:44,whisper,dd7fdf3d-1b5f-439d-9ecd-dc3f9ba3ae65,0.06767245195806026,4.437641962478088e-08,6.544274627169896e-07,360.0,223.03533219749468,10.0,6.841459125279947e-06,4.239170067421583e-06,1.899875855694154e-07,1.1270616778271542e-05,0.0,Canada,CAN,quebec,,,Linux-5.15.0-152-generic-x86_64-with-glibc2.35,3.14.2,3.1.0,4,AMD EPYC 9554 64-Core Processor,1,1 x NVIDIA RTX A5000,,,4,machine,N
Step #1322,2026-02-26T21:51:44,whisper,dd7fdf3d-1b5f-439d-9ecd-dc3f9ba3ae65,0.06927170045673847,2.818681505572135e-08,4.0614807030888365e-07,360.0,0.0,10.0,6.9653885439030505e-06,0.0,1.934312387472971e-07,7.158819782649914e-06,0.0,Canada,CAN,quebec,,,Linux-5.15.0-152-generic-x86_64-with-glibc2.35,3.14.2,3.1.0,4,AMD EPYC 9554 64-Core Processor,1,1 x NVIDIA RTX A5000,,,4,machine,N
Step #1323,2026-02-26T21:51:44,whisper,dd7fdf3d-1b5f-439d-9ecd-dc3f9ba3ae65,0.06683654896914959,2.717528985662302e-08,4.05797628222282e-07,360.0,0.0,10.0,6.715427711606603e-06,0.0,1.864873235010527e-07,6.9019150351068426e-06,0.0,Canada,CAN,quebec,,,Linux-5.15.0-152-generic-x86_64-with-glibc2.35,3.14.2,3.1.0,4,AMD EPYC 9554 64-Core Processor,1,1 x NVIDIA RTX A5000,,,4,machine,N
Step #1324,2026-02-26T21:51:44,whisper,dd7fdf3d-1b5f-439d-9ecd-dc3f9ba3ae65,0.06671969965100288,3.664230949908351e-08,5.487624084690257e-07,360.0,131.23944905735968,10.0,6.6837731748821405e-06,2.4369463886841913e-06,1.8560644756587027e-07,9.306326011131877e-06,0.0,Canada,CAN,quebec,,,Linux-5.15.0-152-generic-x86_64-with-glibc2.35,3.14.2,3.1.0,4,AMD EPYC 9554 64-Core Processor,1,1 x NVIDIA RTX A5000,,,4,machine,N
Step #1325,2026-02-26T21:51:44,whisper,dd7fdf3d-1b5f-439d-9ecd-dc3f9ba3ae65,0.07033449038863182,3.444686132343666e-08,4.887142709675217e-07,360.0,76.27972760727401,10.0,7.057194784283738e-06,1.4955567593233354e-06,1.9597979779870187e-07,8.748731341405233e-06,0.0,Canada,CAN,quebec,,,Linux-5.15.0-152-generic-x86_64-with-glibc2.35,3.14.2,3.1.0,4,AMD EPYC 9554 64-Core Processor,1,1 x NVIDIA RTX A5000,,,4,machine,N
Step #1326,2026-02-26T21:51:44,whisper,dd7fdf3d-1b5f-439d-9ecd-dc3f9ba3ae65,0.07102734223008156,3.9588591965420436e-08,5.569065007369746e-07,360.0,167.80143068612816,10.0,6.730214506388277e-06,3.137502503136602e-06,1.8689876629245658e-07,1.0054615775818149e-05,0.0,Canada,CAN,quebec,,,Linux-5.15.0-152-generic-x86_64-with-glibc2.35,3.14.2,3.1.0,4,AMD EPYC 9554 64-Core Processor,1,1 x NVIDIA RTX A5000,,,4,machine,N
Step #1327,2026-02-26T21:51:44,whisper,dd7fdf3d-1b5f-439d-9ecd-dc3f9ba3ae65,0.07162081822752953,4.000702797072751e-08,5.58428175457375e-07,360.0,132.86933038298332,10.0,7.273884303868328e-06,2.6850021441759964e-06,2.0200270228087252e-07,1.0160889150324925e-05,0.0,Canada,CAN,quebec,,,Linux-5.15.0-152-generic-x86_64-with-glibc2.35,3.14.2,3.1.0,4,AMD EPYC 9554 64-Core Processor,1,1 x NVIDIA RTX A5000,,,4,machine,N
Step #1328,2026-02-26T21:51:44,whisper,dd7fdf3d-1b5f-439d-9ecd-dc3f9ba3ae65,0.06968679465353489,3.7915208402857544e-08,5.431226020140515e-07,360.0,125.99021809248583,10.0,6.989131867885315e-06,2.446390851673641e-06,1.9409110666151336e-07,9.629613826219602e-06,0.0,Canada,CAN,quebec,,,Linux-5.15.0-152-generic-x86_64-with-glibc2.35,3.14.2,3.1.0,4,AMD EPYC 9554 64-Core Processor,1,1 x NVIDIA RTX A5000,,,4,machine,N
Step #1329,2026-02-26T21:51:44,whisper,dd7fdf3d-1b5f-439d-9ecd-dc3f9ba3ae65,0.06671857833862305,2.7067084262439342e-08,4.054665480722377e-07,360.0,0.0,10.0,6.688689067960163e-06,0.0,1.857441694786289e-07,6.874433237439442e-06,0.0,Canada,CAN,quebec,,,Linux-5.15.0-152-generic-x86_64-with-glibc2.35,3.14.2,3.1.0,4,AMD EPYC 9554 64-Core Processor,1,1 x NVIDIA RTX A5000,,,4,machine,N
Step #1330,2026-02-26T21:51:44,whisper,dd7fdf3d-1b5f-439d-9ecd-dc3f9ba3ae65,0.0672826450318098,3.653888039539582e-08,5.426335689064827e-07,360.0,128.80727983913488,10.0,6.697402335702901e-06,2.396668577375749e-06,1.8598642200233408e-07,9.280057335081526e-06,0.0,Canada,CAN,quebec,,,Linux-5.15.0-152-generic-x86_64-with-glibc2.35,3.14.2,3.1.0,4,AMD EPYC 9554 64-Core Processor,1,1 x NVIDIA RTX A5000,,,4,machine,N
Step #1331,2026-02-26T21:51:44,whisper,dd7fdf3d-1b5f-439d-9ecd-dc3f9ba3ae65,0.06725461594760418,3.360591879000694e-08,4.990510049730995e-07,360.0,88.04636599428544,10.0,6.708032451570312e-06,1.6408346397156492e-06,1.8628367947205824e-07,8.535150770757477e-06,0.0,Canada,CAN,quebec,,,Linux-5.15.0-152-generic-x86_64-with-glibc2.35,3.14.2,3.1.0,4,AMD EPYC 9554 64-Core Processor,1,1 x NVIDIA RTX A5000,,,4,machine,N
Step #1332,2026-02-26T21:51:45,whisper,dd7fdf3d-1b5f-439d-9ecd-dc3f9ba3ae65,0.07292442582547665,4.068755290468544e-08,5.575447884505727e-07,360.0,159.73783877713893,10.0,7.022324390709364e-06,3.1163913973841773e-06,1.950114551517489e-07,1.033372724324605e-05,0.0,Canada,CAN,quebec,,,Linux-5.15.0-152-generic-x86_64-with-glibc2.35,3.14.2,3.1.0,4,AMD EPYC 9554 64-Core Processor,1,1 x NVIDIA RTX A5000,,,4,machine,N
Step #1333,2026-02-26T21:51:45,whisper,dd7fdf3d-1b5f-439d-9ecd-dc3f9ba3ae65,0.07447028532624245,4.072846914926004e-08,5.464203884506839e-07,360.0,128.85740968342674,10.0,7.4645975604650805e-06,2.6722243404719848e-06,2.0729715211525784e-07,1.0344119053052811e-05,0.0,Canada,CAN,quebec,,,Linux-5.15.0-152-generic-x86_64-with-glibc2.35,3.14.2,3.1.0,4,AMD EPYC 9554 64-Core Processor,1,1 x NVIDIA RTX A5000,,,4,machine,N
Step #1334,2026-02-26T21:51:45,whisper,dd7fdf3d-1b5f-439d-9ecd-dc3f9ba3ae65,0.06880558654665947,2.8126570162107097e-08,4.0794872146087403e-07,360.0,0.0,10.0,6.950503587722229e-06,0.0,1.9301534112957418e-07,7.143518928852399e-06,0.0,Canada,CAN,quebec,,,Linux-5.15.0-152-generic-x86_64-with-glibc2.35,3.14.2,3.1.0,4,AMD EPYC 9554 64-Core Processor,1,1 x NVIDIA RTX A5000,,,4,machine,N
Step #1335,2026-02-26T21:51:45,whisper,dd7fdf3d-1b5f-439d-9ecd-dc3f9ba3ae65,0.07109987363219261,2.7337196737517065e-08,3.8415693080375936e-07,360.0,0.0,10.0,6.755439005792438e-06,0.0,1.8759675117003454e-07,6.9430357569622014e-06,0.0,Canada,CAN,quebec,,,Linux-5.15.0-152-generic-x86_64-with-glibc2.35,3.14.2,3.1.0,4,AMD EPYC 9554 64-Core Processor,1,1 x NVIDIA RTX A5000,,,4,machine,N
Step #1336,2026-02-26T21:51:45,whisper,dd7fdf3d-1b5f-439d-9ecd-dc3f9ba3ae65,0.06957760453224182,3.5292704031032014e-08,5.066203982766822e-07,360.0,95.62777838813638,10.0,6.929997913539265e-06,1.8411125921602434e-06,1.9244594085546457e-07,8.963556446554485e-06,0.0,Canada,CAN,quebec,,,Linux-5.15.0-152-generic-x86_64-with-glibc2.35,3.14.2,3.1.0,4,AMD EPYC 9554 64-Core Processor,1,1 x NVIDIA RTX A5000,,,4,machine,N
Step #1337,2026-02-26T21:51:45,whisper,dd7fdf3d-1b5f-439d-9ecd-dc3f9ba3ae65,0.06855868361890316,3.358177714006479e-08,4.89177044702818e-07,360.0,56.707799924574594,10.0,7.1955736726525554e-06,1.133612002490736e-06,1.9983365717859752e-07,8.529019332322377e-06,0.0,Canada,CAN,quebec,,,Linux-5.15.0-152-generic-x86_64-with-glibc2.35,3.14.2,3.1.0,4,AMD EPYC 9554 64-Core Processor,1,1 x NVIDIA RTX A5000,,,4,machine,N
Step #1338,2026-02-26T21:51:45,whisper,dd7fdf3d-1b5f-439d-9ecd-dc3f9ba3ae65,0.06855747103691101,4.182035955510306e-08,6.094697594524278e-07,360.0,182.3331219389796,10.0,6.9225266575816125e-06,3.5066694721308522e-06,1.922386336244042e-07,1.0621434763337032e-05,0.0,Canada,CAN,quebec,,,Linux-5.15.0-152-generic-x86_64-with-glibc2.35,3.14.2,3.1.0,4,AMD EPYC 9554 64-Core Processor,1,1 x NVIDIA RTX A5000,,,4,machine,N
Step #1339,2026-02-26T21:51:45,whisper,dd7fdf3d-1b5f-439d-9ecd-dc3f9ba3ae65,0.06659778021275997,4.297798267771468e-08,6.446052305246658e-07,360.0,218.42398884136054,10.0,6.677778065204351e-06,4.0522254636243815e-06,1.854415827741299e-07,1.091544511160232e-05,0.0,Canada,CAN,quebec,,,Linux-5.15.0-152-generic-x86_64-with-glibc2.35,3.14.2,3.1.0,4,AMD EPYC 9554 64-Core Processor,1,1 x NVIDIA RTX A5000,,,4,machine,N
Step #1340,2026-02-26T21:51:45,whisper,dd7fdf3d-1b5f-439d-9ecd-dc3f9ba3ae65,0.06661241874098778,2.70212370274953e-08,4.051396866238722e-07,360.0,0.0,10.0,6.677359901369195e-06,0.0,1.8542916513977206e-07,6.862789066508154e-06,0.0,Canada,CAN,quebec,,,Linux-5.15.0-152-generic-x86_64-with-glibc2.35,3.14.2,3.1.0,4,AMD EPYC 9554 64-Core Processor,1,1 x NVIDIA RTX A5000,,,4,machine,N
Step #1341,2026-02-26T21:51:45,whisper,dd7fdf3d-1b5f-439d-9ecd-dc3f9ba3ae65,0.06723186559975147,2.746354052141531e-08,4.079883895199464e-07,360.0,0.0,10.0,6.786658242344257e-06,0.0,1.8846600626903345e-07,6.975124248612477e-06,0.0,Canada,CAN,quebec,,,Linux-5.15.0-152-generic-x86_64-with-glibc2.35,3.14.2,3.1.0,4,AMD EPYC 9554 64-Core Processor,1,1 x NVIDIA RTX A5000,,,4,machine,N
Step #1342,2026-02-26T21:51:45,whisper,dd7fdf3d-1b5f-439d-9ecd-dc3f9ba3ae65,0.06660196930170059,3.8736868813466364e-08,5.808810003127213e-07,360.0,160.18748759585904,10.0,6.680013984442304e-06,2.9727801660328623e-06,1.855030190199775e-07,9.838297169495469e-06,0.0,Canada,CAN,quebec,,,Linux-5.15.0-152-generic-x86_64-with-glibc2.35,3.14.2,3.1.0,4,AMD EPYC 9554 64-Core Processor,1,1 x NVIDIA RTX A5000,,,4,machine,N
Step #1343,2026-02-26T21:51:45,whisper,dd7fdf3d-1b5f-439d-9ecd-dc3f9ba3ae65,0.06697849184274673,3.806342206529712e-08,5.674934522252748e-07,360.0,147.84370765200194,10.0,6.720351614057304e-06,2.7602799832493474e-06,1.8662517993814744e-07,9.667256777244962e-06,0.0,Canada,CAN,quebec,,,Linux-5.15.0-152-generic-x86_64-with-glibc2.35,3.14.2,3.1.0,4,AMD EPYC 9554 64-Core Processor,1,1 x NVIDIA RTX A5000,,,4,machine,N
Step #1344,2026-02-26T21:51:46,whisper,dd7fdf3d-1b5f-439d-9ecd-dc3f9ba3ae65,0.07033827342092991,3.949354013392276e-08,5.609313333484935e-07,360.0,165.56143764454822,10.0,6.7421335726968595e-06,3.101113591696958e-06,1.872275749014319e-07,1.00304747392959e-05,0.0,Canada,CAN,quebec,,,Linux-5.15.0-152-generic-x86_64-with-glibc2.35,3.14.2,3.1.0,4,AMD EPYC 9554 64-Core Processor,1,1 x NVIDIA RTX A5000,,,4,machine,N
Step #1345,2026-02-26T21:51:46,whisper,dd7fdf3d-1b5f-439d-9ecd-dc3f9ba3ae65,0.06697645224630833,3.95752787083617e-08,5.894211530875491e-07,360.0,154.27811979062204,10.0,6.901520118117108e-06,2.958057919499879e-06,1.9165646905698304e-07,1.0051234506673265e-05,0.0,Canada,CAN,quebec,,,Linux-5.15.0-152-generic-x86_64-with-glibc2.35,3.14.2,3.1.0,4,AMD EPYC 9554 64-Core Processor,1,1 x NVIDIA RTX A5000,,,4,machine,N
Step #1346,2026-02-26T21:51:46,whisper,dd7fdf3d-1b5f-439d-9ecd-dc3f9ba3ae65,0.06638701632618904,2.6935570795405203e-08,4.053287075232932e-07,360.0,0.0,10.0,6.656191498040365e-06,0.0,1.8484026400580542e-07,6.841031762046604e-06,0.0,Canada,CAN,quebec,,,Linux-5.15.0-152-generic-x86_64-with-glibc2.35,3.14.2,3.1.0,4,AMD EPYC 9554 64-Core Processor,1,1 x NVIDIA RTX A5000,,,4,machine,N
Step #1347,2026-02-26T21:51:46,whisper,dd7fdf3d-1b5f-439d-9ecd-dc3f9ba3ae65,0.06670382805168629,2.7115996515539114e-08,4.058676229911606e-07,360.0,0.0,10.0,6.700837425887424e-06,0.0,1.8601842845478124e-07,6.886855854341609e-06,0.0,Canada,CAN,quebec,,,Linux-5.15.0-152-generic-x86_64-with-glibc2.35,3.14.2,3.1.0,4,AMD EPYC 9554 64-Core Processor,1,1 x NVIDIA RTX A5000,,,4,machine,N
Step #1348,2026-02-26T21:51:46,whisper,dd7fdf3d-1b5f-439d-9ecd-dc3f9ba3ae65,0.06941807270050049,3.7736330206388836e-08,5.430050804412862e-07,360.0,144.69863090434603,10.0,6.703309342265609e-06,2.694724386742564e-06,1.8614904127189262e-07,9.584182770279795e-06,0.0,Canada,CAN,quebec,,,Linux-5.15.0-152-generic-x86_64-with-glibc2.35,3.14.2,3.1.0,4,AMD EPYC 9554 64-Core Processor,1,1 x NVIDIA RTX A5000,,,4,machine,N
Step #1349,2026-02-26T21:51:46,whisper,dd7fdf3d-1b5f-439d-9ecd-dc3f9ba3ae65,0.0702822357416153,4.03628189580367e-08,5.731258300952056e-07,360.0,139.3593183461396,10.0,7.245050743221598e-06,2.805002239369969e-06,2.0119911059738801e-07,1.0251252093189389e-05,0.0,Canada,CAN,quebec,,,Linux-5.15.0-152-generic-x86_64-with-glibc2.35,3.14.2,3.1.0,4,AMD EPYC 9554 64-Core Processor,1,1 x NVIDIA RTX A5000,,,4,machine,N
Step #1350,2026-02-26T21:51:46,whisper,dd7fdf3d-1b5f-439d-9ecd-dc3f9ba3ae65,0.06652229651808739,4.008035532977093e-08,6.01584135584153e-07,360.0,179.20799119267946,10.0,6.6722778603433425e-06,3.3219471049505955e-06,1.8528769206671526e-07,1.0179512657360057e-05,0.0,Canada,CAN,quebec,,,Linux-5.15.0-152-generic-x86_64-with-glibc2.35,3.14.2,3.1.0,4,AMD EPYC 9554 64-Core Processor,1,1 x NVIDIA RTX A5000,,,4,machine,N
Step #1351,2026-02-26T21:51:46,whisper,dd7fdf3d-1b5f-439d-9ecd-dc3f9ba3ae65,0.06678093038499355,4.2143262249662544e-08,6.299672994528133e-07,360.0,205.0230659153249,10.0,6.700694374740107e-06,3.816669718048615e-06,1.860807235869958e-07,1.0703444816375501e-05,0.0,Canada,CAN,quebec,,,Linux-5.15.0-152-generic-x86_64-with-glibc2.35,3.14.2,3.1.0,4,AMD EPYC 9554 64-Core Processor,1,1 x NVIDIA RTX A5000,,,4,machine,N
Step #1352,2026-02-26T21:51:46,whisper,dd7fdf3d-1b5f-439d-9ecd-dc3f9ba3ae65,0.07495293021202087,3.7921644571323133e-08,5.056114726621399e-07,360.0,122.38449476310343,10.0,7.041531614959684e-06,2.394168589603396e-06,1.9554826430974621e-07,9.631248468873477e-06,0.0,Canada,CAN,quebec,,,Linux-5.15.0-152-generic-x86_64-with-glibc2.35,3.14.2,3.1.0,4,AMD EPYC 9554 64-Core Processor,1,1 x NVIDIA RTX A5000,,,4,machine,N
Step #1353,2026-02-26T21:51:46,whisper,dd7fdf3d-1b5f-439d-9ecd-dc3f9ba3ae65,0.07492678053677082,3.039268746322623e-08,4.053506811267087e-07,360.0,0.0,10.0,7.510491274297787e-06,0.0,2.0857069951793917e-07,7.719061973816485e-06,0.0,Canada,CAN,quebec,,,Linux-5.15.0-152-generic-x86_64-with-glibc2.35,3.14.2,3.1.0,4,AMD EPYC 9554 64-Core Processor,1,1 x NVIDIA RTX A5000,,,4,machine,N
Step #1354,2026-02-26T21:51:46,whisper,dd7fdf3d-1b5f-439d-9ecd-dc3f9ba3ae65,0.06745346821844578,2.7368020814010074e-08,4.048093314014e-07,360.0,0.0,10.0,6.76305294036901e-06,0.0,1.878114417195524e-07,6.950864382088834e-06,0.0,Canada,CAN,quebec,,,Linux-5.15.0-152-generic-x86_64-with-glibc2.35,3.14.2,3.1.0,4,AMD EPYC 9554 64-Core Processor,1,1 x NVIDIA RTX A5000,,,4,machine,N
Step #1355,2026-02-26T21:51:46,whisper,dd7fdf3d-1b5f-439d-9ecd-dc3f9ba3ae65,0.06769313290715218,3.889744544089389e-08,5.739130186143426e-07,360.0,153.80344671997722,10.0,6.789421290159109e-06,2.9011134330403365e-06,1.885453135602906e-07,9.879080036759302e-06,0.0,Canada,CAN,quebec,,,Linux-5.15.0-152-generic-x86_64-with-glibc2.35,3.14.2,3.1.0,4,AMD EPYC 9554 64-Core Processor,1,1 x NVIDIA RTX A5000,,,4,machine,N
Step #1356,2026-02-26T21:51:47,whisper,dd7fdf3d-1b5f-439d-9ecd-dc3f9ba3ae65,0.07032357342541218,3.822217033249396e-08,5.42634225299751e-07,360.0,129.16356863618753,10.0,7.000931911169822e-06,2.512224241968397e-06,1.9441912882031936e-07,9.707575281958647e-06,0.0,Canada,CAN,quebec,,,Linux-5.15.0-152-generic-x86_64-with-glibc2.35,3.14.2,3.1.0,4,AMD EPYC 9554 64-Core Processor,1,1 x NVIDIA RTX A5000,,,4,machine,N
Step #1357,2026-02-26T21:51:47,whisper,dd7fdf3d-1b5f-439d-9ecd-dc3f9ba3ae65,0.0681669469922781,4.278205391012658e-08,6.265205386250179e-07,360.0,174.08636284531346,10.0,7.1890911087398035e-06,3.476947227909477e-06,1.9964525579577825e-07,1.086568359244533e-05,0.0,Canada,CAN,quebec,,,Linux-5.15.0-152-generic-x86_64-with-glibc2.35,3.14.2,3.1.0,4,AMD EPYC 9554 64-Core Processor,1,1 x NVIDIA RTX A5000,,,4,machine,N
Step #1358,2026-02-26T21:51:47,whisper,dd7fdf3d-1b5f-439d-9ecd-dc3f9ba3ae65,0.06691642291843891,4.432079626941936e-08,6.600421429126633e-07,360.0,227.52807094374546,10.0,6.781497038900464e-06,4.2866700908916755e-06,1.8832256189649666e-07,1.1256489691689395e-05,0.0,Canada,CAN,quebec,,,Linux-5.15.0-152-generic-x86_64-with-glibc2.35,3.14.2,3.1.0,4,AMD EPYC 9554 64-Core Processor,1,1 x NVIDIA RTX A5000,,,4,machine,N
Step #1359,2026-02-26T21:51:47,whisper,dd7fdf3d-1b5f-439d-9ecd-dc3f9ba3ae65,0.06726590543985367,2.7450374386735687e-08,4.082096352678073e-07,360.0,0.0,10.0,6.783404201269466e-06,0.0,1.8837614398865615e-07,6.97178034525861e-06,0.0,Canada,CAN,quebec,,,Linux-5.15.0-152-generic-x86_64-with-glibc2.35,3.14.2,3.1.0,4,AMD EPYC 9554 64-Core Processor,1,1 x NVIDIA RTX A5000,,,4,machine,N
Step #1360,2026-02-26T21:51:47,whisper,dd7fdf3d-1b5f-439d-9ecd-dc3f9ba3ae65,0.06921250000596046,2.8343871807609295e-08,4.091105068018563e-07,360.0,0.0,10.0,7.004198990762794e-06,0.0,1.945096895926337e-07,7.198708680355645e-06,0.0,Canada,CAN,quebec,,,Linux-5.15.0-152-generic-x86_64-with-glibc2.35,3.14.2,3.1.0,4,AMD EPYC 9554 64-Core Processor,1,1 x NVIDIA RTX A5000,,,4,machine,N
Step #1361,2026-02-26T21:51:47,whisper,dd7fdf3d-1b5f-439d-9ecd-dc3f9ba3ae65,0.0678405649960041,3.7453936942173215e-08,5.512608239704617e-07,360.0,133.26301115977563,10.0,6.804335489869404e-06,2.5191686745529296e-06,1.8895704092250975e-07,9.512461205344463e-06,0.0,Canada,CAN,quebec,,,Linux-5.15.0-152-generic-x86_64-with-glibc2.35,3.14.2,3.1.0,4,AMD EPYC 9554 64-Core Processor,1,1 x NVIDIA RTX A5000,,,4,machine,N
Step #1362,2026-02-26T21:51:47,whisper,dd7fdf3d-1b5f-439d-9ecd-dc3f9ba3ae65,0.06688049249351025,3.8226189119851706e-08,5.705308431375937e-07,360.0,150.9204002465936,10.0,6.709224358200996e-06,2.8130578186846833e-06,1.863137870613315e-07,9.708595963947228e-06,0.0,Canada,CAN,quebec,,,Linux-5.15.0-152-generic-x86_64-with-glibc2.35,3.14.2,3.1.0,4,AMD EPYC 9554 64-Core Processor,1,1 x NVIDIA RTX A5000,,,4,machine,N
Step #1363,2026-02-26T21:51:47,whisper,dd7fdf3d-1b5f-439d-9ecd-dc3f9ba3ae65,0.06707827374339104,4.013769073159842e-08,5.975419680574536e-07,360.0,176.24656526204774,10.0,6.718067638576339e-06,3.2894470791688946e-06,1.8655984765955213e-07,1.0194074565404027e-05,0.0,Canada,CAN,quebec,,,Linux-5.15.0-152-generic-x86_64-with-glibc2.35,3.14.2,3.1.0,4,AMD EPYC 9554 64-Core Processor,1,1 x NVIDIA RTX A5000,,,4,machine,N
Step #1364,2026-02-26T21:51:47,whisper,dd7fdf3d-1b5f-439d-9ecd-dc3f9ba3ae65,0.07132938504219055,3.593674171353052e-08,5.033808855872495e-07,360.0,116.75036523264119,10.0,6.750229932368096e-06,2.1894461923466224e-06,1.8745147002240808e-07,9.127127594736259e-06,0.0,Canada,CAN,quebec,,,Linux-5.15.0-152-generic-x86_64-with-glibc2.35,3.14.2,3.1.0,4,AMD EPYC 9554 64-Core Processor,1,1 x NVIDIA RTX A5000,,,4,machine,N
Step #1365,2026-02-26T21:51:47,whisper,dd7fdf3d-1b5f-439d-9ecd-dc3f9ba3ae65,0.06892620772123337,2.7681801257065303e-08,4.0136433094034466e-07,360.0,0.0,10.0,6.840596161782411e-06,0.0,1.8996142575307753e-07,7.030557587535055e-06,0.0,Canada,CAN,quebec,,,Linux-5.15.0-152-generic-x86_64-with-glibc2.35,3.14.2,3.1.0,4,AMD EPYC 9554 64-Core Processor,1,1 x NVIDIA RTX A5000,,,4,machine,N
Step #1366,2026-02-26T21:51:47,whisper,dd7fdf3d-1b5f-439d-9ecd-dc3f9ba3ae65,0.06835312023758888,2.852025186592062e-08,4.166463571918896e-07,360.0,0.0,10.0,7.047786563635014e-06,0.0,1.9571870151494824e-07,7.243505265149691e-06,0.0,Canada,CAN,quebec,,,Linux-5.15.0-152-generic-x86_64-with-glibc2.35,3.14.2,3.1.0,4,AMD EPYC 9554 64-Core Processor,1,1 x NVIDIA RTX A5000,,,4,machine,N
Step #1367,2026-02-26T21:51:47,whisper,dd7fdf3d-1b5f-439d-9ecd-dc3f9ba3ae65,0.06910428963601589,4.056214077570046e-08,5.854825813492952e-07,360.0,161.45431294707961,10.0,6.978090666234435e-06,3.130002497186979e-06,1.9378220765954145e-07,1.0301875371080196e-05,0.0,Canada,CAN,quebec,,,Linux-5.15.0-152-generic-x86_64-with-glibc2.35,3.14.2,3.1.0,4,AMD EPYC 9554 64-Core Processor,1,1 x NVIDIA RTX A5000,,,4,machine,N
Step #1368,2026-02-26T21:51:48,whisper,dd7fdf3d-1b5f-439d-9ecd-dc3f9ba3ae65,0.06818740628659725,4.09360332191008e-08,5.99484612961362e-07,360.0,177.39832204762448,10.0,6.837240047753365e-06,3.369724936419516e-06,1.8987069423827404e-07,1.039683567841121e-05,0.0,Canada,CAN,quebec,,,Linux-5.15.0-152-generic-x86_64-with-glibc2.35,3.14.2,3.1.0,4,AMD EPYC 9554 64-Core Processor,1,1 x NVIDIA RTX A5000,,,4,machine,N
Step #1369,2026-02-26T21:51:48,whisper,dd7fdf3d-1b5f-439d-9ecd-dc3f9ba3ae65,0.06709090434014797,4.111952757711459e-08,6.086537517547116e-07,360.0,186.43410029147478,10.0,6.756369024515929e-06,3.4994472315474923e-06,1.8762287994224898e-07,1.0443439136005941e-05,0.0,Canada,CAN,quebec,,,Linux-5.15.0-152-generic-x86_64-with-glibc2.35,3.14.2,3.1.0,4,AMD EPYC 9554 64-Core Processor,1,1 x NVIDIA RTX A5000,,,4,machine,N
Step #1370,2026-02-26T21:51:48,whisper,dd7fdf3d-1b5f-439d-9ecd-dc3f9ba3ae65,0.07161515951156616,3.659610479176664e-08,5.105380284071381e-07,360.0,100.60525319451556,10.0,7.109925150870777e-06,1.9872238112839113e-06,1.9744208806918078e-07,9.294591050224357e-06,0.0,Canada,CAN,quebec,,,Linux-5.15.0-152-generic-x86_64-with-glibc2.35,3.14.2,3.1.0,4,AMD EPYC 9554 64-Core Processor,1,1 x NVIDIA RTX A5000,,,4,machine,N
Step #1371,2026-02-26T21:51:48,whisper,dd7fdf3d-1b5f-439d-9ecd-dc3f9ba3ae65,0.07304526679217815,2.9614857447138212e-08,4.0500966640332544e-07,360.0,0.0,10.0,7.3182789608831206e-06,0.0,2.0323160828815585e-07,7.521510569171927e-06,0.0,Canada,CAN,quebec,,,Linux-5.15.0-152-generic-x86_64-with-glibc2.35,3.14.2,3.1.0,4,AMD EPYC 9554 64-Core Processor,1,1 x NVIDIA RTX A5000,,,4,machine,N
Step #1372,2026-02-26T21:51:48,whisper,dd7fdf3d-1b5f-439d-9ecd-dc3f9ba3ae65,0.07075171172618866,2.843475571908988e-08,4.014004146003661e-07,360.0,0.0,10.0,7.026660069823706e-06,0.0,1.9513108871050495e-07,7.221791158534482e-06,0.0,Canada,CAN,quebec,,,Linux-5.15.0-152-generic-x86_64-with-glibc2.35,3.14.2,3.1.0,4,AMD EPYC 9554 64-Core Processor,1,1 x NVIDIA RTX A5000,,,4,machine,N
Step #1373,2026-02-26T21:51:48,whisper,dd7fdf3d-1b5f-439d-9ecd-dc3f9ba3ae65,0.0736086443066597,2.983303447451325e-08,4.047421829994304e-07,360.0,0.0,10.0,7.372193410992364e-06,0.0,2.0472923707628293e-07,7.5769226480695145e-06,0.0,Canada,CAN,quebec,,,Linux-5.15.0-152-generic-x86_64-with-glibc2.35,3.14.2,3.1.0,4,AMD EPYC 9554 64-Core Processor,1,1 x NVIDIA RTX A5000,,,4,machine,N
Step #1374,2026-02-26T21:51:48,whisper,dd7fdf3d-1b5f-439d-9ecd-dc3f9ba3ae65,0.06923821941018105,4.05627332594787e-08,5.852588351914784e-07,360.0,161.0801439698483,10.0,6.983100622892299e-06,3.125002507431418e-06,1.939227183659644e-07,1.0302025848689736e-05,0.0,Canada,CAN,quebec,,,Linux-5.15.0-152-generic-x86_64-with-glibc2.35,3.14.2,3.1.0,4,AMD EPYC 9554 64-Core Processor,1,1 x NVIDIA RTX A5000,,,4,machine,N
Step #1375,2026-02-26T21:51:48,whisper,dd7fdf3d-1b5f-439d-9ecd-dc3f9ba3ae65,0.07080582901835442,3.8330560802975395e-08,5.407980501677209e-07,360.0,150.86348871834227,10.0,6.728257611393271e-06,2.820002237058361e-06,1.868441856155644e-07,9.735104034066383e-06,0.0,Canada,CAN,quebec,,,Linux-5.15.0-152-generic-x86_64-with-glibc2.35,3.14.2,3.1.0,4,AMD EPYC 9554 64-Core Processor,1,1 x NVIDIA RTX A5000,,,4,machine,N
